model,window,seed,best_epoch,stopped_epoch,stop_reason,n_patience_resets,reset_epochs,reset_deltas,min_reset_delta,last_improvement_epoch,plateau_mean_before_best,best_minus_plateau
branched_projection,5,42,10,20,patience,8,1;2;3;4;5;6;7;10,2:0.05747;3:0.01081;4:0.00338;5:0.01739;6:0.01881;7:0.02287;10:0.02451,0.003375357847468563,10,0.6448153062554248,0.06965855893194561
branched_projection,5,43,10,20,patience,9,1;2;3;4;5;6;7;8;10,2:0.03605;3:0.01286;4:0.01389;5:0.01653;6:0.00741;7:0.02386;8:0.00192;10:0.01376,0.0019196115929240865,10,0.6602536682535759,0.0549813414167708
branched_projection,5,44,10,20,patience,9,1;2;4;5;6;7;8;9;10,2:0.06079;4:0.00656;5:0.02331;6:0.01962;7:0.01520;8:0.03142;9:0.00211;10:0.01298,0.0021051503611634326,10,0.636005855747628,0.0802336155455814
branched_projection,5,45,10,20,patience,8,1;2;3;4;5;7;9;10,2:0.03772;3:0.00274;4:0.02197;5:0.02237;7:0.02188;9:0.00869;10:0.01462,0.0027411275912514466,10,0.6419759306477283,0.06017318812656136
branched_projection,5,46,12,22,patience,9,1;2;3;5;6;7;8;10;12,2:0.01883;3:0.02316;5:0.00053;6:0.03598;7:0.00337;8:0.01022;10:0.01307;12:0.00327,0.000532646748254817,12,0.6497475413810766,0.04640941245538199
branched_projection,10,42,13,23,patience,9,1;2;3;4;6;7;8;10;13,2:0.06225;3:0.01377;4:0.00652;6:0.01656;7:0.02490;8:0.00715;10:0.00820;13:0.00943,0.006519017220670276,13,0.6549502913694786,0.05249058427298248
branched_projection,10,43,11,21,patience,5,1;2;3;10;11,2:0.05602;3:0.03890;10:0.01550;11:0.01113,0.011125193994527938,11,0.6582224840786001,0.04666735223038565
branched_projection,10,44,10,20,patience,10,1;2;3;4;5;6;7;8;9;10,2:0.06564;3:0.02131;4:0.00518;5:0.00907;6:0.02124;7:0.00129;8:0.01756;9:0.00188;10:0.02675,0.0012875515111960834,10,0.6359133873713161,0.07252410253224162
branched_projection,10,45,16,26,patience,7,1;2;3;4;7;10;16,2:0.05546;3:0.01369;4:0.01129;7:0.03132;10:0.02058;16:0.00391,0.003906915074942785,16,0.6584827817231745,0.041748800285474785
branched_projection,10,46,12,22,patience,7,1;2;3;7;8;10;12,2:0.04157;3:0.03759;7:0.01917;8:0.01305;10:0.00908;12:0.00461,0.004612556524175138,12,0.65199266566128,0.04608987384864649
branched_projection,20,42,26,36,patience,14,1;2;3;4;6;7;8;10;13;14;18;23;24;26,2:0.06791;3:0.02483;4:0.01145;6:0.00054;7:0.00315;8:0.00248;10:0.01091;13:0.00011;14:0.00875;18:0.00416;23:0.00155;24:0.00411;26:0.00515,0.0001110056767378298,26,0.6513145808359119,0.03260721196282346
branched_projection,20,43,4,14,patience,4,1;2;3;4,2:0.05602;3:0.03676;4:0.02133,0.021332681049558988,4,0.6106181633978445,0.06451656646486448
branched_projection,20,44,15,25,patience,10,1;2;3;4;6;8;10;11;13;15,2:0.06848;3:0.02908;4:0.02430;6:0.00417;8:0.01230;10:0.00268;11:0.00340;13:0.00263;15:0.00386,0.0026267931095977914,15,0.6372312210736747,0.03491519008577981
branched_projection,20,45,18,28,patience,8,1;2;3;4;5;11;16;18,2:0.05706;3:0.04525;4:0.00414;5:0.00688;11:0.00870;16:0.00778;18:0.01701,0.0041428920049574325,18,0.6436754740400977,0.04555956025448915
branched_projection,20,46,15,25,patience,8,1;2;3;4;9;12;14;15,2:0.04909;3:0.03006;4:0.01402;9:0.00699;12:0.00095;14:0.00498;15:0.01406,0.0009522538068483799,15,0.6285709843039001,0.03833942243762056
paired_delta,5,42,19,29,patience,12,1;2;3;5;6;7;8;9;10;13;17;19,2:0.04041;3:0.02249;5:0.01314;6:0.03822;7:0.00657;8:0.00808;9:0.00042;10:0.00573;13:0.01335;17:0.00152;19:0.00052,0.00042212079122716517,19,0.6608278352162018,0.04115425550395324
paired_delta,5,43,20,30,patience,10,1;2;3;4;5;6;7;10;18;20,2:0.01458;3:0.00640;4:0.03606;5:0.02426;6:0.00057;7:0.03316;10:0.00334;18:0.00166;20:0.00235,0.0005675662014298366,20,0.6633765701598061,0.03348447792868714
paired_delta,5,44,18,28,patience,10,1;2;4;5;6;7;8;9;10;18,2:0.04680;4:0.00719;5:0.03087;6:0.03237;7:0.00508;8:0.02231;9:0.00250;10:0.02184;18:0.00015,0.00014531449535304386,18,0.6533894120889355,0.05021175686437929
paired_delta,5,45,22,32,patience,13,1;2;3;4;5;7;10;11;12;16;18;20;22,2:0.02012;3:0.01323;4:0.02435;5:0.02517;7:0.01644;10:0.00389;11:0.01849;12:0.00090;16:0.00095;18:0.00005;20:0.00318;22:0.00117,4.670050919763913e-05,22,0.6580468445549521,0.036779379470459506
paired_delta,5,46,22,32,patience,12,1;2;3;5;6;11;12;13;14;15;20;22,2:0.00599;3:0.03468;5:0.00904;6:0.03672;11:0.01096;12:0.00022;13:0.00071;14:0.00111;15:0.00277;20:0.00141;22:0.00015,0.0001451949473028069,22,0.6610542197499203,0.027846781491302375
paired_delta,10,42,24,34,patience,12,1;2;3;4;6;7;8;10;12;13;19;24,2:0.05585;3:0.01760;4:0.00937;6:0.01034;7:0.02499;8:0.00754;10:0.00960;12:0.00631;13:0.01079;19:0.00213;24:0.00042,0.0004178364882653218,24,0.6723186712945496,0.03653713767305489
paired_delta,10,43,16,26,patience,9,1;2;3;7;9;10;12;14;16,2:0.04064;3:0.04294;7:0.00089;9:0.00860;10:0.01892;12:0.01306;14:0.00197;16:0.00248,0.0008921187949471054,16,0.6671234669416088,0.04028252272974697
paired_delta,10,44,15,25,patience,12,1;2;3;4;5;6;7;8;10;11;13;15,2:0.05544;3:0.01431;4:0.01405;5:0.01039;6:0.02976;7:0.00854;8:0.01650;10:0.00784;11:0.00714;13:0.01089;15:0.01500,0.007135387639070956,15,0.6515730659723306,0.07115153809428387
paired_delta,10,45,18,28,patience,9,1;2;3;4;5;7;11;16;18,2:0.04692;3:0.01592;4:0.00867;5:0.00907;7:0.03210;11:0.01546;16:0.00826;18:0.00233,0.0023307681265495317,18,0.6527933215759891,0.04504880504518638
paired_delta,10,46,15,25,patience,10,1;2;3;6;7;8;11;13;14;15,2:0.03657;3:0.02857;6:0.02022;7:0.00998;8:0.01319;11:0.00707;13:0.00632;14:0.00262;15:0.00202,0.0020238177535654156,15,0.6519003260518034,0.04315547028466826
paired_delta,20,42,24,34,patience,13,1;2;3;4;7;8;13;14;16;17;18;19;24,2:0.06384;3:0.02924;4:0.00749;7:0.00354;8:0.02148;13:0.01239;14:0.00218;16:0.01350;17:0.00603;18:0.00418;19:0.00222;24:0.00213,0.0021344732692765156,24,0.6539632967763583,0.04703261513832235
paired_delta,20,43,4,14,patience,4,1;2;3;4,2:0.05310;3:0.03306;4:0.01933,0.019334185046505303,4,0.6035285157511171,0.05907418363319905
paired_delta,20,44,17,27,patience,13,1;2;3;4;6;7;8;10;11;13;15;16;17,2:0.06578;3:0.02292;4:0.01845;6:0.01114;7:0.00201;8:0.01868;10:0.01150;11:0.00201;13:0.01444;15:0.01035;16:0.00049;17:0.00802,0.0004895551157858558,17,0.6397221984351384,0.06134738959706154
paired_delta,20,45,18,28,patience,9,1;2;3;7;8;11;16;17;18,2:0.05428;3:0.04064;7:0.00376;8:0.00750;11:0.00975;16:0.00569;17:0.00218;18:0.02142,0.0021825985444547946,18,0.6301173285158624,0.05190957537947549
paired_delta,20,46,15,25,patience,8,1;2;3;4;8;11;12;15,2:0.03772;3:0.03508;4:0.00864;8:0.00478;11:0.02559;12:0.01037;15:0.00820,0.0047821816463350375,15,0.6242931190593028,0.05243934897889602
unified_reference_delta,5,42,13,23,patience,9,1;2;4;5;6;7;9;10;13,2:0.03738;4:0.03349;5:0.02058;6:0.00653;7:0.00116;9:0.01762;10:0.00035;13:0.03471,0.0003533149288227344,13,0.6649961555992405,0.0713899132598198
unified_reference_delta,5,43,35,45,patience,14,1;2;3;5;7;8;9;14;17;18;20;24;26;35,2:0.04491;3:0.04765;5:0.01402;7:0.00094;8:0.02481;9:0.00314;14:0.00838;17:0.00423;18:0.00559;20:0.00203;24:0.00332;26:0.00472;35:0.00034,0.0003417331305791693,35,0.710941578176046,0.03548108300323127
unified_reference_delta,5,44,32,42,patience,11,1;2;3;4;8;9;10;12;21;27;32,2:0.03746;3:0.04526;4:0.01153;8:0.01276;9:0.00058;10:0.01035;12:0.01077;21:0.00529;27:0.01624;32:0.00695,0.0005752596341357386,32,0.6918953411862823,0.05140140677476235
unified_reference_delta,5,45,44,54,patience,15,1;2;3;4;5;7;9;10;16;18;21;22;29;39;44,2:0.02609;3:0.02580;4:0.01849;5:0.02540;7:0.00392;9:0.01274;10:0.01411;16:0.01122;18:0.00578;21:0.00767;22:0.00098;29:0.00714;39:0.00142;44:0.00210,0.0009779256276426507,44,0.711627654141702,0.03678881868474204
unified_reference_delta,5,46,11,21,patience,9,1;2;3;4;5;7;8;10;11,2:0.04581;3:0.03193;4:0.00915;5:0.02255;7:0.02288;8:0.01141;10:0.00263;11:0.01525,0.0026310026705748113,11,0.6742984635598852,0.06396165646147112
unified_reference_delta,10,42,55,65,patience,18,1;2;3;4;5;9;14;15;18;19;24;25;32;35;36;45;53;55,2:0.04618;3:0.01931;4:0.04681;5:0.00782;9:0.00455;14:0.00155;15:0.00181;18:0.00893;19:0.00333;24:0.01128;25:0.01004;32:0.00246;35:0.00203;36:0.00614;45:0.00364;53:0.00018;55:0.01182,0.00017908936979305068,55,0.7156171050001713,0.050396710426325764
unified_reference_delta,10,43,23,33,patience,10,1;2;3;5;9;10;13;14;17;23,2:0.05423;3:0.04848;5:0.00131;9:0.00189;10:0.00750;13:0.00489;14:0.01520;17:0.01980;23:0.01103,0.00131081663658561,23,0.6854779104514166,0.0528269176478362
unified_reference_delta,10,44,52,62,patience,17,1;2;3;4;5;8;12;17;18;25;28;31;32;34;43;50;52,2:0.04807;3:0.03589;4:0.01044;5:0.01073;8:0.01314;12:0.00662;17:0.01075;18:0.00645;25:0.01124;28:0.00010;31:0.00780;32:0.00074;34:0.01249;43:0.00126;50:0.00014;52:0.01699,0.0001045555252703334,52,0.7069680827739014,0.05938794802374325
unified_reference_delta,10,45,56,66,patience,20,1;2;3;4;5;6;7;10;12;17;21;25;28;30;36;37;39;44;51;56,2:0.01984;3:0.05011;4:0.01460;5:0.00097;6:0.01929;7:0.00724;10:0.00821;12:0.00006;17:0.00576;21:0.01346;25:0.00766;28:0.00275;30:0.00333;36:0.00180;37:0.00075;39:0.00073;44:0.01613;51:0.00031;56:0.00230,6.302877594377421e-05,56,0.716897787390333,0.0467187947489347
unified_reference_delta,10,46,32,42,patience,16,1;2;3;4;5;6;7;8;11;12;14;23;24;27;30;32,2:0.04838;3:0.04273;4:0.00007;5:0.02062;6:0.00796;7:0.00178;8:0.01138;11:0.01085;12:0.00532;14:0.01165;23:0.00490;24:0.00794;27:0.00813;30:0.00149;32:0.00897,7.0091687269902e-05,32,0.7004440448968257,0.05451471465053659
unified_reference_delta,20,42,9,19,patience,7,1;2;3;4;5;8;9,2:0.03564;3:0.01816;4:0.00783;5:0.03827;8:0.00461;9:0.01959,0.004608936215502846,9,0.6367858954646072,0.058943177120247325
unified_reference_delta,20,43,23,33,patience,8,1;2;3;5;6;9;17;23,2:0.03604;3:0.05538;5:0.00429;6:0.01573;9:0.02521;17:0.00035;23:0.00432,0.00035243538337326186,23,0.67376945710768,0.033257911817287544
unified_reference_delta,20,44,85,95,patience,21,1;2;3;4;7;8;12;18;25;29;34;42;52;57;61;64;65;70;79;82;85,2:0.04581;3:0.01942;4:0.03407;7:0.00509;8:0.01308;12:0.00313;18:0.00467;25:0.01408;29:0.00106;34:0.01176;42:0.00205;52:0.01267;57:0.00485;61:0.00222;64:0.00128;65:0.00623;70:0.00437;79:0.00008;82:0.00843;85:0.00208,8.293858543939603e-05,85,0.7040961657979038,0.061797346634111405
unified_reference_delta,20,45,9,19,patience,8,1;2;3;4;5;6;7;9,2:0.00366;3:0.02751;4:0.03318;5:0.00160;6:0.00845;7:0.01989;9:0.00908,0.0015964385464428688,9,0.6383016961715429,0.05356642313653115
unified_reference_delta,20,46,14,24,patience,8,1;2;3;4;5;7;13;14,2:0.04298;3:0.01325;4:0.03542;5:0.00711;7:0.01920;13:0.01879;14:0.01699,0.0071118411155617345,14,0.647126133761724,0.06547226377585935
