model,window,seed,val_subset_at_ep10,val_spearman_at_ep10,val_subset_at_ep20,val_spearman_at_ep20,val_subset_at_ep30,val_spearman_at_ep30,val_subset_at_ep40,val_spearman_at_ep40,val_subset_at_ep60,val_spearman_at_ep60,val_subset_at_ep80,val_spearman_at_ep80
branched_projection,5,42,0.7144738651873704,0.6169761860811486,0.699646280812796,0.5818904673055099,,,,,,,,
branched_projection,5,43,0.7152350096703467,0.6205677414031352,0.6898540725156569,0.5837441462894036,,,,,,,,
branched_projection,5,44,0.7162394712932094,0.6153178517640232,0.6788419460456859,0.5817601650517948,,,,,,,,
branched_projection,5,45,0.7021491187742896,0.6043240754665925,0.688625848698293,0.5692156468151165,,,,,,,,
branched_projection,5,46,0.692888522769342,0.6015856222435674,0.6871222681778391,0.5847697171590476,,,,,,,,
branched_projection,10,42,0.6980099482987765,0.6279250326535989,0.6883766865868355,0.5857694914390754,,,,,,,,
branched_projection,10,43,0.6937646423144578,0.6191569812239511,0.6901735413871949,0.5892563600087097,,,,,,,,
branched_projection,10,44,0.7084374899035577,0.6128399133805795,0.6756289318314774,0.5866493694337068,,,,,,,,
branched_projection,10,45,0.6963246669337065,0.6068653288698139,0.6826491731328912,0.5795216522023955,,,,,,,,
branched_projection,10,46,0.6934699829857514,0.5998469426829509,0.6741937410123124,0.5817030960996921,,,,,,,,
branched_projection,20,42,0.6600807501150803,0.623164551898649,0.6601049302182334,0.5941080631494959,0.6731152846055256,0.5854796150037307,,,,,,
branched_projection,20,43,0.65851092547102,0.6192602578205127,,,,,,,,,,
branched_projection,20,44,0.6622614137644489,0.6139227645517257,0.6628592219599161,0.6086500774824208,,,,,,,,
branched_projection,20,45,0.6492707105272595,0.5896220532855933,0.6813149699684072,0.6070364503809561,,,,,,,,
branched_projection,20,46,0.6291681124040829,0.5974505220128626,0.6607246462746796,0.6060963086934458,,,,,,,,
paired_delta,5,42,0.6865951225787958,0.6038632529911309,0.6938910122445909,0.5737608727279564,,,,,,,,
paired_delta,5,43,0.6928557863450268,0.614714754484018,0.6968610480884933,0.5838247845191438,0.6690066788936252,0.5603912296696351,,,,,,
paired_delta,5,44,0.7034558544579618,0.6065405283814386,0.6970978478253407,0.5862992663749916,,,,,,,,
paired_delta,5,45,0.670096306753545,0.5963123382958142,0.6936610186929371,0.5719562936787764,0.6689208546996869,0.5715740787498743,,,,,,
paired_delta,5,46,0.6711331570956414,0.6018193265826098,0.6887558062939199,0.5781995329900645,0.6839350254816674,0.5679454436336093,,,,,,
paired_delta,10,42,0.6892030428242362,0.621580167035667,0.6979534709642615,0.578955798238159,0.6778426805649523,0.5644735789185962,,,,,,
paired_delta,10,43,0.6898923622143426,0.6136300775630312,0.6979506561770095,0.5838671312656736,,,,,,,,
paired_delta,10,44,0.6896962814059884,0.613575131254818,0.6881018917329425,0.5852812923499086,,,,,,,,
paired_delta,10,45,0.6694079026361821,0.5970844999271386,0.6767294396911614,0.57480913330806,,,,,,,,
paired_delta,10,46,0.6622192109710702,0.6007572508924415,0.6863313320953459,0.577857892458339,,,,,,,,
paired_delta,20,42,0.6514194872420096,0.6200854527437957,0.6919848168613196,0.5935593020323369,0.6936127935302893,0.5799249126492345,,,,,,
paired_delta,20,43,0.6448803555302842,0.617774232565145,,,,,,,,,,
paired_delta,20,44,0.6657523279907125,0.6084146006621081,0.6801441037098183,0.5960370628935999,,,,,,,,
paired_delta,20,45,0.6354516705295881,0.5884223249460326,0.6692239336540635,0.59138498307951,,,,,,,,
paired_delta,20,46,0.6283133394758376,0.5993029724767283,0.6740405030730361,0.5913179632038298,,,,,,,,
unified_reference_delta,5,42,0.7016719672466204,0.6533081936885249,0.7166002929436632,0.6413347443447822,,,,,,,,
unified_reference_delta,5,43,0.7135994764020577,0.6400433540638346,0.7380463800610368,0.6511049242971023,0.7376207561276771,0.6547057354985526,0.7389404407265847,0.6563987203387093,,,,
unified_reference_delta,5,44,0.7040449417948956,0.632673090062086,0.68585064592557,0.6004346856929245,0.6933330875535193,0.6018864327320044,0.7175947724000551,0.6222391700004647,,,,
unified_reference_delta,5,45,0.7121014459189846,0.6528393394421748,0.722048966220591,0.6485779375330043,0.7174294509615373,0.6197945971452423,0.7407113830002651,0.6575384980345551,,,,
unified_reference_delta,5,46,0.7230135053977556,0.6220145790266595,0.7322479242447055,0.6538263137194208,,,,,,,,
unified_reference_delta,10,42,0.7000147812684328,0.6590931426194239,0.7053329098182561,0.6333782678694848,0.7385174779235588,0.6553750243456338,0.7360688072411485,0.6686257192980717,0.7531312042517846,0.6643030919969303,,
unified_reference_delta,10,43,0.6873886535400344,0.6359853805472161,0.7162606955517574,0.6172679057376514,0.7295138621700659,0.6568583818211682,,,,,,
unified_reference_delta,10,44,0.6901091980892837,0.6240355001268346,0.6919929770460231,0.6254084761950044,0.7122947665975751,0.639189887463845,0.7439718375991686,0.6805137575024469,0.7428823984440003,0.6557953056080538,,
unified_reference_delta,10,45,0.7085738863405344,0.6512260783530698,0.7117672744271033,0.6477864641834622,0.741593564380749,0.6740243391745805,0.7387096363561722,0.6705605456163289,0.7411822286752239,0.6648822306762184,,
unified_reference_delta,10,46,0.695587752771271,0.6557964845626747,0.7214641408167064,0.6437690664960934,0.7459859355355686,0.6670236743649739,0.7195547901857299,0.5857768094239126,,,,
unified_reference_delta,20,42,0.6822232480570082,0.6555104836066297,,,,,,,,,,
unified_reference_delta,20,43,0.6914291531191039,0.652384422619217,0.6891539634316288,0.6412957144226314,0.6977027492911541,0.6558269200710427,,,,,,
unified_reference_delta,20,44,0.6715354203273042,0.6326414669865007,0.651297441525343,0.6067076000023249,0.6720073586396664,0.641752885517979,0.7182205311620726,0.6742004589384013,0.738631775516331,0.6646480580130572,0.7399908764708163,0.6458989559137243
unified_reference_delta,20,45,0.6818888062284509,0.6565156472792986,,,,,,,,,,
unified_reference_delta,20,46,0.6459968176049937,0.6156181152622106,0.665167588356182,0.5992289888177277,,,,,,,,
