model,window,n_seeds,total_train_seconds_sum,best_epoch_n_valid,best_epoch_mean,best_epoch_sd,best_epoch_median,best_epoch_iqr_lo,best_epoch_iqr_hi,best_epoch_min,best_epoch_max,stopped_epoch_n_valid,stopped_epoch_mean,stopped_epoch_sd,stopped_epoch_median,stopped_epoch_iqr_lo,stopped_epoch_iqr_hi,stopped_epoch_min,stopped_epoch_max,median_seconds_per_epoch_n_valid,median_seconds_per_epoch_mean,median_seconds_per_epoch_sd,median_seconds_per_epoch_median,median_seconds_per_epoch_iqr_lo,median_seconds_per_epoch_iqr_hi,median_seconds_per_epoch_min,median_seconds_per_epoch_max,val_spearman_best_n_valid,val_spearman_best_mean,val_spearman_best_sd,val_spearman_best_median,val_spearman_best_ci95_lo,val_spearman_best_ci95_hi,val_subset_best_n_valid,val_subset_best_mean,val_subset_best_sd,val_subset_best_median,val_subset_best_ci95_lo,val_subset_best_ci95_hi,test_spearman_n_valid,test_spearman_mean,test_spearman_sd,test_spearman_median,test_spearman_ci95_lo,test_spearman_ci95_hi,test_pearson_n_valid,test_pearson_mean,test_pearson_sd,test_pearson_median,test_pearson_ci95_lo,test_pearson_ci95_hi,test_rmse_n_valid,test_rmse_mean,test_rmse_sd,test_rmse_median,test_rmse_ci95_lo,test_rmse_ci95_hi,test_subset_n_valid,test_subset_mean,test_subset_sd,test_subset_median,test_subset_ci95_lo,test_subset_ci95_hi,test_missense_n_valid,test_missense_mean,test_missense_sd,test_missense_median,test_missense_ci95_lo,test_missense_ci95_hi,test_synonymous_n_valid,test_synonymous_mean,test_synonymous_sd,test_synonymous_median,test_synonymous_ci95_lo,test_synonymous_ci95_hi,test_indel_n_valid,test_indel_mean,test_indel_sd,test_indel_median,test_indel_ci95_lo,test_indel_ci95_hi
branched_projection,5,5,1101.2000000000003,5,10.4,0.8944271909999159,10.0,10.0,10.0,10.0,12.0,5,20.4,0.8944271909999159,20.0,20.0,20.0,20.0,22.0,5,10.81,0.07416198487095714,10.8,10.8,10.850000000000001,10.7,10.9,5,0.6122835313763648,0.007550488821968604,0.6153178517640232,0.6064859214062116,0.6180811413465181,5,0.7088508837523348,0.009124359160169604,0.7144738651873704,0.7011709979908025,0.7154845654228965,5,0.5351648478377434,0.017149510824486566,0.5453939530821538,0.520766137198641,0.5473124043938747,5,0.6554878822312238,0.013234913939186601,0.6573867300745128,0.6451288023606848,0.6653454558861703,5,4.708139896392822,0.0667274803823042,4.716207027435303,4.656499872207641,4.760341167449951,5,0.5756856872368674,0.01421069030642341,0.5758326404889135,0.5647210376421745,0.5864712041373429,5,0.4928755975342479,0.016164651594199123,0.5014574008914324,0.4805622403471649,0.5051889547213311,5,0.09002336788968895,0.11580801866762462,0.15141268111455727,-0.0036077377644804214,0.17650915035508855,5,0.6584957769394869,0.022860992482611114,0.6591408471918001,0.640401556362101,0.6765899975168727
branched_projection,10,5,1687.6000000000004,5,12.4,2.3021728866442674,12.0,11.0,13.0,10.0,16.0,5,22.4,2.3021728866442674,22.0,21.0,23.0,20.0,26.0,5,15.1,0.0707106781186545,15.1,15.1,15.1,15.0,15.2,5,0.6081328888826268,0.009830827311077756,0.6124833656810391,0.600086330443597,0.6147405771167804,5,0.703816464674716,0.004510311442096564,0.7048898363089857,0.7003036158692274,0.7073293134802047,5,0.5810272716217308,0.011164604981025747,0.5794884404157582,0.5722529010682702,0.5898016421751915,5,0.6974381146552695,0.0073188482687118256,0.6937738176450158,0.6919470251287746,0.7031280041712711,5,4.419988632202148,0.07175199958248193,4.401320457458496,4.368765830993652,4.482362365722656,5,0.644564955968214,0.01186683645125561,0.648058254829748,0.6350198672712688,0.652988628920777,5,0.5519678177273442,0.011929152929973178,0.5515876769166754,0.5424142768088556,0.5600267192644911,5,0.10184536063457486,0.08825985883975272,0.11780430709849124,0.026735325906297763,0.16369754368122133,5,0.7371620942090839,0.02358835126872361,0.7416292057063528,0.7168585080175254,0.7539823010381508
branched_projection,20,5,1818.8,5,15.6,7.893034904268447,15.0,15.0,18.0,4.0,26.0,5,25.6,7.893034904268447,25.0,25.0,28.0,14.0,36.0,5,14.2,0.1172603939955859,14.25,14.2,14.25,14.0,14.3,5,0.6161732830546222,0.017560530806426177,0.6134966340217815,0.6030376437389384,0.6294312437125213,5,0.6774696749714012,0.009018602390118799,0.675134729862709,0.6706496731329319,0.6842896768098707,5,0.5952641709537713,0.010155310027792134,0.5963313430544133,0.5881531660712526,0.6031407811381884,5,0.6920609987018594,0.010459226670871919,0.697169205376388,0.6832842265063392,0.6982446765158594,5,4.520156955718994,0.09858224104658778,4.571237564086914,4.445767402648926,4.594546508789063,5,0.63410719780178,0.009633388445286457,0.6307626513103805,0.6272919655985149,0.642337076217751,5,0.5579033506470139,0.008208126776459936,0.5604604159523957,0.5516035105851204,0.563646648054988,5,0.12220638285154588,0.05474436458139104,0.148573337878886,0.07530165758455198,0.16140244435697917,5,0.7103110449565461,0.01942994740703258,0.7133267483861103,0.6941359083797922,0.7252605480539048
paired_delta,5,5,1655.2,5,20.2,1.7888543819998317,20.0,19.0,22.0,18.0,22.0,5,30.2,1.7888543819998317,30.0,29.0,32.0,28.0,32.0,5,10.879999999999999,0.14404860290887891,10.8,10.8,10.95,10.75,11.1,5,0.5811652357061863,0.004259385895316946,0.5805914284197526,0.5778816946525444,0.584256557202245,5,0.6972343066057195,0.005883463097588219,0.6968610480884933,0.6927022636938469,0.7016055134870867,5,0.5178162006100905,0.007503994524450593,0.521417701550311,0.5119000761889667,0.5234242649664085,5,0.6010057530848484,0.013671654279660609,0.5938571792788024,0.5906086667635455,0.611472526888994,5,5.096429443359375,0.07745793275042227,5.074531555175781,5.041306114196777,5.155433003902434,5,0.5498264417161138,0.010699336796593585,0.5536171376371287,0.5406960432889727,0.5565915591085645,5,0.4641699877440148,0.012632410545876004,0.46196243850719165,0.4546283704809656,0.4737116050070641,5,0.021306011645175933,0.08192114597232042,0.017937299331667624,-0.03638209298588975,0.09242259104907591,5,0.6354828956882128,0.025469976767936005,0.6452718367670658,0.6125990284874013,0.6496099342138723
paired_delta,10,5,2110.8,5,17.6,3.7815340802378072,16.0,15.0,18.0,15.0,24.0,5,27.6,3.7815340802378072,26.0,25.0,28.0,25.0,34.0,5,15.2,0.07071067811865513,15.2,15.2,15.2,15.1,15.3,5,0.5931734813858217,0.0108253382953524,0.5961838111193667,0.5846654969381525,0.601681465833491,5,0.7063768651326443,0.010902536267460097,0.7074059896713558,0.6986336845623876,0.7149743495577245,5,0.5840842929249852,0.005616851113893853,0.5843019707482272,0.5792243419598371,0.5881975926212193,5,0.6855141321654339,0.005852602173899996,0.6852124496544589,0.6810585346526139,0.6896470658374597,5,4.593709659576416,0.08350397359843466,4.559699058532715,4.53354024887085,4.663598918914795,5,0.6397579081796271,0.008310572817302455,0.6383789846843573,0.6331986294281418,0.6461806531334447,5,0.5446437215458823,0.010288066228646238,0.5499319397783082,0.5368559852125606,0.5514833504348083,5,0.13509848862485274,0.03746163743405659,0.12062177557888001,0.10770479820881693,0.16352779558022895,5,0.7348720948133719,0.01567475915935706,0.7424355435217443,0.7228254078514225,0.7466446269180881
paired_delta,20,5,8295.6,5,15.6,7.300684899377592,17.0,15.0,18.0,4.0,24.0,5,25.6,7.300684899377592,27.0,25.0,28.0,14.0,34.0,5,14.319999999999999,0.449444101084885,14.3,14.1,14.7,13.7,14.8,5,0.6116120583697885,0.01866135898606501,0.6091196371314327,0.5980967721054238,0.626825597723527,5,0.6846855142529467,0.01652601593804162,0.6820269038953379,0.6721394477480735,0.6972315807578198,5,0.5941145896656995,0.007692473526781972,0.5918050815576961,0.5888252134378358,0.6004151655630297,5,0.68816565239856,0.011659022288367507,0.690232366352312,0.6785131170739849,0.6965305180226238,5,4.609600925445557,0.15079638545965535,4.641997814178467,4.495916080474854,4.723285770416259,5,0.6289043240578781,0.008464580356501961,0.6302119582241009,0.6222067724042435,0.6353478233396705,5,0.5558351361703584,0.005152766843543323,0.5568584216527759,0.5512420566794805,0.5590739629798653,5,0.14557737139539179,0.06137298039062893,0.17359805792209054,0.09125535410720055,0.1767917721933387,5,0.7019735119453978,0.019497992006869375,0.7133267483861103,0.685024291065868,0.7159392829079789
unified_reference_delta,5,5,1946.5000000000002,5,27.0,14.404860290887934,32.0,13.0,35.0,11.0,44.0,5,37.0,14.404860290887934,42.0,23.0,45.0,21.0,54.0,5,10.52,0.08366600265340726,10.5,10.5,10.6,10.4,10.6,5,0.6651674238753164,0.005995071154013177,0.6629013526176532,0.6611648140680517,0.6702794010654414,5,0.7425564141694365,0.0051567323031106145,0.7432967479610446,0.7381430149119164,0.7463852022654265,5,0.5914474391672633,0.014477880439419546,0.5913865652112305,0.5803914618122648,0.6034938154641171,5,0.7020656288915303,0.023095294333932297,0.6988561793916538,0.6854335356669441,0.7223456359930343,5,4.4397327423095705,0.17078278612070427,4.428376197814941,4.284067630767822,4.561318397521973,5,0.6486618300856728,0.01124829849444353,0.6518372619004988,0.6391926881015921,0.6566149984401377,5,0.5592423408527154,0.011854201605118138,0.5637652511844343,0.5503722491887315,0.5675475374166138,5,0.07933798742928286,0.04567731281847167,0.07708226266454923,0.044026882462025366,0.11464909239654035,5,0.7380813193186302,0.023912572951627863,0.7315499830139589,0.7199064649597052,0.756933497442484
unified_reference_delta,10,5,3991.5,5,43.6,15.109599597606815,52.0,32.0,55.0,23.0,56.0,5,53.6,15.109599597606815,62.0,42.0,65.0,33.0,66.0,5,14.9,0.0,14.9,14.9,14.9,14.9,14.9,5,0.6778010105414902,0.01465856051773575,0.6787587831925993,0.665574020921205,0.6873355057002668,5,0.7578500032020049,0.011859879086672732,0.7636165821392678,0.7482971869681185,0.7656712549175102,5,0.6140588065688997,0.011001250028412637,0.6104189896306108,0.6069029668759661,0.623152538902499,5,0.7168523935554446,0.019452019676609113,0.710837264774076,0.7055128453519608,0.7343664687611653,5,4.349046230316162,0.14257318631059246,4.396023273468018,4.223304748535156,4.432939910888672,5,0.6955558082093807,0.0048226119800488755,0.6962544017117501,0.6917902884167986,0.6990668610047432,5,0.5749767965702319,0.015477804315577073,0.5720197593718566,0.5629830520499912,0.5876442239539681,5,0.12207950927090724,0.06884576535023489,0.1529745386417293,0.06913210160466962,0.173855305044213,5,0.8161348198485294,0.009850036084113882,0.8204890440516437,0.8075876390053793,0.8231015785735123
unified_reference_delta,20,5,2660.8999999999996,5,28.0,32.37282811247729,14.0,9.0,23.0,9.0,85.0,5,38.0,32.37282811247729,24.0,19.0,33.0,19.0,95.0,5,14.020000000000001,0.08366600265340726,14.0,14.0,14.1,13.9,14.1,5,0.6590324726950916,0.01456391849046889,0.6536091085362624,0.6479275856961356,0.6704248624479281,5,0.714623294157499,0.029854744847512,0.7070273689249675,0.6964443505421649,0.7404294108283406,5,0.6035067338620446,0.012666291140635577,0.600095821477939,0.5957111965452537,0.6145611896968446,5,0.7216232525133085,0.01992257916620767,0.7213287813124343,0.707609156082311,0.7373465829948914,5,4.344577503204346,0.13532940135386737,4.368208885192871,4.2493391036987305,4.461522769927979,5,0.6561314449311111,0.019574508828841538,0.648705529130271,0.6435276361308677,0.6732000685044265,5,0.5774069218051583,0.013119521867015383,0.5717293567698652,0.5692038093555397,0.5883462502457882,5,0.03911176992237844,0.029717179395346367,0.03476773604603966,0.01745594344460009,0.06360511967433961,5,0.7348559680570641,0.028038071459294003,0.7262281534323747,0.7149394240168934,0.7580139901151086
