model,window,seed,best_epoch,stopped_epoch,stop_reason,n_epochs,median_seconds_per_epoch,total_train_seconds,last_improvement_epoch,n_patience_resets,best_minus_plateau,min_reset_delta,val_spearman_best,val_pearson_best,val_rmse_best,val_subset_best,test_spearman,test_pearson,test_rmse,test_subset,test_n,test_missense,test_missense_n,test_synonymous,test_synonymous_n,test_indel,test_indel_n,run_dir
branched_projection,5,42,10,20,patience,20,10.7,214.10000000000002,10,8,0.06965855893194561,0.003375357847468563,0.6169761860811486,0.8016839906707497,3.7939798831939697,0.7144738651873704,0.5494789057957017,0.6639054424644364,4.6522088050842285,0.5714466055416392,882,0.5077812307901457,689,-0.0003674958887463611,140,0.6351119802931328,53,runs/stage1_v2/branched_projection/W5/shipped_split/seed42
branched_projection,5,43,10,20,patience,20,10.850000000000001,216.30000000000004,10,9,0.0549813414167708,0.0019196115929240865,0.6205677414031352,0.7971834115828854,3.9022774696350098,0.7152350096703467,0.5453939530821538,0.6573867300745128,4.773662090301514,0.5802991240416162,882,0.5014574008914324,689,0.1825929572942634,140,0.6591408471918001,53,runs/stage1_v2/branched_projection/W5/shipped_split/seed43
branched_projection,5,44,10,20,patience,20,10.8,216.1,10,9,0.0802336155455814,0.0021051503611634326,0.6153178517640232,0.796072814927801,3.866899251937866,0.7162394712932094,0.5461051286479081,0.6707648322137333,4.62800931930542,0.5950255915520539,882,0.5044624555674657,689,0.1829735780361793,140,0.685588727536642,53,runs/stage1_v2/branched_projection/W5/shipped_split/seed44
branched_projection,5,45,10,20,patience,20,10.8,215.70000000000002,10,8,0.06017318812656136,0.0027411275912514466,0.6043240754665925,0.7813448379911943,3.922048807144165,0.7021491187742896,0.5097527642672751,0.6369773754408161,4.7706122398376465,0.5558244745601143,882,0.4753274621040086,689,0.15141268111455727,140,0.6363214870162199,53,runs/stage1_v2/branched_projection/W5/shipped_split/seed45
branched_projection,5,46,12,22,patience,22,10.9,239.0,12,9,0.04640941245538199,0.000532646748254817,0.6042318021669247,0.7886636467118093,3.8574984073638916,0.6961569538364586,0.5250934873956783,0.6484050309626207,4.716207027435303,0.5758326404889135,882,0.4753494383181874,689,-0.06649488110780884,140,0.6763158426596395,53,runs/stage1_v2/branched_projection/W5/shipped_split/seed46
branched_projection,10,42,13,23,patience,23,15.1,345.90000000000003,13,9,0.05249058427298248,0.006519017220670276,0.6177698465708519,0.796245360083922,3.8010451793670654,0.707440875642461,0.5946274221539299,0.704594887421024,4.340798377990723,0.6565797439138192,882,0.5621767634627441,689,0.16848374013703704,140,0.7509827243648944,53,runs/stage1_v2/branched_projection/W10/shipped_split/seed42
branched_projection,10,43,11,21,patience,21,15.1,316.20000000000005,11,5,0.04666735223038565,0.011125193994527938,0.6124833656810391,0.7935080823295665,3.8195443153381348,0.7048898363089857,0.5794884404157582,0.6937738176450158,4.39948034286499,0.6399964712253037,882,0.5515876769166754,689,0.07902474093363715,140,0.7284052655339319,53,runs/stage1_v2/branched_projection/W10/shipped_split/seed43
branched_projection,10,44,10,20,patience,20,15.2,302.2,10,10,0.07252410253224162,0.0012875515111960834,0.6128399133805795,0.7827556474876202,4.010420322418213,0.7084374899035577,0.5901324630761694,0.7058412142108796,4.4219536781311035,0.6518627009732494,882,0.5620961962401458,689,0.18185796551677066,140,0.7416292057063528,53,runs/stage1_v2/branched_projection/W10/shipped_split/seed44
branched_projection,10,45,16,26,patience,26,15.0,391.0,16,7,0.041748800285474785,0.003906915074942785,0.5925452434332349,0.7789195458928585,4.037496089935303,0.7002315820086493,0.5719181974981434,0.6894591631967361,4.53639030456543,0.648058254829748,882,0.5329580842821895,689,0.11780430709849124,140,0.7631584253773064,53,runs/stage1_v2/branched_projection/W10/shipped_split/seed45
branched_projection,10,46,12,22,patience,22,15.1,332.30000000000007,12,7,0.04608987384864649,0.004612556524175138,0.6050260753474288,0.7894476530466418,3.8608386516571045,0.6980825395099265,0.5689698349646533,0.6935214908026924,4.401320457458496,0.6263276088989493,882,0.5510203677349654,689,-0.037943950513061785,140,0.7016348500629334,53,runs/stage1_v2/branched_projection/W10/shipped_split/seed46
branched_projection,20,42,26,36,patience,36,14.25,512.1999999999999,26,14,0.03260721196282346,0.0001110056767378298,0.5960649835503764,0.7796423180930494,3.9737536907196045,0.6839217927987353,0.5873950692353608,0.697169205376388,4.4234161376953125,0.6306844291227933,882,0.5537671083487562,689,0.16509752801930272,140,0.7076017498968306,53,runs/stage1_v2/branched_projection/W20/shipped_split/seed42
branched_projection,20,43,4,14,patience,14,14.0,196.39999999999998,4,4,0.06451656646486448,0.021332681049558988,0.6424032905273447,0.7301252566629696,4.492316246032715,0.675134729862709,0.6106591644670559,0.6740275739263066,4.571237564086914,0.6221641592183036,882,0.5638195191369318,689,0.0390858127388094,140,0.6805087992996754,53,runs/stage1_v2/branched_projection/W20/shipped_split/seed43
branched_projection,20,44,15,25,patience,25,14.3,356.40000000000003,15,10,0.03491519008577981,0.0026267931095977914,0.6224517942148174,0.7765513879598739,4.175209045410156,0.6721464111594545,0.5963313430544133,0.6982777113845323,4.579596042633057,0.6473759737693427,882,0.5604604159523957,689,0.16412191393370223,140,0.7342915315862899,53,runs/stage1_v2/branched_projection/W20/shipped_split/seed44
branched_projection,20,45,18,28,patience,28,14.25,397.70000000000005,18,8,0.04555956025448915,0.0041428920049574325,0.6064497129587912,0.7730322870886752,3.981389284133911,0.6892350342945869,0.5848221744155638,0.691870257293088,4.405383586883545,0.6307626513103805,882,0.5456989070069368,689,0.148573337878886,140,0.7158263956138241,53,runs/stage1_v2/branched_projection/W20/shipped_split/seed45
branched_projection,20,46,15,25,patience,25,14.2,356.09999999999997,15,8,0.03833942243762056,0.0009522538068483799,0.6134966340217815,0.7728548436537712,4.2473835945129395,0.6669104067415207,0.5971131035964626,0.6989602455289825,4.621151447296143,0.6395487755880799,882,0.5657708027900494,689,0.09415332168702902,140,0.7133267483861103,53,runs/stage1_v2/branched_projection/W20/shipped_split/seed46
paired_delta,5,42,19,29,patience,29,11.1,322.5999999999999,19,12,0.04115425550395324,0.00042212079122716517,0.5805914284197526,0.7790430560034464,4.0907793045043945,0.701982090720155,0.5262725071043618,0.6177482381852482,5.063473224639893,0.5599549791442009,882,0.48020185244753755,689,-0.007953661020724815,140,0.6397081058408643,53,runs/stage1_v2/paired_delta/W5/shipped_split/seed42
paired_delta,5,43,20,30,patience,30,10.95,331.30000000000007,20,10,0.03348447792868714,0.0005675662014298366,0.5838247845191438,0.767122306066264,4.101077556610107,0.6968610480884933,0.521579304536504,0.5938571792788024,5.074531555175781,0.5318893537407934,882,0.473095940816527,689,-0.07902474093363715,140,0.5906827666650597,53,runs/stage1_v2/paired_delta/W5/shipped_split/seed43
paired_delta,5,44,18,28,patience,28,10.8,305.1,18,10,0.05021175686437929,0.00014531449535304386,0.5865208942765925,0.7751767624023046,4.049751281738281,0.7036011689533148,0.521417701550311,0.6138302706907292,5.003994941711426,0.5536171376371287,882,0.46196243850719165,689,0.14724772770876518,140,0.6452718367670658,53,runs/stage1_v2/paired_delta/W5/shipped_split/seed44
paired_delta,5,45,22,32,patience,32,10.8,349.8,22,13,0.036779379470459506,4.670050919763913e-05,0.5753473087140679,0.766347638792534,4.235903739929199,0.6948262240254116,0.5107566965847489,0.5893054280709659,5.209074974060059,0.5541950175853547,882,0.4571512985697461,689,0.02832343313980883,140,0.6512387366009632,53,runs/stage1_v2/paired_delta/W5/shipped_split/seed45
paired_delta,5,46,22,32,patience,32,10.75,346.40000000000003,22,12,0.027846781491302375,0.0001451949473028069,0.5795417626013746,0.7731636861787391,4.075263500213623,0.6889010012412227,0.5090547932745267,0.5902876491984969,5.131072521209717,0.5494757204730913,882,0.448438408379072,689,0.017937299331667624,140,0.6505130325671108,53,runs/stage1_v2/paired_delta/W5/shipped_split/seed46
paired_delta,10,42,24,34,patience,34,15.2,519.4000000000001,24,12,0.03653713767305489,0.0004178364882653218,0.5832063709004685,0.7807118567407227,4.101039886474609,0.7088558089676045,0.5843019707482272,0.6842900293141341,4.655099391937256,0.6303621426523942,882,0.54151127086632,689,0.12062177557888001,140,0.7192130144384684,53,runs/stage1_v2/paired_delta/W10/shipped_split/seed42
paired_delta,10,43,16,26,patience,26,15.2,397.5,16,9,0.04028252272974697,0.0008921187949471054,0.5961838111193667,0.7817901041558845,3.952481269836426,0.7074059896713558,0.5860466358875882,0.6852124496544589,4.498251914978027,0.6486430719869704,882,0.5499319397783082,689,0.09094648256261137,140,0.7473542041956325,53,runs/stage1_v2/paired_delta/W10/shipped_split/seed43
paired_delta,10,44,15,25,patience,25,15.1,383.7,15,12,0.07115153809428387,0.007135387639070956,0.6037550124716651,0.7821094902380141,4.050471305847168,0.7227246040666144,0.5910761615533349,0.6911014424342783,4.559699058532715,0.6479604029986319,882,0.5534852624755193,689,0.17364180743265561,140,0.7424355435217443,53,runs/stage1_v2/paired_delta/W10/shipped_split/seed44
paired_delta,10,45,18,28,patience,28,15.2,426.80000000000007,18,9,0.04504880504518638,0.0023307681265495317,0.5803654658852294,0.7695108621779987,4.058026313781738,0.6978421266211755,0.5755391887379108,0.6765567420921563,4.551799297332764,0.6383789846843573,882,0.5280329908869162,689,0.17486679372847683,140,0.7487249784817983,53,runs/stage1_v2/paired_delta/W10/shipped_split/seed45
paired_delta,10,46,15,25,patience,25,15.3,383.40000000000003,15,10,0.04315547028466826,0.0020238177535654156,0.6023567465523791,0.7823186700329671,4.151132106781006,0.6950557963364716,0.5834575076978649,0.6904099973321416,4.703698635101318,0.6334449385757815,882,0.5502571437223475,689,0.1154155838216399,140,0.7166327334292156,53,runs/stage1_v2/paired_delta/W10/shipped_split/seed46
paired_delta,20,42,24,34,patience,34,14.7,556.6,24,13,0.04703261513832235,0.0021344732692765156,0.5955430550442865,0.787473498137704,3.9683778285980225,0.7009959119146807,0.5968610799050277,0.7007292858028316,4.481277942657471,0.6358182890532955,882,0.5568584216527759,689,0.17552303638695244,140,0.7147781564538151,53,runs/stage1_v2/paired_delta/W20/shipped_split/seed42
paired_delta,20,43,4,14,patience,14,14.8,211.9,4,4,0.05907418363319905,0.019334185046505303,0.6401631952768407,0.7170646861379003,4.596617221832275,0.6626026993843162,0.6057462940500327,0.6695203291243751,4.641997814178467,0.6374452901838304,882,0.5564839037445839,689,0.03636021823060722,140,0.718406676623077,53,runs/stage1_v2/paired_delta/W20/shipped_split/seed43
paired_delta,20,44,17,27,patience,27,13.7,6776.900000000001,17,13,0.06134738959706154,0.0004895551157858558,0.6180953477428259,0.7739161349149882,4.3698954582214355,0.7010695880322,0.5918050815576961,0.6865740490687942,4.806504726409912,0.6239613377582843,882,0.5580603575583516,689,0.17965736513534902,140,0.6898623179582171,53,runs/stage1_v2/paired_delta/W20/shipped_split/seed44
paired_delta,20,45,18,28,patience,28,14.3,398.8,18,9,0.05190957537947549,0.0021825985444547946,0.5951390566535567,0.7773538745900058,3.9641199111938477,0.6820269038953379,0.5852787811203664,0.690232366352312,4.43751335144043,0.6302119582241009,882,0.5470971680620915,689,0.17359805792209054,140,0.7133267483861103,53,runs/stage1_v2/paired_delta/W20/shipped_split/seed45
paired_delta,20,46,15,25,patience,25,14.1,351.4,15,8,0.05243934897889602,0.0047821816463350375,0.6091196371314327,0.7750286238225537,4.266684055328369,0.6767324680381989,0.590881711695375,0.6937722316444868,4.680710792541504,0.6170847450698791,882,0.560675829833989,689,0.1627481793019599,140,0.6734936603057692,53,runs/stage1_v2/paired_delta/W20/shipped_split/seed46
unified_reference_delta,5,42,13,23,patience,23,10.4,239.79999999999998,13,9,0.0713899132598198,0.0003533149288227344,0.6748475191608457,0.8047649456574444,3.776268243789673,0.7363860688590603,0.5930698946717406,0.7369695950754018,4.187861919403076,0.6610669182436134,882,0.5648616771622784,689,0.032330888307566766,140,0.7572721593249484,53,runs/stage1_v2/unified_reference_delta/W5/shipped_split/seed42
unified_reference_delta,5,43,35,45,patience,45,10.6,475.2,35,14,0.03548108300323127,0.0003417331305791693,0.6600071217016509,0.7602194808516576,4.245087146759033,0.7464226611792772,0.5725002830594508,0.6736829752516306,4.655568599700928,0.6545184322767781,882,0.5414435811915962,689,0.1078731682002265,140,0.7675932833619599,53,runs/stage1_v2/unified_reference_delta/W5/shipped_split/seed43
unified_reference_delta,5,44,32,42,patience,42,10.5,441.2,32,11,0.05140140677476235,0.0005752596341357386,0.6629013526176532,0.8058787274130986,3.7731945514678955,0.7432967479610446,0.5913865652112305,0.6935568215507911,4.515347003936768,0.644190364493013,882,0.5637652511844343,689,0.03919518651522202,140,0.7246154778015917,53,runs/stage1_v2/unified_reference_delta/W5/shipped_split/seed44
unified_reference_delta,5,45,44,54,patience,54,10.6,570.6000000000001,44,15,0.03678881868474204,0.0009779256276426507,0.666847326143019,0.8077171040966642,3.7875030040740967,0.7484164728264441,0.5873794232861645,0.6988561793916538,4.428376197814941,0.6316961735144606,882,0.5540166539382294,689,0.07708226266454923,140,0.7093756930906919,53,runs/stage1_v2/unified_reference_delta/W5/shipped_split/seed45
unified_reference_delta,5,46,11,21,patience,21,10.5,219.69999999999996,11,9,0.06396165646147112,0.0026310026705748113,0.6612337997534131,0.7770233385735595,4.124422550201416,0.7382601200213563,0.6129010296077301,0.7072625731881749,4.411509990692139,0.6518372619004988,882,0.5721245407870389,689,0.14020843145884976,140,0.7315499830139589,53,runs/stage1_v2/unified_reference_delta/W5/shipped_split/seed46
unified_reference_delta,10,42,55,65,patience,65,14.9,968.7,55,18,0.050396710426325764,0.00017908936979305068,0.6787587831925993,0.7876953264470743,4.010104656219482,0.766013815426497,0.602141104026377,0.710837264774076,4.355428218841553,0.6894512994839175,882,0.5550269360915469,689,0.1529745386417293,140,0.8238756628762881,53,runs/stage1_v2/unified_reference_delta/W10/shipped_split/seed42
unified_reference_delta,10,43,23,33,patience,33,14.9,492.29999999999995,23,10,0.0528269176478362,0.00131081663658561,0.6536811151225833,0.7902931895664687,3.906113862991333,0.7383048280992528,0.6100775421090254,0.7507956484822965,4.103176116943359,0.7007242270675649,882,0.5778146926034592,689,0.07018296484844196,140,0.8236337615316707,53,runs/stage1_v2/unified_reference_delta/W10/shipped_split/seed43
unified_reference_delta,10,44,52,62,patience,62,14.9,922.3,52,17,0.05938794802374325,0.0001045555252703334,0.688067976045676,0.8145168731500999,3.723445415496826,0.7663560307976447,0.6104189896306108,0.7126452999711571,4.396023273468018,0.6918972207022039,882,0.5719332119774535,689,0.02908904957469708,140,0.8118612294269544,53,runs/stage1_v2/unified_reference_delta/W10/shipped_split/seed44
unified_reference_delta,10,45,56,66,patience,66,14.9,984.5,56,20,0.0467187947489347,6.302877594377421e-05,0.6908913966086914,0.7740073211634851,4.169915199279785,0.7636165821392678,0.6160148253280603,0.7086081335848606,4.45156717300415,0.6962544017117501,882,0.5720197593718566,689,0.18821039445081492,140,0.8204890440516437,53,runs/stage1_v2/unified_reference_delta/W10/shipped_split/seed45
unified_reference_delta,10,46,32,42,patience,42,14.9,623.6999999999999,32,16,0.05451471465053659,7.0091687269902e-05,0.677605781737901,0.7782407923781439,4.125574588775635,0.7549587595473622,0.6316415717504246,0.7013756209648325,4.4390363693237305,0.699451892081467,882,0.5980893828068434,689,0.16994059883885296,140,0.8008144013560905,53,runs/stage1_v2/unified_reference_delta/W10/shipped_split/seed46
unified_reference_delta,20,42,9,19,patience,19,14.1,267.4,9,7,0.058943177120247325,0.004608936215502846,0.6536091085362624,0.7464350397223134,4.192519187927246,0.6957290725848545,0.5941653238220381,0.7031231501096925,4.533642768859863,0.6405313158778605,882,0.5659619401757494,689,0.08283004209320624,140,0.7151006915799717,53,runs/stage1_v2/unified_reference_delta/W20/shipped_split/seed42
unified_reference_delta,20,43,23,33,patience,33,14.0,462.5,23,8,0.033257911817287544,0.00035243538337326186,0.646511754080311,0.7518876838778366,4.339777946472168,0.7070273689249675,0.625216428727033,0.7525903915801083,4.1730427742004395,0.6889918284405108,882,0.5994241792297369,689,0.050849499775489165,140,0.7785594776512846,53,runs/stage1_v2/unified_reference_delta/W20/shipped_split/seed43
unified_reference_delta,20,44,85,95,patience,95,14.0,1330.9999999999995,85,21,0.061797346634111405,8.293858543939603e-05,0.6749708538690579,0.7948667697477517,3.9340035915374756,0.7658935124320152,0.5950647568021268,0.7258385901244396,4.266200542449951,0.65849354132274,882,0.5717293567698652,689,0.02245224882198006,140,0.7452577258756146,53,runs/stage1_v2/unified_reference_delta/W20/shipped_split/seed44
unified_reference_delta,20,45,9,19,patience,19,14.1,266.29999999999995,9,8,0.05356642313653115,0.0015964385464428688,0.6457838990071953,0.7575908041060303,4.124270439147949,0.691868119308074,0.600095821477939,0.7052353494398678,4.368208885192871,0.648705529130271,882,0.5711829048281675,689,0.004659322875177078,140,0.7262281534323747,53,runs/stage1_v2/unified_reference_delta/W20/shipped_split/seed45
unified_reference_delta,20,46,14,24,patience,24,13.9,333.70000000000005,14,8,0.06547226377585935,0.0071118411155617345,0.6742867479826312,0.764503740412108,4.041470527648926,0.7125983975375834,0.602991338481086,0.7213287813124343,4.3817925453186035,0.6439350098841734,882,0.5787362280222725,689,0.03476773604603966,140,0.7091337917460744,53,runs/stage1_v2/unified_reference_delta/W20/shipped_split/seed46
