anchor_pos,slot,neighbor_pos,distance,offset
1,1,2,5.22391414642334,1
1,2,3,7.4995245933532715,2
1,3,4,10.823244094848633,3
1,4,5,13.61701488494873,4
1,5,6,16.5387020111084,5
1,6,7,19.366615295410156,6
1,7,8,22.80108642578125,7
1,8,9,24.149566650390625,8
2,1,3,4.877279758453369,1
2,2,1,5.22391414642334,-1
2,3,4,6.528803825378418,2
2,4,5,9.979928970336914,3
2,5,6,12.714009284973145,4
2,6,7,15.090455055236816,5
2,7,8,19.021333694458008,6
2,8,9,19.657102584838867,7
3,1,2,4.877279758453369,-1
3,2,4,4.902985095977783,1
3,3,5,6.2701897621154785,2
3,4,1,7.4995245933532715,-2
3,5,6,9.463733673095703,3
3,6,7,12.082840919494629,4
3,7,8,15.372088432312012,5
3,8,9,16.95093536376953,6
4,1,3,4.902985095977783,-1
4,2,5,6.0866875648498535,1
4,3,6,6.3683977127075195,2
4,4,2,6.528803825378418,-2
4,5,7,9.860649108886719,3
4,6,1,10.823244094848633,-3
4,7,8,12.965485572814941,4
4,8,9,14.277785301208496,5
5,1,6,6.031125545501709,1
5,2,4,6.0866875648498535,-1
5,3,7,6.117706298828125,2
5,4,3,6.2701897621154785,-2
5,5,2,9.979928970336914,-3
5,6,8,10.044651985168457,3
5,7,9,11.016765594482422,4
5,8,1,13.61701488494873,-4
6,1,5,6.031125545501709,-1
6,2,7,6.079463005065918,1
6,3,4,6.3683977127075195,-2
6,4,8,6.840333938598633,2
6,5,3,9.463733673095703,-3
6,6,9,9.832995414733887,3
6,7,2,12.714009284973145,-4
6,8,10,13.286543846130371,4
7,1,9,4.91325044631958,2
7,2,8,5.846999168395996,1
7,3,6,6.079463005065918,-1
7,4,5,6.117706298828125,-2
7,5,10,9.365102767944336,3
7,6,4,9.860649108886719,-3
7,7,36,11.110634803771973,29
7,8,11,11.714754104614258,4
8,1,7,5.846999168395996,-1
8,2,9,6.197445869445801,1
8,3,6,6.840333938598633,-2
8,4,10,6.930764198303223,2
8,5,11,9.615740776062012,3
8,6,5,10.044651985168457,-3
8,7,36,11.43989086151123,28
8,8,270,12.8140287399292,262
9,1,7,4.91325044631958,-2
9,2,10,5.817954063415527,1
9,3,8,6.197445869445801,-1
9,4,36,6.917208194732666,27
9,5,11,7.192110538482666,2
9,6,12,8.592996597290039,3
9,7,68,9.071596145629883,59
9,8,35,9.767853736877441,26
10,1,9,5.817954063415527,-1
10,2,11,6.002440452575684,1
10,3,8,6.930764198303223,-2
10,4,12,7.168715000152588,2
10,5,81,9.254888534545898,71
10,6,36,9.365091323852539,26
10,7,7,9.365102767944336,-3
10,8,82,9.46498966217041,72
11,1,34,3.9988882541656494,23
11,2,36,5.156085968017578,25
11,3,12,5.917208671569824,1
11,4,10,6.002440452575684,-1
11,5,267,7.079732418060303,256
11,6,9,7.192110538482666,-2
11,7,35,7.259902000427246,24
11,8,13,7.552927494049072,2
12,1,35,4.380549907684326,23
12,2,16,5.805218696594238,4
12,3,13,5.8061699867248535,1
12,4,11,5.917208671569824,-1
12,5,34,5.9932942390441895,22
12,6,68,6.953715801239014,56
12,7,36,7.078191757202148,24
12,8,10,7.168715000152588,-2
13,1,15,4.6168646812438965,2
13,2,16,5.217496395111084,3
13,3,14,5.587206840515137,1
13,4,12,5.8061699867248535,-1
13,5,34,6.1645684242248535,21
13,6,33,6.645601749420166,20
13,7,11,7.552927494049072,-2
13,8,35,7.711768627166748,22
14,1,17,5.583324909210205,3
14,2,13,5.587206840515137,-1
14,3,15,5.651203155517578,1
14,4,27,5.786003589630127,13
14,5,33,6.133568286895752,19
14,6,32,6.259041786193848,18
14,7,35,6.347448825836182,21
14,8,24,6.419698715209961,10
15,1,13,4.6168646812438965,-2
15,2,16,5.429561614990234,1
15,3,14,5.651203155517578,-1
15,4,24,7.339376926422119,9
15,5,17,7.465290546417236,2
15,6,28,8.504292488098145,13
15,7,19,8.691840171813965,4
15,8,33,8.80964469909668,18
16,1,13,5.217496395111084,-3
16,2,15,5.429561614990234,-1
16,3,17,5.544433116912842,1
16,4,12,5.805218696594238,-4
16,5,14,7.229094982147217,-2
16,6,35,8.013412475585938,19
16,7,67,8.10067367553711,51
16,8,18,8.677220344543457,2
17,1,19,4.986924171447754,2
17,2,16,5.544433116912842,-1
17,3,14,5.583324909210205,-3
17,4,18,5.587772846221924,1
17,5,67,5.704281806945801,50
17,6,64,5.789340496063232,47
17,7,63,5.881752014160156,46
17,8,35,6.506438255310059,18
18,1,17,5.587772846221924,-1
18,2,63,6.168768405914307,45
18,3,19,6.174663066864014,1
18,4,67,7.358820915222168,49
18,5,16,8.677220344543457,-2
18,6,20,8.678887367248535,2
18,7,66,9.696630477905273,48
18,8,64,9.753826141357422,46
19,1,24,4.591184616088867,5
19,2,17,4.986924171447754,-2
19,3,23,5.178601264953613,4
19,4,20,5.595693111419678,1
19,5,60,6.11911678314209,41
19,6,18,6.174663066864014,-1
19,7,63,6.352165699005127,44
19,8,14,6.6160969734191895,-5
20,1,23,4.6571245193481445,3
20,2,22,5.26423978805542,2
20,3,21,5.527039051055908,1
20,4,19,5.595693111419678,-1
20,5,24,6.7067461013793945,4
20,6,56,7.808446884155273,36
20,7,60,8.543645858764648,40
20,8,18,8.678887367248535,-2
21,1,22,5.325893402099609,1
21,2,20,5.527039051055908,-1
21,3,24,5.620406627655029,3
21,4,25,6.465843677520752,4
21,5,23,7.580580711364746,2
21,6,19,7.844543933868408,-2
21,7,26,9.854598045349121,5
21,8,28,10.747434616088867,7
22,1,20,5.26423978805542,-2
22,2,21,5.325893402099609,-1
22,3,23,5.351596355438232,1
22,4,25,6.102779865264893,3
22,5,26,6.6432366371154785,4
22,6,24,7.2261643409729,2
22,7,52,8.329784393310547,30
22,8,56,8.632938385009766,34
23,1,20,4.6571245193481445,-3
23,2,19,5.178601264953613,-4
23,3,22,5.351596355438232,-1
23,4,24,5.427839756011963,1
23,5,26,5.676922798156738,3
23,6,56,5.681273460388184,33
23,7,60,5.7473673820495605,37
23,8,52,5.853938102722168,29
24,1,19,4.591184616088867,-5
24,2,25,5.357118606567383,1
24,3,23,5.427839756011963,-1
24,4,21,5.620406627655029,-3
24,5,27,5.6595869064331055,3
24,6,28,6.368042469024658,4
24,7,14,6.419698715209961,-10
24,8,20,6.7067461013793945,-4
25,1,24,5.357118606567383,-1
25,2,26,5.38385534286499,1
25,3,28,5.962150573730469,3
25,4,29,6.046725273132324,4
25,5,22,6.102779865264893,-3
25,6,21,6.465843677520752,-4
25,7,27,7.358516693115234,2
25,8,23,7.472842693328857,-2
26,1,50,4.861783027648926,24
26,2,25,5.38385534286499,-1
26,3,27,5.461921215057373,1
26,4,29,5.571130275726318,3
26,5,23,5.676922798156738,-3
26,6,52,5.847151756286621,26
26,7,30,6.009556770324707,4
26,8,51,6.298756122589111,25
27,1,32,4.2768235206604,5
27,2,28,5.267548561096191,1
27,3,26,5.461921215057373,-1
27,4,24,5.6595869064331055,-3
27,5,30,5.753991603851318,3
27,6,14,5.786003589630127,-13
27,7,50,5.810702800750732,23
27,8,23,6.168038845062256,-4
28,1,27,5.267548561096191,-1
28,2,29,5.4703288078308105,1
28,3,25,5.962150573730469,-3
28,4,31,6.208707809448242,3
28,5,24,6.368042469024658,-4
28,6,32,6.715181827545166,4
28,7,33,6.814700126647949,5
28,8,14,6.942344665527344,-14
29,1,30,5.402255535125732,1
29,2,28,5.4703288078308105,-1
29,3,26,5.571130275726318,-3
29,4,25,6.046725273132324,-4
29,5,31,6.770346164703369,2
29,6,27,7.347106456756592,-2
29,7,50,8.105079650878906,21
29,8,32,8.95703125,3
30,1,50,4.456203937530518,20
30,2,31,4.897514343261719,1
30,3,49,5.3478007316589355,19
30,4,29,5.402255535125732,-1
30,5,32,5.648358345031738,2
30,6,27,5.753991603851318,-3
30,7,26,6.009556770324707,-4
30,8,28,7.355245590209961,-2
31,1,30,4.897514343261719,-1
31,2,32,4.915998458862305,1
31,3,260,6.097475528717041,229
31,4,28,6.208707809448242,-3
31,5,33,6.301503658294678,2
31,6,261,6.733335971832275,230
31,7,29,6.770346164703369,-2
31,8,27,7.162134170532227,-4
32,1,27,4.2768235206604,-5
32,2,31,4.915998458862305,-1
32,3,37,5.2877349853515625,5
32,4,30,5.648358345031738,-2
32,5,33,5.819413661956787,1
32,6,38,5.869451522827148,6
32,7,14,6.259041786193848,-18
32,8,28,6.715181827545166,-4
33,1,34,4.9447526931762695,1
33,2,32,5.819413661956787,-1
33,3,264,5.971205711364746,231
33,4,14,6.133568286895752,-19
33,5,31,6.301503658294678,-2
33,6,37,6.633710861206055,4
33,7,13,6.645601749420166,-20
33,8,28,6.814700126647949,-5
34,1,11,3.9988882541656494,-23
34,2,36,4.918843746185303,2
34,3,33,4.9447526931762695,-1
34,4,37,5.105986595153809,3
34,5,35,5.305262088775635,1
34,6,12,5.9932942390441895,-22
34,7,13,6.1645684242248535,-21
34,8,14,6.530752182006836,-20
35,1,12,4.380549907684326,-23
35,2,64,4.922828197479248,29
35,3,34,5.305262088775635,-1
35,4,36,5.3248772621154785,1
35,5,68,5.47742223739624,33
35,6,38,5.915512561798096,3
35,7,14,6.347448825836182,-21
35,8,17,6.506438255310059,-18
36,1,34,4.918843746185303,-2
36,2,11,5.156085968017578,-25
36,3,35,5.3248772621154785,-1
36,4,37,5.515974521636963,1
36,5,39,5.586771011352539,3
36,6,9,6.917208194732666,-27
36,7,12,7.078191757202148,-24
36,8,38,7.360883712768555,2
37,1,34,5.105986595153809,-3
37,2,38,5.1620402336120605,1
37,3,32,5.2877349853515625,-5
37,4,36,5.515974521636963,-1
37,5,33,6.633710861206055,-4
37,6,35,7.233748435974121,-2
37,7,41,7.399852752685547,4
37,8,39,7.570699691772461,2
38,1,37,5.1620402336120605,-1
38,2,64,5.174537658691406,26
38,3,41,5.2581658363342285,3
38,4,39,5.767007827758789,1
38,5,32,5.869451522827148,-6
38,6,35,5.915512561798096,-3
38,7,61,6.233544826507568,23
38,8,46,6.98918342590332,8
39,1,40,5.134676456451416,1
39,2,36,5.586771011352539,-3
39,3,38,5.767007827758789,-1
39,4,65,6.515995979309082,26
39,5,68,6.522581577301025,29
39,6,35,6.543944358825684,-4
39,7,64,6.79106330871582,25
39,8,41,7.463250160217285,2
40,1,39,5.134676456451416,-1
40,2,41,5.724852561950684,1
40,3,38,7.80621337890625,-2
40,4,37,8.206111907958984,-3
40,5,42,8.369489669799805,2
40,6,36,8.376363754272461,-4
40,7,45,9.686110496520996,5
40,8,61,9.8265380859375,21
41,1,46,4.851387977600098,5
41,2,38,5.2581658363342285,-3
41,3,45,5.375499248504639,4
41,4,40,5.724852561950684,-1
41,5,42,5.78416109085083,1
41,6,61,6.868428707122803,20
41,7,37,7.399852752685547,-4
41,8,39,7.463250160217285,-2
42,1,45,4.471023082733154,3
42,2,44,5.086019992828369,2
42,3,43,5.4685468673706055,1
42,4,41,5.78416109085083,-1
42,5,46,6.8433051109313965,4
42,6,61,8.313228607177734,19
42,7,40,8.369489669799805,-2
42,8,57,8.68908977508545,15
43,1,58,4.112961769104004,15
43,2,57,4.592362880706787,14
43,3,44,5.371540546417236,1
43,4,42,5.4685468673706055,-1
43,5,61,5.778317451477051,18
43,6,46,5.783036708831787,3
43,7,54,5.832754135131836,11
43,8,47,6.13762903213501,4
44,1,42,5.086019992828369,-2
44,2,45,5.360701560974121,1
44,3,43,5.371540546417236,-1
44,4,47,5.823208332061768,3
44,5,54,6.487572193145752,10
44,6,48,6.738522052764893,4
44,7,46,7.416701316833496,2
44,8,57,7.582043647766113,13
45,1,42,4.471023082733154,-3
45,2,46,5.2992658615112305,1
45,3,44,5.360701560974121,-1
45,4,41,5.375499248504639,-4
45,5,48,6.023439407348633,3
45,6,49,6.1981306076049805,4
45,7,47,7.254584312438965,2
45,8,43,7.411590099334717,-2
46,1,57,4.179144382476807,11
46,2,41,4.851387977600098,-5
46,3,45,5.2992658615112305,-1
46,4,47,5.348872184753418,1
46,5,50,5.622347831726074,4
46,6,43,5.783036708831787,-3
46,7,49,5.9584832191467285,3
46,8,61,6.467695713043213,15
47,1,57,3.8836770057678223,10
47,2,54,4.581733703613281,7
47,3,48,5.343990325927734,1
47,4,46,5.348872184753418,-1
47,5,52,5.701944828033447,5
47,6,44,5.823208332061768,-3
47,7,43,6.13762903213501,-4
47,8,53,6.480169773101807,6
48,1,49,5.295748710632324,1
48,2,47,5.343990325927734,-1
48,3,45,6.023439407348633,-3
48,4,44,6.738522052764893,-4
48,5,51,6.859341621398926,3
48,6,46,7.41892671585083,-2
48,7,50,7.759190559387207,2
48,8,57,8.645546913146973,9
49,1,50,5.0300445556640625,1
49,2,48,5.295748710632324,-1
49,3,30,5.3478007316589355,-19
49,4,46,5.9584832191467285,-3
49,5,45,6.1981306076049805,-4
49,6,51,7.09093713760376,2
49,7,47,7.630505561828613,-2
49,8,41,7.964052677154541,-8
50,1,30,4.456203937530518,-20
50,2,51,4.7537946701049805,1
50,3,26,4.861783027648926,-24
50,4,52,4.86886739730835,2
50,5,49,5.0300445556640625,-1
50,6,46,5.622347831726074,-4
50,7,27,5.810702800750732,-23
50,8,47,6.753358364105225,-3
51,1,50,4.7537946701049805,-1
51,2,52,4.842776298522949,1
51,3,26,6.298756122589111,-25
51,4,47,6.504410266876221,-4
51,5,48,6.859341621398926,-3
51,6,49,7.09093713760376,-2
51,7,30,7.594866752624512,-21
51,8,53,8.13455581665039,2
52,1,56,4.092006683349609,4
52,2,51,4.842776298522949,-1
52,3,50,4.86886739730835,-2
52,4,57,5.305610656738281,5
52,5,53,5.374659538269043,1
52,6,47,5.701944828033447,-5
52,7,26,5.847151756286621,-26
52,8,23,5.853938102722168,-29
53,1,56,4.600604057312012,3
53,2,55,4.727602481842041,2
53,3,52,5.374659538269043,-1
53,4,54,5.484879016876221,1
53,5,47,6.480169773101807,-6
53,6,57,6.8501996994018555,4
53,7,51,8.13455581665039,-2
53,8,58,8.797396659851074,5
54,1,47,4.581733703613281,-7
54,2,55,5.462997913360596,1
54,3,53,5.484879016876221,-1
54,4,57,5.499364852905273,3
54,5,43,5.832754135131836,-11
54,6,58,6.088372230529785,4
54,7,44,6.487572193145752,-10
54,8,56,7.522332191467285,2
55,1,53,4.727602481842041,-2
55,2,56,5.363502025604248,1
55,3,54,5.462997913360596,-1
55,4,58,5.90355110168457,3
55,5,59,6.312379360198975,4
55,6,57,7.217421531677246,2
55,7,52,8.439324378967285,-3
55,8,47,8.516894340515137,-8
56,1,52,4.092006683349609,-4
56,2,53,4.600604057312012,-3
56,3,57,5.303359508514404,1
56,4,55,5.363502025604248,-1
56,5,59,5.643372535705566,3
56,6,23,5.681273460388184,-33
56,7,60,6.114591121673584,4
56,8,58,7.362551212310791,2
57,1,47,3.8836770057678223,-10
57,2,46,4.179144382476807,-11
57,3,43,4.592362880706787,-14
57,4,58,5.233724594116211,1
57,5,56,5.303359508514404,-1
57,6,52,5.305610656738281,-5
57,7,54,5.499364852905273,-3
57,8,60,5.670761585235596,3
58,1,43,4.112961769104004,-15
58,2,57,5.233724594116211,-1
58,3,59,5.409913539886475,1
58,4,55,5.90355110168457,-3
58,5,61,5.909037113189697,3
58,6,54,6.088372230529785,-4
58,7,62,6.3929524421691895,4
58,8,60,7.2295331954956055,2
59,1,60,5.360790252685547,1
59,2,58,5.409913539886475,-1
59,3,62,5.61783504486084,3
59,4,56,5.643372535705566,-3
59,5,55,6.312379360198975,-4
59,6,63,6.440750598907471,4
59,7,57,7.292500019073486,-2
59,8,61,7.399277210235596,2
60,1,61,5.178595066070557,1
60,2,59,5.360790252685547,-1
60,3,57,5.670761585235596,-3
60,4,23,5.7473673820495605,-37
60,5,63,5.919641017913818,3
60,6,56,6.114591121673584,-4
60,7,19,6.11911678314209,-41
60,8,64,6.367453575134277,4
61,1,60,5.178595066070557,-1
61,2,62,5.461746692657471,1
61,3,64,5.761839389801025,3
61,4,43,5.778317451477051,-18
61,5,58,5.909037113189697,-3
61,6,65,6.063619613647461,4
61,7,38,6.233544826507568,-23
61,8,46,6.467695713043213,-15
62,1,63,5.4267425537109375,1
62,2,61,5.461746692657471,-1
62,3,59,5.61783504486084,-3
62,4,65,5.8822021484375,3
62,5,66,5.968111038208008,4
62,6,58,6.3929524421691895,-4
62,7,60,7.232931137084961,-2
62,8,64,7.381011962890625,2
63,1,64,5.276595592498779,1
63,2,62,5.4267425537109375,-1
63,3,66,5.870670318603516,3
63,4,17,5.881752014160156,-46
63,5,60,5.919641017913818,-3
63,6,67,6.101988315582275,4
63,7,18,6.168768405914307,-45
63,8,19,6.352165699005127,-44
64,1,35,4.922828197479248,-29
64,2,38,5.174537658691406,-26
64,3,63,5.276595592498779,-1
64,4,65,5.39307165145874,1
64,5,61,5.761839389801025,-3
64,6,17,5.789340496063232,-47
64,7,68,6.090329647064209,4
64,8,67,6.1732096672058105,3
65,1,66,5.390041351318359,1
65,2,64,5.39307165145874,-1
65,3,68,5.8717474937438965,3
65,4,62,5.8822021484375,-3
65,5,61,6.063619613647461,-4
65,6,69,6.147777557373047,4
65,7,39,6.515995979309082,-26
65,8,63,7.549986839294434,-2
66,1,67,5.174292087554932,1
66,2,65,5.390041351318359,-1
66,3,63,5.870670318603516,-3
66,4,70,5.946261405944824,4
66,5,62,5.968111038208008,-4
66,6,69,6.031610012054443,3
66,7,64,7.334508419036865,-2
66,8,68,7.366226673126221,2
67,1,66,5.174292087554932,-1
67,2,68,5.554886817932129,1
67,3,17,5.704281806945801,-50
67,4,70,5.946014881134033,3
67,5,63,6.101988315582275,-4
67,6,64,6.1732096672058105,-3
67,7,71,6.289416313171387,4
67,8,18,7.358820915222168,-49
68,1,69,5.336093902587891,1
68,2,35,5.47742223739624,-33
68,3,67,5.554886817932129,-1
68,4,65,5.8717474937438965,-3
68,5,64,6.090329647064209,-4
68,6,39,6.522581577301025,-29
68,7,12,6.953715801239014,-56
68,8,71,6.991612911224365,3
69,1,68,5.336093902587891,-1
69,2,70,5.3824849128723145,1
69,3,66,6.031610012054443,-3
69,4,65,6.147777557373047,-4
69,5,67,7.484811782836914,-2
69,6,71,7.843929767608643,2
69,7,64,9.589137077331543,-5
69,8,72,9.601898193359375,3
70,1,71,5.352280139923096,1
70,2,69,5.3824849128723145,-1
70,3,67,5.946014881134033,-3
70,4,66,5.946261405944824,-4
70,5,68,7.753075122833252,-2
70,6,72,7.858022689819336,2
70,7,65,9.567910194396973,-5
70,8,73,9.960169792175293,3
71,1,70,5.352280139923096,-1
71,2,73,5.82581090927124,2
71,3,72,6.1961164474487305,1
71,4,67,6.289416313171387,-4
71,5,68,6.991612911224365,-3
71,6,69,7.843929767608643,-2
71,7,12,8.339835166931152,-59
71,8,74,8.893637657165527,3
72,1,73,5.827800273895264,1
72,2,71,6.1961164474487305,-1
72,3,70,7.858022689819336,-2
72,4,74,7.871840953826904,2
72,5,69,9.601898193359375,-3
72,6,68,11.189362525939941,-4
72,7,67,11.88968563079834,-5
72,8,75,12.156656265258789,3
73,1,74,5.707034111022949,1
73,2,71,5.82581090927124,-2
73,3,72,5.827800273895264,-1
73,4,75,8.101614952087402,2
73,5,82,8.260345458984375,9
73,6,76,9.725862503051758,3
73,7,70,9.960169792175293,-3
73,8,79,10.263078689575195,6
74,1,75,4.887728214263916,1
74,2,73,5.707034111022949,-1
74,3,72,7.871840953826904,-2
74,4,76,7.917084693908691,2
74,5,71,8.893637657165527,-3
74,6,70,10.351449012756348,-4
74,7,77,11.532590866088867,3
74,8,82,12.935909271240234,8
75,1,76,3.5883452892303467,1
75,2,74,4.887728214263916,-1
75,3,77,7.628220558166504,2
75,4,73,8.101614952087402,-2
75,5,71,11.090245246887207,-4
75,6,79,11.437073707580566,4
75,7,78,11.827709197998047,3
75,8,72,12.156656265258789,-3
76,1,75,3.5883452892303467,-1
76,2,77,4.767381191253662,1
76,3,74,7.917084693908691,-2
76,4,78,8.640871047973633,2
76,5,79,9.490883827209473,3
76,6,73,9.725862503051758,-3
76,7,82,13.013200759887695,6
76,8,71,13.351821899414062,-5
77,1,78,4.394069194793701,1
77,2,76,4.767381191253662,-1
77,3,79,6.163419246673584,2
77,4,75,7.628220558166504,-2
77,5,81,10.644287109375,4
77,6,80,10.651083946228027,3
77,7,73,11.163265228271484,-4
77,8,74,11.532590866088867,-3
78,1,77,4.394069194793701,-1
78,2,79,5.789113998413086,1
78,3,80,8.0175142288208,2
78,4,76,8.640871047973633,-2
78,5,81,9.782682418823242,3
78,6,75,11.827709197998047,-3
78,7,82,12.536616325378418,4
78,8,83,13.25209903717041,5
79,1,81,4.499128341674805,2
79,2,78,5.789113998413086,-1
79,3,80,5.950494766235352,1
79,4,77,6.163419246673584,-2
79,5,82,7.429310321807861,3
79,6,76,9.490883827209473,-3
79,7,83,9.862224578857422,4
79,8,73,10.263078689575195,-6
80,1,81,5.498940944671631,1
80,2,79,5.950494766235352,-1
80,3,83,6.3949713706970215,3
80,4,78,8.0175142288208,-2
80,5,82,8.337837219238281,2
80,6,275,10.520127296447754,195
80,7,77,10.651083946228027,-3
80,8,85,11.419600486755371,5
81,1,79,4.499128341674805,-2
81,2,80,5.498940944671631,-1
81,3,82,5.625228404998779,1
81,4,83,7.848416328430176,2
81,5,275,8.888510704040527,194
81,6,10,9.254888534545898,-71
81,7,78,9.782682418823242,-3
81,8,274,10.154871940612793,193
82,1,81,5.625228404998779,-1
82,2,83,6.17332124710083,1
82,3,84,7.200109004974365,2
82,4,79,7.429310321807861,-3
82,5,73,8.260345458984375,-9
82,6,80,8.337837219238281,-2
82,7,10,9.46498966217041,-72
82,8,85,10.203028678894043,3
83,1,85,6.011213302612305,2
83,2,84,6.032233715057373,1
83,3,82,6.17332124710083,-1
83,4,80,6.3949713706970215,-3
83,5,81,7.848416328430176,-2
83,6,89,9.146244049072266,6
83,7,79,9.862224578857422,-4
83,8,86,10.817873001098633,3
84,1,85,5.897823810577393,1
84,2,83,6.032233715057373,-1
84,3,82,7.200109004974365,-2
84,4,86,8.043272972106934,2
84,5,89,9.341446876525879,5
84,6,90,10.7940092086792,6
84,7,87,11.076950073242188,3
84,8,81,11.591964721679688,-3
85,1,89,4.131311416625977,4
85,2,86,5.6054301261901855,1
85,3,90,5.651760578155518,5
85,4,84,5.897823810577393,-1
85,5,83,6.011213302612305,-2
85,6,93,7.773816108703613,8
85,7,87,8.013014793395996,2
85,8,88,8.501599311828613,3
86,1,88,4.666234970092773,2
86,2,89,4.751542091369629,3
86,3,87,5.321298599243164,1
86,4,85,5.6054301261901855,-1
86,5,90,7.176146507263184,4
86,6,84,8.043272972106934,-2
86,7,91,8.79338550567627,5
86,8,92,9.31341552734375,6
87,1,86,5.321298599243164,-1
87,2,90,5.5218305587768555,3
87,3,88,5.545416831970215,1
87,4,91,6.421223163604736,4
87,5,89,7.442911624908447,2
87,6,85,8.013014793395996,-2
87,7,92,9.949957847595215,5
87,8,94,10.38110065460205,7
88,1,86,4.666234970092773,-2
88,2,89,5.366685390472412,1
88,3,87,5.545416831970215,-1
88,4,91,5.617384910583496,3
88,5,92,6.530879974365234,4
88,6,90,7.236063003540039,2
88,7,85,8.501599311828613,-3
88,8,93,9.839052200317383,5
89,1,85,4.131311416625977,-4
89,2,86,4.751542091369629,-3
89,3,88,5.366685390472412,-1
89,4,90,5.406243324279785,1
89,5,92,5.635461330413818,3
89,6,93,6.4777631759643555,4
89,7,91,7.310333251953125,2
89,8,87,7.442911624908447,-2
90,1,91,5.378658294677734,1
90,2,89,5.406243324279785,-1
90,3,93,5.514928340911865,3
90,4,87,5.5218305587768555,-3
90,5,85,5.651760578155518,-5
90,6,94,6.38786506652832,4
90,7,86,7.176146507263184,-4
90,8,88,7.236063003540039,-2
91,1,90,5.378658294677734,-1
91,2,92,5.408865928649902,1
91,3,88,5.617384910583496,-3
91,4,94,5.6249871253967285,3
91,5,87,6.421223163604736,-4
91,6,95,6.6855082511901855,4
91,7,93,7.26594352722168,2
91,8,89,7.310333251953125,-2
92,1,91,5.408865928649902,-1
92,2,93,5.422535419464111,1
92,3,89,5.635461330413818,-3
92,4,95,5.78182315826416,3
92,5,88,6.530879974365234,-4
92,6,96,6.992100238800049,4
92,7,90,7.273662567138672,-2
92,8,94,7.37841272354126,2
93,1,94,5.401796340942383,1
93,2,92,5.422535419464111,-1
93,3,90,5.514928340911865,-3
93,4,96,5.9244608879089355,3
93,5,89,6.4777631759643555,-4
93,6,97,6.669642925262451,4
93,7,91,7.26594352722168,-2
93,8,95,7.281617164611816,2
94,1,97,5.189393520355225,3
94,2,93,5.401796340942383,-1
94,3,95,5.464847564697266,1
94,4,91,5.6249871253967285,-3
94,5,90,6.38786506652832,-4
94,6,92,7.37841272354126,-2
94,7,96,7.484546661376953,2
94,8,331,9.026653289794922,237
95,1,96,5.4296722412109375,1
95,2,94,5.464847564697266,-1
95,3,92,5.78182315826416,-3
95,4,91,6.6855082511901855,-4
95,5,97,7.114198684692383,2
95,6,93,7.281617164611816,-2
95,7,98,9.632769584655762,3
95,8,90,9.919748306274414,-5
96,1,95,5.4296722412109375,-1
96,2,97,5.759275913238525,1
96,3,93,5.9244608879089355,-3
96,4,92,6.992100238800049,-4
96,5,98,7.216506481170654,2
96,6,94,7.484546661376953,-2
96,7,117,10.052410125732422,21
96,8,91,10.230436325073242,-5
97,1,98,4.81307315826416,1
97,2,94,5.189393520355225,-3
97,3,117,5.749032497406006,20
97,4,96,5.759275913238525,-1
97,5,116,6.436448097229004,19
97,6,118,6.585550308227539,21
97,7,93,6.669642925262451,-4
97,8,95,7.114198684692383,-2
98,1,99,4.634751796722412,1
98,2,97,4.81307315826416,-1
98,3,117,4.89316463470459,19
98,4,151,5.754482746124268,53
98,5,116,7.0414814949035645,18
98,6,96,7.216506481170654,-2
98,7,100,7.885350227355957,2
98,8,150,7.899019241333008,52
99,1,114,4.259115695953369,15
99,2,98,4.634751796722412,-1
99,3,116,5.044361114501953,17
99,4,113,5.188254356384277,14
99,5,100,5.62261962890625,1
99,6,115,5.887603759765625,16
99,7,117,6.494241714477539,18
99,8,101,6.941354274749756,2
100,1,115,4.350879192352295,15
100,2,142,4.925336837768555,42
100,3,141,5.5813469886779785,41
100,4,138,5.6040778160095215,38
100,5,99,5.62261962890625,-1
100,6,279,5.732170104980469,179
100,7,101,5.9718546867370605,1
100,8,114,6.223832130432129,14
101,1,114,5.566896915435791,13
101,2,108,5.649417400360107,7
101,3,141,5.656619071960449,40
101,4,102,5.673037052154541,1
101,5,100,5.9718546867370605,-1
101,6,103,6.125771999359131,2
101,7,150,6.84087610244751,49
101,8,99,6.941354274749756,-2
102,1,104,4.57553243637085,2
102,2,107,4.684836387634277,5
102,3,108,5.456965923309326,6
102,4,346,5.5124969482421875,244
102,5,101,5.673037052154541,-1
102,6,103,5.712288856506348,1
102,7,114,5.954471111297607,12
102,8,134,6.693288803100586,32
103,1,104,5.707848072052002,1
103,2,102,5.712288856506348,-1
103,3,346,5.843622207641602,243
103,4,101,6.125771999359131,-2
103,5,347,6.182087421417236,244
103,6,141,6.643388271331787,38
103,7,345,6.840683937072754,242
103,8,137,7.194549560546875,34
104,1,107,3.8937697410583496,3
104,2,102,4.57553243637085,-2
104,3,346,4.672188758850098,242
104,4,339,5.005376815795898,235
104,5,348,5.582517147064209,244
104,6,103,5.707848072052002,-1
104,7,106,5.825000286102295,2
104,8,347,5.92871618270874,243
105,1,348,5.332026958465576,243
105,2,106,5.359215259552002,1
105,3,108,5.562012195587158,3
105,4,104,6.116162300109863,-1
105,5,109,6.139256477355957,4
105,6,107,7.456377029418945,2
105,7,103,8.119458198547363,-2
105,8,102,8.632013320922852,-3
106,1,337,3.8688039779663086,231
106,2,105,5.359215259552002,-1
106,3,107,5.421540260314941,1
106,4,348,5.612008094787598,242
106,5,109,5.684622287750244,3
106,6,104,5.825000286102295,-2
106,7,338,6.450136184692383,232
106,8,339,6.713346004486084,233
107,1,104,3.8937697410583496,-3
107,2,102,4.684836387634277,-5
107,3,108,5.410288333892822,1
107,4,106,5.421540260314941,-1
107,5,324,5.579596519470215,217
107,6,337,5.797394275665283,230
107,7,339,5.835414886474609,232
107,8,111,6.3398003578186035,4
108,1,114,4.30402135848999,6
108,2,113,4.615334510803223,5
108,3,107,5.410288333892822,-1
108,4,102,5.456965923309326,-6
108,5,109,5.475697994232178,1
108,6,105,5.562012195587158,-3
108,7,101,5.649417400360107,-7
108,8,111,5.836629867553711,3
109,1,110,5.263798236846924,1
109,2,108,5.475697994232178,-1
109,3,106,5.684622287750244,-3
109,4,105,6.139256477355957,-4
109,5,112,6.467667102813721,3
109,6,113,6.853695869445801,4
109,7,107,7.202968597412109,-2
109,8,111,7.334437847137451,2
110,1,335,4.319962024688721,225
110,2,326,4.751921653747559,216
110,3,109,5.263798236846924,-1
110,4,111,5.538191795349121,1
110,5,337,5.647732257843018,227
110,6,332,6.083105564117432,222
110,7,107,6.345824718475342,-3
110,8,112,6.926975250244141,2
111,1,114,4.148961544036865,3
111,2,112,4.7720489501953125,1
111,3,110,5.538191795349121,-1
111,4,113,5.658615589141846,2
111,5,108,5.836629867553711,-3
111,6,115,6.202838897705078,4
111,7,107,6.3398003578186035,-4
111,8,332,6.828919887542725,221
112,1,113,3.867652416229248,1
112,2,111,4.7720489501953125,-1
112,3,114,5.966091156005859,2
112,4,332,6.033402442932129,220
112,5,109,6.467667102813721,-3
112,6,108,6.885983467102051,-4
112,7,110,6.926975250244141,-2
112,8,99,7.388269901275635,-13
113,1,114,3.8503663539886475,1
113,2,112,3.867652416229248,-1
113,3,108,4.615334510803223,-5
113,4,99,5.188254356384277,-14
113,5,111,5.658615589141846,-2
113,6,109,6.853695869445801,-4
113,7,101,7.181558609008789,-12
113,8,116,8.00344467163086,3
114,1,113,3.8503663539886475,-1
114,2,111,4.148961544036865,-3
114,3,99,4.259115695953369,-15
114,4,108,4.30402135848999,-6
114,5,115,4.897682189941406,1
114,6,101,5.566896915435791,-13
114,7,102,5.954471111297607,-12
114,8,112,5.966091156005859,-2
115,1,100,4.350879192352295,-15
115,2,114,4.897682189941406,-1
115,3,279,5.159595489501953,164
115,4,121,5.6340718269348145,6
115,5,99,5.887603759765625,-16
115,6,116,5.902711391448975,1
115,7,111,6.202838897705078,-4
115,8,138,6.301748752593994,23
116,1,119,4.621469020843506,3
116,2,99,5.044361114501953,-17
116,3,117,5.684659957885742,1
116,4,115,5.902711391448975,-1
116,5,97,6.436448097229004,-19
116,6,279,6.646332263946533,163
116,7,114,6.7345781326293945,-2
116,8,111,7.005338668823242,-5
117,1,118,4.883603572845459,1
117,2,98,4.89316463470459,-19
117,3,279,5.0451226234436035,162
117,4,116,5.684659957885742,-1
117,5,277,5.728362083435059,160
117,6,97,5.749032497406006,-20
117,7,278,6.325235843658447,161
117,8,237,6.436679363250732,120
118,1,117,4.883603572845459,-1
118,2,273,5.0315093994140625,155
118,3,274,5.205142974853516,156
118,4,119,5.543421745300293,1
118,5,277,5.6576056480407715,159
118,6,97,6.585550308227539,-21
118,7,116,7.137224197387695,-2
118,8,278,7.333020210266113,160
119,1,310,4.389671802520752,191
119,2,116,4.621469020843506,-3
119,3,118,5.543421745300293,-1
119,4,120,5.632676601409912,1
119,5,311,5.981159210205078,192
119,6,273,6.003514766693115,154
119,7,121,6.200533866882324,2
119,8,279,6.603860378265381,160
120,1,280,4.52960205078125,160
120,2,309,4.9878010749816895,189
120,3,310,5.030087947845459,190
120,4,269,5.456912517547607,149
120,5,119,5.632676601409912,-1
120,6,273,5.811000347137451,153
120,7,270,5.8381428718566895,150
120,8,121,5.928005218505859,1
121,1,311,4.2694411277771,190
121,2,281,5.387368679046631,160
121,3,115,5.6340718269348145,-6
121,4,122,5.897820949554443,1
121,5,120,5.928005218505859,-1
121,6,119,6.200533866882324,-2
121,7,309,6.544620037078857,188
121,8,279,6.7936601638793945,158
122,1,309,3.415696144104004,187
122,2,282,4.625942707061768,160
122,3,312,4.766270160675049,190
122,4,284,5.59836483001709,162
122,5,121,5.897820949554443,-1
122,6,123,5.932595729827881,1
122,7,124,6.133756637573242,2
122,8,120,6.746067047119141,-2
123,1,283,4.809490203857422,160
123,2,131,4.830077648162842,8
123,3,313,4.85414981842041,190
123,4,122,5.932595729827881,-1
123,5,124,6.011642932891846,1
123,6,315,6.364037990570068,192
123,7,134,6.369391918182373,11
123,8,281,6.687817096710205,158
124,1,299,4.4444169998168945,175
124,2,125,4.496501922607422,1
124,3,284,4.820657253265381,160
124,4,314,4.87033748626709,190
124,5,123,6.011642932891846,-1
124,6,122,6.133756637573242,-2
124,7,286,6.200191974639893,162
124,8,312,6.338675022125244,188
125,1,124,4.496501922607422,-1
125,2,315,4.707187175750732,190
125,3,126,4.810587406158447,1
125,4,286,4.814298629760742,161
125,5,129,5.150235176086426,4
125,6,314,6.0276055335998535,189
125,7,131,6.315166473388672,6
125,8,316,6.318233013153076,191
126,1,125,4.810587406158447,-1
126,2,127,5.274155616760254,1
126,3,129,5.327412128448486,3
126,4,286,5.446877956390381,160
126,5,316,6.5734453201293945,190
126,6,128,6.668163776397705,2
126,7,317,7.247335433959961,191
126,8,315,7.660003185272217,189
127,1,128,4.658400535583496,1
127,2,126,5.274155616760254,-1
127,3,129,7.303181171417236,2
127,4,285,7.5753068923950195,158
127,5,125,8.015814781188965,-2
127,6,286,8.775406837463379,159
127,7,131,8.938427925109863,4
127,8,130,9.137712478637695,3
128,1,127,4.658400535583496,-1
128,2,129,4.958017826080322,1
128,3,130,5.5488600730896,2
128,4,126,6.668163776397705,-2
128,5,131,7.807123184204102,3
128,6,132,8.498220443725586,4
128,7,125,8.535155296325684,-3
128,8,317,8.542731285095215,189
129,1,315,3.951070547103882,186
129,2,130,4.776227951049805,1
129,3,128,4.958017826080322,-1
129,4,125,5.150235176086426,-4
129,5,126,5.327412128448486,-3
129,6,322,6.114345550537109,193
129,7,316,6.144442558288574,187
129,8,131,6.320253849029541,2
130,1,133,4.178648471832275,3
130,2,129,4.776227951049805,-1
130,3,131,4.948164939880371,1
130,4,128,5.5488600730896,-2
130,5,315,6.127549648284912,185
130,6,341,6.154789924621582,211
130,7,134,6.173737525939941,4
130,8,132,6.1989336013793945,2
131,1,283,4.212359428405762,152
131,2,123,4.830077648162842,-8
131,3,130,4.948164939880371,-1
131,4,132,5.195462703704834,1
131,5,315,6.036666393280029,184
131,6,134,6.248441696166992,3
131,7,125,6.315166473388672,-6
131,8,129,6.320253849029541,-2
132,1,163,4.659724712371826,31
132,2,131,5.195462703704834,-1
132,3,135,5.3088555335998535,3
132,4,133,5.408623218536377,1
132,5,242,5.510827541351318,110
132,6,130,6.1989336013793945,-2
132,7,136,6.259750843048096,4
132,8,283,6.664208889007568,151
133,1,130,4.178648471832275,-3
133,2,341,5.313663482666016,208
133,3,132,5.408623218536377,-1
133,4,134,5.461906433105469,1
133,5,136,6.0243306159973145,3
133,6,137,6.499973773956299,4
133,7,346,6.8210062980651855,213
133,8,345,6.967634677886963,212
134,1,135,5.419072151184082,1
134,2,133,5.461906433105469,-1
134,3,137,5.670125961303711,3
134,4,346,5.705705642700195,212
134,5,130,6.173737525939941,-4
134,6,138,6.200960159301758,4
134,7,131,6.248441696166992,-3
134,8,123,6.369391918182373,-11
135,1,240,4.877021789550781,105
135,2,242,5.19976282119751,107
135,3,132,5.3088555335998535,-3
135,4,136,5.342013359069824,1
135,5,134,5.419072151184082,-1
135,6,138,5.825446605682373,3
135,7,281,5.878291606903076,146
135,8,283,6.1686177253723145,148
136,1,137,5.27896785736084,1
136,2,135,5.342013359069824,-1
136,3,169,5.347439765930176,33
136,4,139,5.651669025421143,3
136,5,168,5.894908905029297,32
136,6,133,6.0243306159973145,-3
136,7,172,6.0498576164245605,36
136,8,132,6.259750843048096,-4
137,1,172,5.042881965637207,35
137,2,136,5.27896785736084,-1
137,3,138,5.447096347808838,1
137,4,345,5.4997639656066895,208
137,5,346,5.502225875854492,209
137,6,134,5.670125961303711,-3
137,7,140,5.796753883361816,3
137,8,141,5.884036064147949,4
138,1,141,5.390596866607666,3
138,2,137,5.447096347808838,-1
138,3,139,5.496647834777832,1
138,4,100,5.6040778160095215,-38
138,5,135,5.825446605682373,-3
138,6,142,6.116207599639893,4
138,7,238,6.153485298156738,100
138,8,134,6.200960159301758,-4
139,1,155,3.9023241996765137,16
139,2,208,5.134805679321289,69
139,3,157,5.468583106994629,18
139,4,138,5.496647834777832,-1
139,5,140,5.502352237701416,1
139,6,136,5.651669025421143,-3
139,7,240,6.313231945037842,101
139,8,238,6.458562850952148,99
140,1,172,4.821850776672363,32
140,2,173,4.989851474761963,33
140,3,141,5.183385372161865,1
140,4,176,5.2008466720581055,36
140,5,139,5.502352237701416,-1
140,6,137,5.796753883361816,-3
140,7,204,5.986212730407715,64
140,8,143,6.2599778175354,3
141,1,140,5.183385372161865,-1
141,2,138,5.390596866607666,-3
141,3,100,5.5813469886779785,-41
141,4,101,5.656619071960449,-40
141,5,142,5.721627712249756,1
141,6,144,5.74437952041626,3
141,7,137,5.884036064147949,-4
141,8,176,6.533111095428467,35
142,1,238,4.0922040939331055,96
142,2,100,4.925336837768555,-42
142,3,153,5.21097993850708,11
142,4,237,5.2516255378723145,95
142,5,155,5.295899391174316,13
142,6,143,5.3904571533203125,1
142,7,141,5.721627712249756,-1
142,8,151,6.0470733642578125,9
143,1,142,5.3904571533203125,-1
143,2,153,5.533902168273926,10
143,3,204,5.648229122161865,61
143,4,207,5.679662704467773,64
143,5,144,5.858147144317627,1
143,6,140,6.2599778175354,-3
143,7,154,6.711256980895996,11
143,8,152,6.902075290679932,9
144,1,150,4.005444526672363,6
144,2,148,5.250153064727783,4
144,3,141,5.74437952041626,-3
144,4,145,5.776594161987305,1
144,5,143,5.858147144317627,-1
144,6,149,6.66947603225708,5
144,7,180,6.913119792938232,36
144,8,176,6.996537208557129,32
145,1,195,4.050414085388184,50
145,2,152,5.043540000915527,7
145,3,148,5.193308353424072,3
145,4,147,5.24741268157959,2
145,5,146,5.521350860595703,1
145,6,144,5.776594161987305,-1
145,7,199,6.330394268035889,54
145,8,150,6.410020351409912,5
146,1,152,5.157523155212402,6
146,2,147,5.440102577209473,1
146,3,145,5.521350860595703,-1
146,4,150,5.751245021820068,4
146,5,149,5.930731296539307,3
146,6,151,7.002870559692383,5
146,7,148,7.39795446395874,2
146,8,195,8.193975448608398,49
147,1,191,4.946279048919678,44
147,2,195,5.213393211364746,48
147,3,145,5.24741268157959,-2
147,4,146,5.440102577209473,-1
147,5,148,5.51241397857666,1
147,6,192,5.665276527404785,45
147,7,149,6.989090919494629,2
147,8,150,8.418009757995605,3
148,1,149,4.890749454498291,1
148,2,145,5.193308353424072,-3
148,3,144,5.250153064727783,-4
148,4,180,5.493441104888916,32
148,5,147,5.51241397857666,-1
148,6,150,5.724198341369629,2
148,7,183,6.1795125007629395,35
148,8,192,7.062790393829346,44
149,1,150,3.8480401039123535,1
149,2,148,4.890749454498291,-1
149,3,146,5.930731296539307,-3
149,4,144,6.66947603225708,-5
149,5,147,6.989090919494629,-2
149,6,145,7.619977951049805,-4
149,7,101,7.746521949768066,-48
149,8,151,7.861439228057861,2
150,1,149,3.8480401039123535,-1
150,2,144,4.005444526672363,-6
150,3,151,4.735666275024414,1
150,4,148,5.724198341369629,-2
150,5,146,5.751245021820068,-4
150,6,145,6.410020351409912,-5
150,7,152,6.432628154754639,2
150,8,101,6.84087610244751,-49
151,1,150,4.735666275024414,-1
151,2,237,4.947150230407715,86
151,3,153,5.339656829833984,2
151,4,98,5.754482746124268,-53
151,5,152,5.7672576904296875,1
151,6,142,6.0470733642578125,-9
151,7,100,6.323032855987549,-51
151,8,117,6.907820701599121,-34
152,1,153,5.018082618713379,1
152,2,145,5.043540000915527,-7
152,3,146,5.157523155212402,-6
152,4,151,5.7672576904296875,-1
152,5,150,6.432628154754639,-2
152,6,143,6.902075290679932,-9
152,7,144,7.169390678405762,-8
152,8,235,7.786470413208008,83
153,1,237,4.078941822052002,84
153,2,154,4.744414329528809,1
153,3,152,5.018082618713379,-1
153,4,235,5.152645587921143,82
153,5,142,5.21097993850708,-11
153,6,151,5.339656829833984,-2
153,7,143,5.533902168273926,-10
153,8,236,6.768991470336914,83
154,1,207,4.311302185058594,53
154,2,235,4.584654331207275,81
154,3,236,4.600661277770996,82
154,4,153,4.744414329528809,-1
154,5,155,5.533741474151611,1
154,6,233,6.451491355895996,79
154,7,143,6.711256980895996,-11
154,8,237,6.748878479003906,83
155,1,139,3.9023241996765137,-16
155,2,238,4.475805759429932,83
155,3,208,4.771273612976074,53
155,4,142,5.295899391174316,-13
155,5,154,5.533741474151611,-1
155,6,156,5.781369686126709,1
155,7,157,5.925320148468018,2
155,8,207,6.704779624938965,52
156,1,239,4.599171161651611,83
156,2,209,4.772776126861572,53
156,3,236,5.702450752258301,80
156,4,155,5.781369686126709,-1
156,5,157,5.849518299102783,1
156,6,158,6.660378932952881,2
156,7,240,6.731997013092041,84
156,8,238,6.898276329040527,82
157,1,240,4.828313827514648,83
157,2,210,5.081233501434326,53
157,3,139,5.468583106994629,-18
157,4,156,5.849518299102783,-1
157,5,155,5.925320148468018,-2
157,6,208,5.933528423309326,51
157,7,158,6.076187610626221,1
157,8,159,6.155557155609131,2
158,1,241,4.606043338775635,83
158,2,211,4.771468162536621,53
158,3,213,5.921109676361084,55
158,4,159,5.997443675994873,1
158,5,222,6.0087056159973145,64
158,6,157,6.076187610626221,-1
158,7,240,6.360843181610107,82
158,8,156,6.660378932952881,-2
159,1,164,4.4741129875183105,5
159,2,162,4.880824565887451,3
159,3,242,5.208953857421875,83
159,4,212,5.43178129196167,53
159,5,158,5.997443675994873,-1
159,6,160,5.998250484466553,1
159,7,157,6.155557155609131,-2
159,8,163,6.53675651550293,4
160,1,243,4.5062079429626465,83
160,2,246,4.6815667152404785,86
160,3,213,5.1621785163879395,53
160,4,247,5.251909255981445,87
160,5,161,5.2764153480529785,1
160,6,159,5.998250484466553,-1
160,7,219,6.1802825927734375,59
160,8,242,6.373635768890381,82
161,1,163,4.682860851287842,2
161,2,162,4.772089958190918,1
161,3,160,5.2764153480529785,-1
161,4,246,5.381627559661865,85
161,5,243,5.542504787445068,82
161,6,242,6.513587951660156,81
161,7,159,6.584235668182373,-2
161,8,132,7.775198936462402,-29
162,1,161,4.772089958190918,-1
162,2,163,4.778770923614502,1
162,3,159,4.880824565887451,-3
162,4,164,5.889115333557129,2
162,5,212,6.631163597106934,50
162,6,160,7.364151954650879,-2
162,7,242,8.05217456817627,80
162,8,165,8.955045700073242,3
163,1,132,4.659724712371826,-31
163,2,161,4.682860851287842,-2
163,3,162,4.778770923614502,-1
163,4,164,5.863523960113525,1
163,5,242,6.365309715270996,79
163,6,159,6.53675651550293,-4
163,7,165,7.166738033294678,2
163,8,243,8.318089485168457,80
164,1,159,4.4741129875183105,-5
164,2,163,5.863523960113525,-1
164,3,162,5.889115333557129,-2
164,4,165,5.983914852142334,1
164,5,157,6.207803249359131,-7
164,6,210,6.35179328918457,46
164,7,136,6.9227705001831055,-28
164,8,242,7.031665802001953,78
165,1,168,3.955054998397827,3
165,2,167,5.581336975097656,2
165,3,164,5.983914852142334,-1
165,4,166,5.994287014007568,1
165,5,169,6.997725963592529,4
165,6,163,7.166738033294678,-2
165,7,136,7.2826409339904785,-29
165,8,132,8.381689071655273,-33
166,1,169,5.423497676849365,3
166,2,167,5.476916790008545,1
166,3,165,5.994287014007568,-1
166,4,170,6.510872840881348,4
166,5,168,7.223379135131836,2
166,6,164,7.245721817016602,-2
166,7,205,7.488399505615234,39
166,8,210,8.671801567077637,44
167,1,168,5.323383808135986,1
167,2,170,5.466130256652832,3
167,3,166,5.476916790008545,-1
167,4,165,5.581336975097656,-2
167,5,171,6.999936580657959,4
167,6,169,7.36068868637085,2
167,7,172,9.958029747009277,5
167,8,136,10.475476264953613,-31
168,1,165,3.955054998397827,-3
168,2,167,5.323383808135986,-1
168,3,169,5.53275728225708,1
168,4,171,5.600651741027832,3
168,5,136,5.894908905029297,-32
168,6,172,6.570534706115723,4
168,7,170,7.161879539489746,2
168,8,166,7.223379135131836,-2
169,1,136,5.347439765930176,-33
169,2,166,5.423497676849365,-3
169,3,172,5.493047714233398,3
169,4,168,5.53275728225708,-1
169,5,170,5.551617622375488,1
169,6,173,5.939880847930908,4
169,7,140,6.497424602508545,-29
169,8,205,6.800089359283447,36
170,1,167,5.466130256652832,-3
170,2,171,5.507028102874756,1
170,3,169,5.551617622375488,-1
170,4,173,5.725564956665039,3
170,5,174,6.130012512207031,4
170,6,166,6.510872840881348,-4
170,7,201,6.704452991485596,31
170,8,168,7.161879539489746,-2
171,1,172,5.1069488525390625,1
171,2,170,5.507028102874756,-1
171,3,168,5.600651741027832,-3
171,4,174,5.861852169036865,3
171,5,343,5.90540075302124,172
171,6,175,6.1845598220825195,4
171,7,167,6.999936580657959,-4
171,8,345,7.257704257965088,174
172,1,140,4.821850776672363,-32
172,2,137,5.042881965637207,-35
172,3,171,5.1069488525390625,-1
172,4,173,5.300200462341309,1
172,5,169,5.493047714233398,-3
172,6,345,5.637626647949219,173
172,7,175,5.766040802001953,3
172,8,136,6.0498576164245605,-36
173,1,204,4.4576544761657715,31
173,2,140,4.989851474761963,-33
173,3,172,5.300200462341309,-1
173,4,174,5.363424777984619,1
173,5,201,5.463751316070557,28
173,6,176,5.59148645401001,3
173,7,170,5.725564956665039,-3
173,8,169,5.939880847930908,-4
174,1,175,5.260191917419434,1
174,2,173,5.363424777984619,-1
174,3,177,5.848837852478027,3
174,4,171,5.861852169036865,-3
174,5,170,6.130012512207031,-4
174,6,178,6.384890556335449,4
174,7,201,6.506834030151367,27
174,8,176,7.27212381362915,2
175,1,344,3.7628800868988037,169
175,2,174,5.260191917419434,-1
175,3,176,5.403244972229004,1
175,4,178,5.755740642547607,3
175,5,172,5.766040802001953,-3
175,6,171,6.1845598220825195,-4
175,7,345,6.256791591644287,170
175,8,179,6.330263614654541,4
176,1,140,5.2008466720581055,-36
176,2,175,5.403244972229004,-1
176,3,177,5.4170637130737305,1
176,4,173,5.59148645401001,-3
176,5,179,5.681772708892822,3
176,6,172,6.313193321228027,-4
176,7,180,6.511762619018555,4
176,8,141,6.533111095428467,-35
177,1,178,5.318812847137451,1
177,2,176,5.4170637130737305,-1
177,3,174,5.848837852478027,-3
177,4,180,6.076169967651367,3
177,5,199,6.346200466156006,22
177,6,181,6.355383396148682,4
177,7,173,6.430384159088135,-4
177,8,201,6.827779293060303,24
178,1,179,5.295414924621582,1
178,2,177,5.318812847137451,-1
178,3,181,5.655198574066162,3
178,4,175,5.755740642547607,-3
178,5,174,6.384890556335449,-4
178,6,182,6.748379707336426,4
178,7,176,7.311135768890381,-2
178,8,180,7.548683166503906,2
179,1,178,5.295414924621582,-1
179,2,180,5.332181453704834,1
179,3,176,5.681772708892822,-3
179,4,182,5.903303623199463,3
179,5,175,6.330263614654541,-4
179,6,183,6.846670150756836,4
179,7,181,7.201521873474121,2
179,8,177,7.269183158874512,-2
180,1,179,5.332181453704834,-1
180,2,148,5.493441104888916,-32
180,3,183,5.4999542236328125,3
180,4,181,5.552264213562012,1
180,5,177,6.076169967651367,-3
180,6,196,6.208835601806641,16
180,7,184,6.268543720245361,4
180,8,176,6.511762619018555,-4
181,1,182,5.354726314544678,1
181,2,180,5.552264213562012,-1
181,3,178,5.655198574066162,-3
181,4,184,5.688865661621094,3
181,5,196,6.350793361663818,15
181,6,177,6.355383396148682,-4
181,7,185,6.470640182495117,4
181,8,179,7.201521873474121,-2
182,1,181,5.354726314544678,-1
182,2,183,5.423232555389404,1
182,3,185,5.8488969802856445,3
182,4,179,5.903303623199463,-3
182,5,186,6.681567668914795,4
182,6,178,6.748379707336426,-4
182,7,180,7.3124284744262695,-2
182,8,184,7.3740105628967285,2
183,1,184,5.355445384979248,1
183,2,182,5.423232555389404,-1
183,3,180,5.4999542236328125,-3
183,4,186,5.8220367431640625,3
183,5,148,6.1795125007629395,-35
183,6,187,6.435414791107178,4
183,7,179,6.846670150756836,-4
183,8,192,6.930504322052002,9
184,1,192,3.818633794784546,8
184,2,183,5.355445384979248,-1
184,3,185,5.4120283126831055,1
184,4,181,5.688865661621094,-3
184,5,196,5.698981285095215,12
184,6,193,5.791161060333252,9
184,7,180,6.268543720245361,-4
184,8,187,6.333629131317139,3
185,1,186,5.255056858062744,1
185,2,184,5.4120283126831055,-1
185,3,182,5.8488969802856445,-3
185,4,181,6.470640182495117,-4
185,5,183,7.3429856300354,-2
185,6,188,7.457016468048096,3
185,7,187,7.788556098937988,2
185,8,192,8.684965133666992,7
186,1,187,5.163703441619873,1
186,2,185,5.255056858062744,-1
186,3,183,5.8220367431640625,-3
186,4,182,6.681567668914795,-4
186,5,184,7.268058776855469,-2
186,6,188,7.560391426086426,2
186,7,192,9.09622573852539,6
186,8,189,9.583325386047363,3
187,1,186,5.163703441619873,-1
187,2,189,5.2384033203125,2
187,3,192,5.68721342086792,5
187,4,188,5.760354518890381,1
187,5,184,6.333629131317139,-3
187,6,183,6.435414791107178,-4
187,7,185,7.788556098937988,-2
187,8,191,8.886966705322266,4
188,1,189,4.963553428649902,1
188,2,187,5.760354518890381,-1
188,3,185,7.457016468048096,-3
188,4,186,7.560391426086426,-2
188,5,184,8.087495803833008,-4
188,6,192,8.14804744720459,4
188,7,190,8.267908096313477,2
188,8,193,8.463455200195312,5
189,1,190,4.838692665100098,1
189,2,192,4.902684211730957,3
189,3,188,4.963553428649902,-1
189,4,187,5.2384033203125,-2
189,5,191,5.527792453765869,2
189,6,193,6.380134582519531,4
189,7,184,7.149221420288086,-5
189,8,147,8.538187026977539,-42
190,1,189,4.838692665100098,-1
190,2,191,5.444462776184082,1
190,3,193,5.679615497589111,3
190,4,194,6.297257900238037,4
190,5,192,7.440215587615967,2
190,6,188,8.267908096313477,-2
190,7,195,9.76601505279541,5
190,8,184,9.829400062561035,-6
191,1,147,4.946279048919678,-44
191,2,192,5.339836120605469,1
191,3,190,5.444462776184082,-1
191,4,189,5.527792453765869,-2
191,5,194,5.898837566375732,3
191,6,195,6.361020565032959,4
191,7,193,7.303685665130615,2
191,8,187,8.886966705322266,-4
192,1,184,3.818633794784546,-8
192,2,189,4.902684211730957,-3
192,3,193,5.332314968109131,1
192,4,191,5.339836120605469,-1
192,5,147,5.665276527404785,-45
192,6,187,5.68721342086792,-5
192,7,195,5.802511692047119,3
192,8,196,6.597006320953369,4
193,1,194,5.314958095550537,1
193,2,192,5.332314968109131,-1
193,3,190,5.679615497589111,-3
193,4,184,5.791161060333252,-9
193,5,196,5.933338642120361,3
193,6,189,6.380134582519531,-4
193,7,197,7.293517589569092,4
193,8,191,7.303685665130615,-2
194,1,193,5.314958095550537,-1
194,2,195,5.368837356567383,1
194,3,197,5.751871109008789,3
194,4,191,5.898837566375732,-3
194,5,190,6.297257900238037,-4
194,6,196,7.295858383178711,2
194,7,192,7.390254974365234,-2
194,8,198,8.213936805725098,4
195,1,145,4.050414085388184,-50
195,2,147,5.213393211364746,-48
195,3,194,5.368837356567383,-1
195,4,196,5.409958839416504,1
195,5,192,5.802511692047119,-3
195,6,199,6.1985344886779785,4
195,7,191,6.361020565032959,-4
195,8,148,7.067924976348877,-47
196,1,199,5.055863857269287,3
196,2,195,5.409958839416504,-1
196,3,184,5.698981285095215,-12
196,4,197,5.788438320159912,1
196,5,193,5.933338642120361,-3
196,6,180,6.208835601806641,-16
196,7,181,6.350793361663818,-15
196,8,192,6.597006320953369,-4
197,1,198,5.153032302856445,1
197,2,194,5.751871109008789,-3
197,3,196,5.788438320159912,-1
197,4,193,7.293517589569092,-4
197,5,195,7.348330497741699,-2
197,6,199,7.453078269958496,2
197,7,200,8.301485061645508,3
197,8,203,10.038989067077637,6
198,1,197,5.153032302856445,-1
198,2,199,5.613714694976807,1
198,3,203,6.0194501876831055,5
198,4,200,6.829006671905518,2
198,5,195,7.1705098152160645,-3
198,6,196,7.734650135040283,-2
198,7,194,8.213936805725098,-4
198,8,145,8.548955917358398,-53
199,1,196,5.055863857269287,-3
199,2,198,5.613714694976807,-1
199,3,200,6.174426555633545,1
199,4,195,6.1985344886779785,-4
199,5,145,6.330394268035889,-54
199,6,177,6.346200466156006,-22
199,7,180,6.583428382873535,-19
199,8,203,6.6837053298950195,4
200,1,203,4.602630138397217,3
200,2,202,5.167484283447266,2
200,3,201,5.255321979522705,1
200,4,199,6.174426555633545,-1
200,5,198,6.829006671905518,-2
200,6,204,6.930652618408203,4
200,7,177,7.531624794006348,-23
200,8,197,8.301485061645508,-3
201,1,200,5.255321979522705,-1
201,2,202,5.3329949378967285,1
201,3,173,5.463751316070557,-28
201,4,204,5.845551490783691,3
201,5,205,6.36907434463501,4
201,6,174,6.506834030151367,-27
201,7,170,6.704452991485596,-31
201,8,177,6.827779293060303,-24
202,1,200,5.167484283447266,-2
202,2,203,5.306954383850098,1
202,3,201,5.3329949378967285,-1
202,4,205,5.980912208557129,3
202,5,206,6.109050273895264,4
202,6,204,7.398775100708008,2
202,7,173,9.549554824829102,-29
202,8,207,9.76539134979248,5
203,1,200,4.602630138397217,-3
203,2,202,5.306954383850098,-1
203,3,204,5.4646711349487305,1
203,4,206,5.6449761390686035,3
203,5,198,6.0194501876831055,-5
203,6,207,6.439817905426025,4
203,7,199,6.6837053298950195,-4
203,8,201,7.4101715087890625,-2
204,1,173,4.4576544761657715,-31
204,2,205,5.303112506866455,1
204,3,203,5.4646711349487305,-1
204,4,143,5.648229122161865,-61
204,5,201,5.845551490783691,-3
204,6,140,5.986212730407715,-64
204,7,207,6.190191268920898,3
204,8,200,6.930652618408203,-4
205,1,204,5.303112506866455,-1
205,2,206,5.424739837646484,1
205,3,202,5.980912208557129,-3
205,4,208,6.119601726531982,3
205,5,201,6.36907434463501,-4
205,6,173,6.735743522644043,-32
205,7,169,6.800089359283447,-36
205,8,170,7.369644641876221,-35
206,1,207,5.279782295227051,1
206,2,205,5.424739837646484,-1
206,3,203,5.6449761390686035,-3
206,4,202,6.109050273895264,-4
206,5,204,7.404170513153076,-2
206,6,208,7.585761547088623,2
206,7,154,9.072782516479492,-52
206,8,200,9.280854225158691,-6
207,1,154,4.311302185058594,-53
207,2,206,5.279782295227051,-1
207,3,143,5.679662704467773,-64
207,4,208,5.7294697761535645,1
207,5,204,6.190191268920898,-3
207,6,203,6.439817905426025,-4
207,7,155,6.704779624938965,-52
207,8,153,7.300896644592285,-54
208,1,155,4.771273612976074,-53
208,2,139,5.134805679321289,-69
208,3,207,5.7294697761535645,-1
208,4,157,5.933528423309326,-51
208,5,209,6.071948528289795,1
208,6,205,6.119601726531982,-3
208,7,210,6.295494079589844,2
208,8,169,6.898175239562988,-39
209,1,156,4.772776126861572,-53
209,2,210,5.940175533294678,1
209,3,208,6.071948528289795,-1
209,4,157,6.811499118804932,-52
209,5,155,6.8368072509765625,-54
209,6,233,7.0086493492126465,24
209,7,211,7.069145202636719,2
209,8,154,7.094210147857666,-55
210,1,157,5.081233501434326,-53
210,2,211,5.849270820617676,1
210,3,209,5.940175533294678,-1
210,4,208,6.295494079589844,-2
210,5,164,6.35179328918457,-46
210,6,159,6.798885822296143,-51
210,7,212,7.244905948638916,2
210,8,156,8.179920196533203,-54
211,1,158,4.771468162536621,-53
211,2,222,5.388229846954346,11
211,3,210,5.849270820617676,-1
211,4,212,5.883953094482422,1
211,5,213,6.33255672454834,2
211,6,159,6.972956657409668,-52
211,7,157,7.043725967407227,-54
211,8,209,7.069145202636719,-2
212,1,159,5.43178129196167,-53
212,2,211,5.883953094482422,-1
212,3,213,5.937931537628174,1
212,4,162,6.631163597106934,-50
212,5,214,6.818017482757568,2
212,6,210,7.244905948638916,-2
212,7,218,8.023031234741211,6
212,8,160,8.077500343322754,-52
213,1,219,4.072502613067627,6
213,2,218,4.096367359161377,5
213,3,160,5.1621785163879395,-53
213,4,222,5.5541582107543945,9
213,5,158,5.921109676361084,-55
213,6,212,5.937931537628174,-1
213,7,214,5.950523376464844,1
213,8,211,6.33255672454834,-2
214,1,215,4.855782985687256,1
214,2,218,5.592930793762207,4
214,3,213,5.950523376464844,-1
214,4,212,6.818017482757568,-2
214,5,247,7.55988883972168,33
214,6,160,7.7202067375183105,-54
214,7,219,8.542256355285645,5
214,8,217,8.993958473205566,3
215,1,214,4.855782985687256,-1
215,2,216,5.277910232543945,1
215,3,218,5.311038017272949,3
215,4,217,5.320457935333252,2
215,5,247,5.3365912437438965,32
215,6,251,6.226256370544434,36
215,7,213,7.043591499328613,-2
215,8,219,7.060259819030762,4
216,1,247,3.977367639541626,31
216,2,248,5.135990619659424,32
216,3,215,5.277910232543945,-1
216,4,219,5.399306297302246,3
216,5,217,5.60438871383667,1
216,6,220,6.17830753326416,4
216,7,251,6.502799987792969,35
216,8,252,6.731557846069336,36
217,1,215,5.320457935333252,-2
217,2,218,5.384344100952148,1
217,3,216,5.60438871383667,-1
217,4,220,5.87584114074707,3
217,5,221,6.172857284545898,4
217,6,219,7.2326202392578125,2
217,7,247,8.234609603881836,30
217,8,251,8.37869930267334,34
218,1,213,4.096367359161377,-5
218,2,215,5.311038017272949,-3
218,3,219,5.357924461364746,1
218,4,217,5.384344100952148,-1
218,5,214,5.592930793762207,-4
218,6,221,5.826873302459717,3
218,7,222,6.179642200469971,4
218,8,247,7.489157676696777,29
219,1,213,4.072502613067627,-6
219,2,247,4.801811695098877,28
219,3,218,5.357924461364746,-1
219,4,216,5.399306297302246,-3
219,5,220,5.400167465209961,1
219,6,222,5.826436996459961,3
219,7,160,6.1802825927734375,-59
219,8,223,6.409066677093506,4
220,1,221,5.260505676269531,1
220,2,219,5.400167465209961,-1
220,3,217,5.87584114074707,-3
220,4,223,5.88037633895874,3
220,5,216,6.17830753326416,-4
220,6,224,6.335160255432129,4
220,7,265,6.471061706542969,45
220,8,261,6.509514331817627,41
221,1,220,5.260505676269531,-1
221,2,222,5.346049785614014,1
221,3,218,5.826873302459717,-3
221,4,224,6.019789218902588,3
221,5,217,6.172857284545898,-4
221,6,225,6.32606315612793,4
221,7,219,7.347592830657959,-2
221,8,223,7.4217729568481445,2
222,1,223,5.296260833740234,1
222,2,221,5.346049785614014,-1
222,3,211,5.388229846954346,-11
222,4,213,5.5541582107543945,-9
222,5,219,5.826436996459961,-3
222,6,225,5.877720832824707,3
222,7,158,6.0087056159973145,-64
222,8,218,6.179642200469971,-4
223,1,222,5.296260833740234,-1
223,2,268,5.475708484649658,45
223,3,224,5.495298862457275,1
223,4,226,5.629009246826172,3
223,5,220,5.88037633895874,-3
223,6,265,5.996053218841553,42
223,7,219,6.409066677093506,-4
223,8,269,7.098575592041016,46
224,1,225,5.468782424926758,1
224,2,223,5.495298862457275,-1
224,3,221,6.019789218902588,-3
224,4,220,6.335160255432129,-4
224,5,268,6.694963455200195,44
224,6,226,7.265166282653809,2
224,7,222,7.536145210266113,-2
224,8,227,7.5596466064453125,3
225,1,224,5.468782424926758,-1
225,2,228,5.786072254180908,3
225,3,226,5.808870792388916,1
225,4,222,5.877720832824707,-3
225,5,229,5.978168964385986,4
225,6,221,6.32606315612793,-4
225,7,223,7.410646915435791,-2
225,8,227,7.421757698059082,2
226,1,229,5.322877883911133,3
226,2,227,5.4960761070251465,1
226,3,223,5.629009246826172,-3
226,4,230,5.669561862945557,4
226,5,225,5.808870792388916,-1
226,6,272,5.920236110687256,46
226,7,239,6.733876705169678,13
226,8,222,6.878748416900635,-4
227,1,228,5.2846455574035645,1
227,2,226,5.4960761070251465,-1
227,3,230,5.9219746589660645,3
227,4,231,6.661813259124756,4
227,5,272,6.87936544418335,45
227,6,229,7.256622791290283,2
227,7,225,7.421757698059082,-2
227,8,275,7.524750232696533,48
228,1,227,5.2846455574035645,-1
228,2,229,5.34912633895874,1
228,3,231,5.696455478668213,3
228,4,225,5.786072254180908,-3
228,5,232,7.151198863983154,4
228,6,230,7.407775402069092,2
228,7,226,7.473012924194336,-2
228,8,224,8.910122871398926,-4
229,1,230,5.244174480438232,1
229,2,226,5.322877883911133,-3
229,3,228,5.34912633895874,-1
229,4,233,5.909286022186279,4
229,5,225,5.978168964385986,-4
229,6,232,6.036684989929199,3
229,7,231,7.216555595397949,2
229,8,227,7.256622791290283,-2
230,1,276,4.857264995574951,46
230,2,229,5.244174480438232,-1
230,3,236,5.534339427947998,6
230,4,231,5.633707523345947,1
230,5,226,5.669561862945557,-4
230,6,233,5.704219341278076,3
230,7,227,5.9219746589660645,-3
230,8,272,7.10585880279541,42
231,1,232,5.3916401863098145,1
231,2,230,5.633707523345947,-1
231,3,228,5.696455478668213,-3
231,4,227,6.661813259124756,-4
231,5,234,7.0714802742004395,3
231,6,229,7.216555595397949,-2
231,7,233,7.715569019317627,2
231,8,276,8.436185836791992,45
232,1,233,5.067719459533691,1
232,2,231,5.3916401863098145,-1
232,3,229,6.036684989929199,-3
232,4,228,7.151198863983154,-4
232,5,230,7.396922588348389,-2
232,6,234,7.586277008056641,2
232,7,236,9.590067863464355,4
232,8,235,10.238837242126465,3
233,1,236,4.906203746795654,3
233,2,232,5.067719459533691,-1
233,3,230,5.704219341278076,-3
233,4,229,5.909286022186279,-4
233,5,234,6.244784832000732,1
233,6,235,6.318264961242676,2
233,7,154,6.451491355895996,-79
233,8,209,7.0086493492126465,-24
234,1,235,5.594725608825684,1
234,2,233,6.244784832000732,-1
234,3,231,7.0714802742004395,-3
234,4,230,7.251616954803467,-4
234,5,236,7.360053539276123,2
234,6,232,7.586277008056641,-2
234,7,276,7.9604926109313965,42
234,8,154,9.177003860473633,-80
235,1,154,4.584654331207275,-81
235,2,153,5.152645587921143,-82
235,3,234,5.594725608825684,-1
235,4,236,5.785050392150879,1
235,5,233,6.318264961242676,-2
235,6,237,7.171757221221924,2
235,7,207,7.5908684730529785,-28
235,8,152,7.786470413208008,-83
236,1,154,4.600661277770996,-82
236,2,233,4.906203746795654,-3
236,3,230,5.534339427947998,-6
236,4,156,5.702450752258301,-80
236,5,235,5.785050392150879,-1
236,6,278,5.885753154754639,42
236,7,237,5.894562244415283,1
236,8,153,6.768991470336914,-83
237,1,153,4.078941822052002,-84
237,2,278,4.930103302001953,41
237,3,151,4.947150230407715,-86
237,4,238,5.1965250968933105,1
237,5,142,5.2516255378723145,-95
237,6,236,5.894562244415283,-1
237,7,117,6.436679363250732,-120
237,8,279,6.571914196014404,42
238,1,142,4.0922040939331055,-96
238,2,155,4.475805759429932,-83
238,3,279,5.108338356018066,41
238,4,237,5.1965250968933105,-1
238,5,239,5.911719799041748,1
238,6,278,6.042806625366211,40
238,7,138,6.153485298156738,-100
238,8,100,6.370651721954346,-138
239,1,156,4.599171161651611,-83
239,2,280,5.052672386169434,41
239,3,278,5.812404155731201,39
239,4,238,5.911719799041748,-1
239,5,240,5.933876037597656,1
239,6,272,6.275996208190918,33
239,7,226,6.733876705169678,-13
239,8,236,7.009621620178223,-3
240,1,281,4.573850154876709,41
240,2,157,4.828313827514648,-83
240,3,135,4.877021789550781,-105
240,4,242,5.773378372192383,2
240,5,241,5.877186298370361,1
240,6,239,5.933876037597656,-1
240,7,139,6.313231945037842,-101
240,8,158,6.360843181610107,-82
241,1,158,4.606043338775635,-83
241,2,244,5.115927696228027,3
241,3,282,5.163209915161133,41
241,4,240,5.877186298370361,-1
241,5,242,6.067838668823242,1
241,6,243,6.37480354309082,2
241,7,160,6.941801071166992,-81
241,8,283,7.1852240562438965,42
242,1,243,4.893100738525391,1
242,2,283,4.969407081604004,41
242,3,135,5.19976282119751,-107
242,4,159,5.208953857421875,-83
242,5,132,5.510827541351318,-110
242,6,240,5.773378372192383,-2
242,7,241,6.067838668823242,-1
242,8,163,6.365309715270996,-79
243,1,160,4.5062079429626465,-83
243,2,246,4.68480920791626,3
243,3,242,4.893100738525391,-1
243,4,283,4.894839286804199,40
243,5,244,4.8997416496276855,1
243,6,161,5.542504787445068,-82
243,7,245,6.0697102546691895,2
243,8,241,6.37480354309082,-2
244,1,282,4.658950328826904,38
244,2,243,4.8997416496276855,-1
244,3,241,5.115927696228027,-3
244,4,245,5.271746635437012,1
244,5,284,5.282645225524902,40
244,6,283,6.523787498474121,39
244,7,301,7.093371391296387,57
244,8,160,7.229532718658447,-84
245,1,300,3.8146815299987793,55
245,2,285,5.099308490753174,40
245,3,301,5.242771625518799,56
245,4,244,5.271746635437012,-1
245,5,284,5.2941975593566895,39
245,6,246,5.582067489624023,1
245,7,248,6.0254974365234375,3
245,8,243,6.0697102546691895,-2
246,1,160,4.6815667152404785,-86
246,2,243,4.68480920791626,-3
246,3,247,5.3750386238098145,1
246,4,161,5.381627559661865,-85
246,5,245,5.582067489624023,-1
246,6,249,6.146838188171387,3
246,7,285,7.033828258514404,39
246,8,244,7.487823486328125,-2
247,1,216,3.977367639541626,-31
247,2,219,4.801811695098877,-28
247,3,160,5.251909255981445,-87
247,4,248,5.290207386016846,1
247,5,215,5.3365912437438965,-32
247,6,246,5.3750386238098145,-1
247,7,213,6.365697860717773,-34
247,8,249,7.257704257965088,2
248,1,216,5.135990619659424,-32
248,2,247,5.290207386016846,-1
248,3,249,5.891606330871582,1
248,4,252,5.93310022354126,4
248,5,258,5.956159591674805,10
248,6,245,6.0254974365234375,-3
248,7,262,6.643963813781738,14
248,8,301,6.795020580291748,53
249,1,250,4.52606201171875,1
249,2,248,5.891606330871582,-1
249,3,246,6.146838188171387,-3
249,4,245,6.915590286254883,-4
249,5,247,7.257704257965088,-2
249,6,251,7.888031005859375,2
249,7,252,8.28046989440918,3
249,8,300,8.359007835388184,51
250,1,249,4.52606201171875,-1
250,2,251,5.096451282501221,1
250,3,252,8.121478080749512,2
250,4,215,8.251477241516113,-35
250,5,247,8.3421049118042,-3
250,6,248,8.408676147460938,-2
250,7,246,8.833433151245117,-4
250,8,216,9.107431411743164,-34
251,1,250,5.096451282501221,-1
251,2,252,5.41889762878418,1
251,3,215,6.226256370544434,-36
251,4,216,6.502799987792969,-35
251,5,249,7.888031005859375,-2
251,6,247,8.028326034545898,-4
251,7,248,8.051163673400879,-3
251,8,253,8.357457160949707,2
252,1,258,4.260066032409668,6
252,2,251,5.41889762878418,-1
252,3,248,5.93310022354126,-4
252,4,254,6.094291687011719,2
252,5,253,6.152307987213135,1
252,6,257,6.286959171295166,5
252,7,216,6.731557846069336,-36
252,8,261,7.6441569328308105,9
253,1,254,5.361428737640381,1
253,2,252,6.152307987213135,-1
253,3,255,7.7617011070251465,2
253,4,251,8.357457160949707,-2
253,5,258,8.536770820617676,5
253,6,257,8.682539939880371,4
253,7,250,10.220495223999023,-3
253,8,256,10.302957534790039,3
254,1,257,3.930406093597412,3
254,2,253,5.361428737640381,-1
254,3,256,5.624880790710449,2
254,4,255,6.006692886352539,1
254,5,252,6.094291687011719,-2
254,6,258,6.306074619293213,4
254,7,259,9.119075775146484,5
254,8,260,9.16049861907959,6
255,1,258,5.351224422454834,3
255,2,256,5.425516128540039,1
255,3,254,6.006692886352539,-1
255,4,259,6.301666736602783,4
255,5,257,7.464369297027588,2
255,6,252,7.671624660491943,-3
255,7,253,7.7617011070251465,-2
255,8,260,9.859358787536621,5
256,1,257,5.383115291595459,1
256,2,255,5.425516128540039,-1
256,3,254,5.624880790710449,-2
256,4,259,5.847179889678955,3
256,5,260,6.592784881591797,4
256,6,258,7.1243109703063965,2
256,7,252,9.785564422607422,-4
256,8,261,9.829623222351074,5
257,1,254,3.930406093597412,-3
257,2,258,5.310107231140137,1
257,3,256,5.383115291595459,-1
257,4,260,5.664871692657471,3
257,5,261,6.236277103424072,4
257,6,252,6.286959171295166,-5
257,7,259,7.383169651031494,2
257,8,255,7.464369297027588,-2
258,1,252,4.260066032409668,-6
258,2,257,5.310107231140137,-1
258,3,259,5.348414897918701,1
258,4,255,5.351224422454834,-3
258,5,248,5.956159591674805,-10
258,6,261,5.962521553039551,3
258,7,254,6.306074619293213,-4
258,8,262,6.307631969451904,4
259,1,304,5.281310558319092,45
259,2,258,5.348414897918701,-1
259,3,260,5.472738265991211,1
259,4,262,5.78601598739624,3
259,5,256,5.847179889678955,-3
259,6,263,6.277053356170654,4
259,7,255,6.301666736602783,-4
259,8,257,7.383169651031494,-2
260,1,261,5.248931407928467,1
260,2,259,5.472738265991211,-1
260,3,257,5.664871692657471,-3
260,4,263,5.8044281005859375,3
260,5,31,6.097475528717041,-229
260,6,256,6.592784881591797,-4
260,7,264,7.008194446563721,4
260,8,262,7.318423748016357,2
261,1,260,5.248931407928467,-1
261,2,262,5.310815334320068,1
261,3,258,5.962521553039551,-3
261,4,257,6.236277103424072,-4
261,5,265,6.273312091827393,4
261,6,264,6.5022077560424805,3
261,7,220,6.509514331817627,-41
261,8,31,6.733335971832275,-230
262,1,261,5.310815334320068,-1
262,2,263,5.398899078369141,1
262,3,265,5.499414443969727,3
262,4,305,5.699099063873291,43
262,5,259,5.78601598739624,-3
262,6,301,5.822027683258057,39
262,7,258,6.307631969451904,-4
262,8,266,6.321938514709473,4
263,1,264,4.578594207763672,1
263,2,262,5.398899078369141,-1
263,3,266,5.59031343460083,3
263,4,260,5.8044281005859375,-3
263,5,259,6.277053356170654,-4
263,6,267,6.5012054443359375,4
263,7,304,6.505915641784668,41
263,8,265,7.189960479736328,2
264,1,263,4.578594207763672,-1
264,2,267,4.584664821624756,3
264,3,265,4.830524444580078,1
264,4,268,5.784560203552246,4
264,5,266,5.818849086761475,2
264,6,33,5.971205711364746,-231
264,7,261,6.5022077560424805,-3
264,8,262,6.888583183288574,-2
265,1,264,4.830524444580078,-1
265,2,266,5.27365255355835,1
265,3,262,5.499414443969727,-3
265,4,268,5.875957012176514,3
265,5,223,5.996053218841553,-42
265,6,261,6.273312091827393,-4
265,7,220,6.471061706542969,-45
265,8,269,6.504871368408203,4
266,1,308,3.4006059169769287,42
266,2,265,5.27365255355835,-1
266,3,267,5.393971920013428,1
266,4,263,5.59031343460083,-3
266,5,269,5.749898433685303,3
266,6,264,5.818849086761475,-2
266,7,262,6.321938514709473,-4
266,8,270,6.508853435516357,4
267,1,264,4.584664821624756,-3
267,2,268,5.3269877433776855,1
267,3,266,5.393971920013428,-1
267,4,270,5.722660541534424,3
267,5,271,6.100519180297852,4
267,6,263,6.5012054443359375,-4
267,7,11,7.079732418060303,-256
267,8,269,7.315688133239746,2
268,1,267,5.3269877433776855,-1
268,2,271,5.4303507804870605,3
268,3,269,5.45419979095459,1
268,4,223,5.475708484649658,-45
268,5,264,5.784560203552246,-4
268,6,265,5.875957012176514,-3
268,7,272,6.2408952713012695,4
268,8,224,6.694963455200195,-44
269,1,280,4.9344162940979,11
269,2,270,5.368127822875977,1
269,3,268,5.45419979095459,-1
269,4,120,5.456912517547607,-149
269,5,272,5.583333492279053,3
269,6,266,5.749898433685303,-3
269,7,273,6.476099967956543,4
269,8,265,6.504871368408203,-4
270,1,269,5.368127822875977,-1
270,2,271,5.38480281829834,1
270,3,267,5.722660541534424,-3
270,4,273,5.776793003082275,3
270,5,120,5.8381428718566895,-150
270,6,266,6.508853435516357,-4
270,7,274,6.619030952453613,4
270,8,272,7.291245460510254,2
271,1,272,5.321406364440918,1
271,2,270,5.38480281829834,-1
271,3,268,5.4303507804870605,-3
271,4,275,5.780582427978516,4
271,5,267,6.100519180297852,-4
271,6,274,6.248841762542725,3
271,7,269,7.187136650085449,-2
271,8,273,7.289971828460693,2
272,1,273,5.28027868270874,1
272,2,271,5.321406364440918,-1
272,3,269,5.583333492279053,-3
272,4,276,5.8502726554870605,4
272,5,226,5.920236110687256,-46
272,6,268,6.2408952713012695,-4
272,7,239,6.275996208190918,-33
272,8,280,6.314042091369629,8
273,1,280,4.701306343078613,7
273,2,118,5.0315093994140625,-155
273,3,274,5.180381774902344,1
273,4,272,5.28027868270874,-1
273,5,270,5.776793003082275,-3
273,6,120,5.811000347137451,-153
273,7,278,5.927444934844971,5
273,8,119,6.003514766693115,-154
274,1,273,5.180381774902344,-1
274,2,118,5.205142974853516,-156
274,3,275,5.210803031921387,1
274,4,271,6.248841762542725,-3
274,5,270,6.619030952453613,-4
274,6,272,7.539745330810547,-2
274,7,277,7.63120174407959,3
274,8,276,7.870748996734619,2
275,1,276,5.083795547485352,1
275,2,274,5.210803031921387,-1
275,3,271,5.780582427978516,-4
275,4,272,6.3632988929748535,-3
275,5,227,7.524750232696533,-48
275,6,273,7.742517948150635,-2
275,7,277,7.8862833976745605,2
275,8,230,8.357625007629395,-45
276,1,278,4.73964262008667,2
276,2,230,4.857264995574951,-46
276,3,275,5.083795547485352,-1
276,4,277,5.7772369384765625,1
276,5,272,5.8502726554870605,-4
276,6,236,6.883662223815918,-40
276,7,273,7.3819499015808105,-3
276,8,274,7.870748996734619,-2
277,1,118,5.6576056480407715,-159
277,2,117,5.728362083435059,-160
277,3,276,5.7772369384765625,-1
277,4,278,5.887411117553711,1
277,5,237,7.187009811401367,-40
277,6,274,7.63120174407959,-3
277,7,275,7.8862833976745605,-2
277,8,273,8.034773826599121,-4
278,1,276,4.73964262008667,-2
278,2,237,4.930103302001953,-41
278,3,279,5.558865070343018,1
278,4,239,5.812404155731201,-39
278,5,236,5.885753154754639,-42
278,6,277,5.887411117553711,-1
278,7,273,5.927444934844971,-5
278,8,238,6.042806625366211,-40
279,1,117,5.0451226234436035,-162
279,2,238,5.108338356018066,-41
279,3,115,5.159595489501953,-164
279,4,278,5.558865070343018,-1
279,5,100,5.732170104980469,-179
279,6,280,5.8296589851379395,1
279,7,281,6.433557987213135,2
279,8,237,6.571914196014404,-42
280,1,120,4.52960205078125,-160
280,2,273,4.701306343078613,-7
280,3,269,4.9344162940979,-11
280,4,239,5.052672386169434,-41
280,5,279,5.8296589851379395,-1
280,6,281,5.904088497161865,1
280,7,272,6.314042091369629,-8
280,8,282,6.565546035766602,2
281,1,240,4.573850154876709,-41
281,2,121,5.387368679046631,-160
281,3,282,5.862802028656006,1
281,4,135,5.878291606903076,-146
281,5,280,5.904088497161865,-1
281,6,138,6.245084285736084,-143
281,7,279,6.433557987213135,-2
281,8,123,6.687817096710205,-158
282,1,122,4.625942707061768,-160
282,2,244,4.658950328826904,-38
282,3,241,5.163209915161133,-41
282,4,281,5.862802028656006,-1
282,5,283,6.032180309295654,1
282,6,284,6.147492408752441,2
282,7,309,6.303645610809326,27
282,8,120,6.467685699462891,-162
283,1,131,4.212359428405762,-152
283,2,123,4.809490203857422,-160
283,3,243,4.894839286804199,-40
283,4,242,4.969407081604004,-41
283,5,284,5.658048629760742,1
283,6,282,6.032180309295654,-1
283,7,135,6.1686177253723145,-148
283,8,244,6.523787498474121,-39
284,1,124,4.820657253265381,-160
284,2,299,5.139523983001709,15
284,3,244,5.282645225524902,-40
284,4,245,5.2941975593566895,-39
284,5,122,5.59836483001709,-162
284,6,283,5.658048629760742,-1
284,7,285,5.690112590789795,1
284,8,300,5.702557563781738,16
285,1,300,4.917191505432129,15
285,2,245,5.099308490753174,-40
285,3,286,5.580147743225098,1
285,4,284,5.690112590789795,-1
285,5,125,6.727284908294678,-160
285,6,287,6.839448928833008,2
285,7,243,6.894924163818359,-42
285,8,246,7.033828258514404,-39
286,1,125,4.814298629760742,-161
286,2,297,5.070446491241455,11
286,3,126,5.446877956390381,-160
286,4,285,5.580147743225098,-1
286,5,287,5.71712064743042,1
286,6,124,6.200191974639893,-162
286,7,299,6.347390651702881,13
286,8,300,6.750721454620361,14
287,1,300,4.58801794052124,13
287,2,288,5.505289077758789,1
287,3,286,5.71712064743042,-1
287,4,298,6.127403736114502,11
287,5,285,6.839448928833008,-2
287,6,289,6.899173736572266,2
287,7,299,7.4890522956848145,12
287,8,297,7.703956127166748,10
288,1,295,5.194212913513184,7
288,2,287,5.505289077758789,-1
288,3,289,5.947083473205566,1
288,4,297,6.307577610015869,9
288,5,290,6.314995765686035,2
288,6,296,7.021490097045898,8
288,7,298,7.52756404876709,10
288,8,286,7.840024948120117,-2
289,1,298,4.769753456115723,9
289,2,296,4.94677734375,7
289,3,288,5.947083473205566,-1
289,4,290,5.994906902313232,1
289,5,291,6.067076683044434,2
289,6,287,6.899173736572266,-2
289,7,295,7.608829021453857,6
289,8,297,8.007373809814453,8
290,1,295,5.5507354736328125,5
290,2,291,5.9635138511657715,1
290,3,289,5.994906902313232,-1
290,4,288,6.314995765686035,-2
290,5,294,7.4979567527771,4
290,6,296,7.905537128448486,6
290,7,293,8.359773635864258,3
290,8,292,8.410240173339844,2
291,1,292,4.986965179443359,1
291,2,294,5.674575328826904,3
291,3,290,5.9635138511657715,-1
291,4,289,6.067076683044434,-2
291,5,296,6.735897064208984,5
291,6,293,8.000981330871582,2
291,7,295,8.458841323852539,4
291,8,298,10.006257057189941,7
292,1,291,4.986965179443359,-1
292,2,293,5.510231018066406,1
292,3,294,6.945849895477295,2
292,4,290,8.410240173339844,-2
292,5,295,10.84347915649414,3
292,6,296,10.847084045410156,4
292,7,289,10.883243560791016,-3
292,8,366,12.953614234924316,74
293,1,292,5.510231018066406,-1
293,2,294,5.70781946182251,1
293,3,291,8.000981330871582,-2
293,4,290,8.359773635864258,-3
293,5,295,8.494058609008789,2
293,6,366,9.17603874206543,73
293,7,368,9.335216522216797,75
293,8,296,11.007534980773926,3
294,1,291,5.674575328826904,-3
294,2,296,5.706114292144775,2
294,3,293,5.70781946182251,-1
294,4,295,5.821091651916504,1
294,5,292,6.945849895477295,-2
294,6,290,7.4979567527771,-4
294,7,289,8.585038185119629,-5
294,8,366,8.977742195129395,72
295,1,288,5.194212913513184,-7
295,2,290,5.5507354736328125,-5
295,3,294,5.821091651916504,-1
295,4,296,6.040943622589111,1
295,5,289,7.608829021453857,-6
295,6,297,7.7686872482299805,2
295,7,291,8.458841323852539,-4
295,8,293,8.494058609008789,-2
296,1,289,4.94677734375,-7
296,2,294,5.706114292144775,-2
296,3,298,5.751071453094482,2
296,4,297,5.788013458251953,1
296,5,295,6.040943622589111,-1
296,6,291,6.735897064208984,-5
296,7,288,7.021490097045898,-8
296,8,290,7.905537128448486,-6
297,1,286,5.070446491241455,-11
297,2,296,5.788013458251953,-1
297,3,298,5.9344000816345215,1
297,4,288,6.307577610015869,-9
297,5,287,7.703956127166748,-10
297,6,295,7.7686872482299805,-2
297,7,126,7.8718953132629395,-171
297,8,289,8.007373809814453,-8
298,1,289,4.769753456115723,-9
298,2,299,5.335323810577393,1
298,3,296,5.751071453094482,-2
298,4,297,5.9344000816345215,-1
298,5,287,6.127403736114502,-11
298,6,286,6.793089389801025,-12
298,7,302,7.090846538543701,4
298,8,288,7.52756404876709,-10
299,1,124,4.4444169998168945,-175
299,2,284,5.139523983001709,-15
299,3,298,5.335323810577393,-1
299,4,300,5.667762756347656,1
299,5,286,6.347390651702881,-13
299,6,301,6.9027099609375,2
299,7,302,7.064016342163086,3
299,8,122,7.28055477142334,-177
300,1,245,3.8146815299987793,-55
300,2,287,4.58801794052124,-13
300,3,285,4.917191505432129,-15
300,4,301,4.960735321044922,1
300,5,299,5.667762756347656,-1
300,6,284,5.702557563781738,-16
300,7,286,6.750721454620361,-14
300,8,302,6.890441417694092,2
301,1,305,3.624918222427368,4
301,2,302,4.888790607452393,1
301,3,300,4.960735321044922,-1
301,4,245,5.242771625518799,-56
301,5,262,5.822027683258057,-39
301,6,248,6.795020580291748,-53
301,7,284,6.813086986541748,-17
301,8,299,6.9027099609375,-2
302,1,303,4.814110279083252,1
302,2,301,4.888790607452393,-1
302,3,305,5.18411111831665,3
302,4,304,6.03900146484375,2
302,5,300,6.890441417694092,-2
302,6,306,6.897612571716309,4
302,7,299,7.064016342163086,-3
302,8,298,7.090846538543701,-4
303,1,302,4.814110279083252,-1
303,2,304,5.621259689331055,1
303,3,306,6.025113582611084,3
303,4,305,7.2798991203308105,2
303,5,307,8.557221412658691,4
303,6,298,8.706318855285645,-5
303,7,301,8.978118896484375,-2
303,8,299,9.532176971435547,-4
304,1,305,5.266221523284912,1
304,2,259,5.281310558319092,-45
304,3,303,5.621259689331055,-1
304,4,302,6.03900146484375,-2
304,5,263,6.505915641784668,-41
304,6,306,6.755650043487549,2
304,7,262,6.767881393432617,-42
304,8,307,7.133814811706543,3
305,1,301,3.624918222427368,-4
305,2,306,4.704082012176514,1
305,3,308,5.121737480163574,3
305,4,302,5.18411111831665,-3
305,5,304,5.266221523284912,-1
305,6,262,5.699099063873291,-43
305,7,266,6.833332538604736,-39
305,8,303,7.2798991203308105,-2
306,1,305,4.704082012176514,-1
306,2,307,4.772403717041016,1
306,3,308,5.8566670417785645,2
306,4,303,6.025113582611084,-3
306,5,309,6.5104265213012695,3
306,6,304,6.755650043487549,-2
306,7,302,6.897612571716309,-4
306,8,299,7.374904155731201,-7
307,1,306,4.772403717041016,-1
307,2,308,5.690793037414551,1
307,3,304,7.133814811706543,-3
307,4,266,7.270671844482422,-41
307,5,305,7.2799391746521,-2
307,6,309,7.868526935577393,2
307,7,303,8.557221412658691,-4
307,8,263,8.602558135986328,-44
308,1,266,3.4006059169769287,-42
308,2,309,5.0239715576171875,1
308,3,305,5.121737480163574,-3
308,4,307,5.690793037414551,-1
308,5,306,5.8566670417785645,-2
308,6,120,6.413262367248535,-188
308,7,269,6.968818187713623,-39
308,8,122,7.125738620758057,-186
309,1,122,3.415696144104004,-187
309,2,120,4.9878010749816895,-189
309,3,308,5.0239715576171875,-1
309,4,312,5.054879665374756,3
309,5,310,5.866143226623535,1
309,6,311,6.195253849029541,2
309,7,282,6.303645610809326,-27
309,8,306,6.5104265213012695,-3
310,1,119,4.389671802520752,-191
310,2,311,4.865824222564697,1
310,3,120,5.030087947845459,-190
310,4,309,5.866143226623535,-1
310,5,330,6.353511333465576,20
310,6,121,6.9551777839660645,-189
310,7,328,7.730323791503906,18
310,8,329,7.750134468078613,19
311,1,121,4.2694411277771,-190
311,2,310,4.865824222564697,-1
311,3,329,5.345248699188232,18
311,4,312,5.824795722961426,1
311,5,119,5.981159210205078,-192
311,6,309,6.195253849029541,-2
311,7,328,6.229550838470459,17
311,8,122,6.945767402648926,-189
312,1,328,3.6804559230804443,16
312,2,327,4.622855186462402,15
312,3,122,4.766270160675049,-190
312,4,309,5.054879665374756,-3
312,5,311,5.824795722961426,-1
312,6,313,5.898624420166016,1
312,7,124,6.338675022125244,-188
312,8,314,6.884875774383545,2
313,1,123,4.85414981842041,-190
313,2,324,5.573482513427734,11
313,3,314,5.873414039611816,1
313,4,312,5.898624420166016,-1
313,5,326,6.0882978439331055,13
313,6,315,6.38497257232666,2
313,7,124,6.670308589935303,-189
313,8,327,6.853954792022705,14
314,1,325,4.489716529846191,11
314,2,327,4.827159881591797,13
314,3,124,4.87033748626709,-190
314,4,313,5.873414039611816,-1
314,5,315,5.999686241149902,1
314,6,125,6.0276055335998535,-189
314,7,316,6.0461039543151855,2
314,8,312,6.884875774383545,-2
315,1,129,3.951070547103882,-186
315,2,125,4.707187175750732,-190
315,3,324,5.610052585601807,9
315,4,316,5.710112571716309,1
315,5,314,5.999686241149902,-1
315,6,131,6.036666393280029,-184
315,7,130,6.127549648284912,-185
315,8,123,6.364037990570068,-192
316,1,317,5.463129043579102,1
316,2,323,5.6235833168029785,7
316,3,315,5.710112571716309,-1
316,4,314,6.0461039543151855,-2
316,5,129,6.144442558288574,-187
316,6,125,6.318233013153076,-191
316,7,126,6.5734453201293945,-190
316,8,318,6.774404048919678,2
317,1,316,5.463129043579102,-1
317,2,318,5.8489298820495605,1
317,3,322,6.213986396789551,5
317,4,129,6.376883029937744,-188
317,5,321,7.174239158630371,4
317,6,319,7.1978068351745605,2
317,7,126,7.247335433959961,-191
317,8,323,7.4047064781188965,6
318,1,319,5.14943265914917,1
318,2,323,5.499083995819092,5
318,3,321,5.5744757652282715,3
318,4,317,5.8489298820495605,-1
318,5,316,6.774404048919678,-2
318,6,320,8.158219337463379,2
318,7,322,8.266416549682617,4
318,8,338,8.873208999633789,20
319,1,320,4.770966529846191,1
319,2,318,5.14943265914917,-1
319,3,321,6.1920576095581055,2
319,4,317,7.1978068351745605,-2
319,5,323,9.98245620727539,4
319,6,322,10.36201000213623,3
319,7,316,10.86681079864502,-3
319,8,338,11.406877517700195,19
320,1,319,4.770966529846191,-1
320,2,321,5.503576755523682,1
320,3,317,7.607271671295166,-3
320,4,318,8.158219337463379,-2
320,5,322,8.890793800354004,2
320,6,340,10.427977561950684,20
320,7,349,10.995247840881348,29
320,8,338,11.053840637207031,18
321,1,320,5.503576755523682,-1
321,2,318,5.5744757652282715,-3
321,3,338,5.7020368576049805,17
321,4,322,5.741252899169922,1
321,5,319,6.1920576095581055,-2
321,6,323,6.345706462860107,2
321,7,349,6.8581671714782715,28
321,8,317,7.174239158630371,-4
322,1,339,5.421402454376221,17
322,2,321,5.741252899169922,-1
322,3,323,5.7790679931640625,1
322,4,129,6.114345550537109,-193
322,5,317,6.213986396789551,-5
322,6,340,6.492186546325684,18
322,7,315,6.687203884124756,-7
322,8,341,7.082836627960205,19
323,1,336,5.374048709869385,13
323,2,318,5.499083995819092,-5
323,3,316,5.6235833168029785,-7
323,4,324,5.684508323669434,1
323,5,322,5.7790679931640625,-1
323,6,338,5.9626145362854,15
323,7,325,6.253840923309326,2
323,8,321,6.345706462860107,-2
324,1,337,5.365514755249023,13
324,2,313,5.573482513427734,-11
324,3,107,5.579596519470215,-217
324,4,315,5.610052585601807,-9
324,5,339,5.613567352294922,15
324,6,323,5.684508323669434,-1
324,7,325,5.995874881744385,1
324,8,336,6.972143173217773,12
325,1,336,4.437482833862305,11
325,2,314,4.489716529846191,-11
325,3,327,5.520722389221191,2
325,4,326,5.876290321350098,1
325,5,324,5.995874881744385,-1
325,6,323,6.253840923309326,-2
325,7,316,6.989753246307373,-9
325,8,313,6.995739936828613,-12
326,1,110,4.751921653747559,-216
326,2,335,5.107690811157227,9
326,3,329,5.69354248046875,3
326,4,334,5.846209526062012,8
326,5,325,5.876290321350098,-1
326,6,332,5.919736385345459,6
326,7,327,6.048228740692139,1
326,8,313,6.0882978439331055,-13
327,1,312,4.622855186462402,-15
327,2,314,4.827159881591797,-13
327,3,328,4.928742408752441,1
327,4,325,5.520722389221191,-2
327,5,326,6.048228740692139,-1
327,6,334,6.5538330078125,7
327,7,313,6.853954792022705,-14
327,8,124,7.447599411010742,-203
328,1,312,3.6804559230804443,-16
328,2,327,4.928742408752441,-1
328,3,329,5.714197635650635,1
328,4,311,6.229550838470459,-17
328,5,309,6.685827732086182,-19
328,6,326,7.463829517364502,-2
328,7,310,7.730323791503906,-18
328,8,122,7.922146320343018,-206
329,1,332,3.904942512512207,3
329,2,311,5.345248699188232,-18
329,3,330,5.605293273925781,1
329,4,326,5.69354248046875,-3
329,5,328,5.714197635650635,-1
329,6,331,5.764633655548096,2
329,7,333,7.637819766998291,4
329,8,310,7.750134468078613,-19
330,1,331,5.007762908935547,1
330,2,329,5.605293273925781,-1
330,3,310,6.353511333465576,-20
330,4,311,7.8444414138793945,-19
330,5,332,7.920132160186768,2
330,6,328,8.225058555603027,-2
330,7,119,8.658803939819336,-211
330,8,116,9.93929672241211,-214
331,1,330,5.007762908935547,-1
331,2,332,5.10601806640625,1
331,3,329,5.764633655548096,-2
331,4,112,7.460008144378662,-219
331,5,116,8.78618049621582,-215
331,6,333,9.015289306640625,2
331,7,94,9.026653289794922,-237
331,8,311,9.115461349487305,-20
332,1,329,3.904942512512207,-3
332,2,331,5.10601806640625,-1
332,3,333,5.614438056945801,1
332,4,326,5.919736385345459,-6
332,5,112,6.033402442932129,-220
332,6,110,6.083105564117432,-222
332,7,111,6.828919887542725,-221
332,8,335,7.049998760223389,3
333,1,334,5.39128303527832,1
333,2,332,5.614438056945801,-1
333,3,335,5.758072853088379,2
333,4,329,7.637819766998291,-4
333,5,326,7.728267669677734,-7
333,6,110,8.192699432373047,-223
333,7,331,9.015289306640625,-2
333,8,112,10.64693832397461,-221
334,1,333,5.39128303527832,-1
334,2,335,5.7607903480529785,1
334,3,326,5.846209526062012,-8
334,4,327,6.5538330078125,-7
334,5,325,7.137572288513184,-9
334,6,329,7.776031970977783,-5
334,7,336,7.905599117279053,2
334,8,332,8.003989219665527,-2
335,1,110,4.319962024688721,-225
335,2,326,5.107690811157227,-9
335,3,336,5.747986316680908,1
335,4,333,5.758072853088379,-2
335,5,334,5.7607903480529785,-1
335,6,337,6.526544094085693,2
335,7,332,7.049998760223389,-3
335,8,325,7.380561351776123,-10
336,1,325,4.437482833862305,-11
336,2,323,5.374048709869385,-13
336,3,335,5.747986316680908,-1
336,4,337,5.822776794433594,1
336,5,324,6.972143173217773,-12
336,6,326,7.542612075805664,-10
336,7,359,7.762084484100342,23
336,8,357,7.899473667144775,21
337,1,106,3.8688039779663086,-231
337,2,324,5.365514755249023,-13
337,3,338,5.453459739685059,1
337,4,110,5.647732257843018,-227
337,5,107,5.797394275665283,-230
337,6,336,5.822776794433594,-1
337,7,339,6.462000846862793,2
337,8,335,6.526544094085693,-2
338,1,349,4.029626369476318,11
338,2,337,5.453459739685059,-1
338,3,321,5.7020368576049805,-17
338,4,339,5.752215385437012,1
338,5,323,5.9626145362854,-15
338,6,351,6.41864013671875,13
338,7,106,6.450136184692383,-232
338,8,322,7.170738697052002,-16
339,1,104,5.005376815795898,-235
339,2,322,5.421402454376221,-17
339,3,340,5.587030410766602,1
339,4,324,5.613567352294922,-15
339,5,338,5.752215385437012,-1
339,6,346,5.801033973693848,7
339,7,107,5.835414886474609,-232
339,8,349,6.220606327056885,10
340,1,349,5.044793605804443,9
340,2,339,5.587030410766602,-1
340,3,341,5.672751426696777,1
340,4,347,5.718079566955566,7
340,5,342,6.037175178527832,2
340,6,322,6.492186546325684,-18
340,7,338,7.5251784324646,-2
340,8,348,7.54469108581543,8
341,1,133,5.313663482666016,-208
341,2,340,5.672751426696777,-1
341,3,345,5.946340084075928,4
341,4,342,5.952962398529053,1
341,5,346,6.138490200042725,5
341,6,130,6.154789924621582,-211
341,7,322,7.082836627960205,-19
341,8,339,7.412384033203125,-2
342,1,344,4.8498454093933105,2
342,2,347,5.112241744995117,5
342,3,343,5.157705783843994,1
342,4,345,5.180248260498047,3
342,5,341,5.952962398529053,-1
342,6,340,6.037175178527832,-2
342,7,346,7.846940994262695,4
342,8,175,8.379748344421387,-167
343,1,342,5.157705783843994,-1
343,2,344,5.355814456939697,1
343,3,171,5.90540075302124,-172
343,4,345,6.967548847198486,2
343,5,175,7.339633941650391,-168
343,6,341,8.835988998413086,-2
343,7,172,9.179444313049316,-171
343,8,174,9.434614181518555,-169
344,1,175,3.7628800868988037,-169
344,2,345,4.826205253601074,1
344,3,342,4.8498454093933105,-2
344,4,343,5.355814456939697,-1
344,5,347,6.4197678565979,3
344,6,171,7.317135334014893,-173
344,7,172,7.628576278686523,-172
344,8,179,7.84737491607666,-165
345,1,344,4.826205253601074,-1
345,2,346,4.8534111976623535,1
345,3,342,5.180248260498047,-3
345,4,137,5.4997639656066895,-208
345,5,172,5.637626647949219,-173
345,6,341,5.946340084075928,-4
345,7,347,6.082219123840332,2
345,8,175,6.256791591644287,-170
346,1,104,4.672188758850098,-242
346,2,345,4.8534111976623535,-1
346,3,137,5.502225875854492,-209
346,4,102,5.5124969482421875,-244
346,5,134,5.705705642700195,-212
346,6,347,5.73807430267334,1
346,7,339,5.801033973693848,-7
346,8,103,5.843622207641602,-243
347,1,342,5.112241744995117,-5
347,2,348,5.248215198516846,1
347,3,340,5.718079566955566,-7
347,4,346,5.73807430267334,-1
347,5,104,5.92871618270874,-243
347,6,345,6.082219123840332,-2
347,7,103,6.182087421417236,-244
347,8,344,6.4197678565979,-3
348,1,347,5.248215198516846,-1
348,2,105,5.332026958465576,-243
348,3,104,5.582517147064209,-244
348,4,106,5.612008094787598,-242
348,5,349,5.639956951141357,1
348,6,350,7.01374626159668,2
348,7,339,7.077457427978516,-9
348,8,340,7.54469108581543,-8
349,1,338,4.029626369476318,-11
349,2,340,5.044793605804443,-9
349,3,348,5.639956951141357,-1
349,4,351,5.694815158843994,2
349,5,350,5.837736129760742,1
349,6,339,6.220606327056885,-10
349,7,321,6.8581671714782715,-28
349,8,106,7.52886962890625,-243
350,1,349,5.837736129760742,-1
350,2,351,6.188597202301025,1
350,3,352,6.576190948486328,2
350,4,348,7.01374626159668,-2
350,5,340,8.52113151550293,-10
350,6,347,9.080782890319824,-3
350,7,338,9.439239501953125,-12
350,8,353,10.099932670593262,3
351,1,349,5.694815158843994,-2
351,2,352,6.035015106201172,1
351,3,350,6.188597202301025,-1
351,4,338,6.41864013671875,-13
351,5,353,6.52216100692749,2
351,6,354,7.68281888961792,3
351,7,348,8.14754867553711,-3
351,8,355,8.296826362609863,4
352,1,353,5.816112041473389,1
352,2,351,6.035015106201172,-1
352,3,354,6.126098155975342,2
352,4,350,6.576190948486328,-2
352,5,349,9.460687637329102,-3
352,6,355,9.790698051452637,3
352,7,338,11.347465515136719,-14
352,8,321,12.230460166931152,-31
353,1,354,5.696862697601318,1
353,2,352,5.816112041473389,-1
353,3,351,6.52216100692749,-2
353,4,355,8.885880470275879,2
353,5,356,9.095207214355469,3
353,6,350,10.099932670593262,-3
353,7,349,12.063687324523926,-4
353,8,338,12.662703514099121,-15
354,1,355,4.906693935394287,1
354,2,353,5.696862697601318,-1
354,3,352,6.126098155975342,-2
354,4,351,7.68281888961792,-3
354,5,356,8.61137866973877,2
354,6,357,10.32827091217041,3
354,7,350,11.760078430175781,-4
354,8,338,11.948779106140137,-16
355,1,354,4.906693935394287,-1
355,2,357,5.495142459869385,2
355,3,356,6.043120384216309,1
355,4,351,8.296826362609863,-4
355,5,353,8.885880470275879,-2
355,6,358,9.537065505981445,3
355,7,352,9.790698051452637,-3
355,8,338,10.016792297363281,-17
356,1,358,6.040350914001465,2
356,2,355,6.043120384216309,-1
356,3,357,6.125698566436768,1
356,4,354,8.61137866973877,-2
356,5,353,9.095207214355469,-3
356,6,351,9.672162055969238,-5
356,7,359,10.104012489318848,3
356,8,360,11.261615753173828,4
357,1,355,5.495142459869385,-2
357,2,359,6.034388542175293,2
357,3,358,6.075780868530273,1
357,4,356,6.125698566436768,-1
357,5,336,7.899473667144775,-21
357,6,318,9.347908973693848,-39
357,7,360,9.592910766601562,3
357,8,323,10.053303718566895,-34
358,1,360,5.234679222106934,2
358,2,356,6.040350914001465,-2
358,3,359,6.054105758666992,1
358,4,357,6.075780868530273,-1
358,5,361,9.105155944824219,3
358,6,355,9.537065505981445,-3
358,7,336,11.402931213378906,-22
358,8,362,12.14894962310791,4
359,1,357,6.034388542175293,-2
359,2,358,6.054105758666992,-1
359,3,360,6.193244457244873,1
359,4,361,6.940121173858643,2
359,5,336,7.762084484100342,-23
359,6,334,9.317499160766602,-25
359,7,362,9.417726516723633,3
359,8,335,9.979634284973145,-24
360,1,361,4.578287124633789,1
360,2,358,5.234679222106934,-2
360,3,359,6.193244457244873,-1
360,4,362,8.56609058380127,2
360,5,357,9.592910766601562,-3
360,6,356,11.261615753173828,-4
360,7,363,11.421998023986816,3
360,8,364,13.325709342956543,4
361,1,360,4.578287124633789,-1
361,2,362,4.632702350616455,1
361,3,363,6.9363627433776855,2
361,4,359,6.940121173858643,-2
361,5,358,9.105155944824219,-3
361,6,364,9.145188331604004,3
361,7,357,11.413848876953125,-4
361,8,365,12.070974349975586,4
362,1,361,4.632702350616455,-1
362,2,364,4.839398384094238,2
362,3,363,5.903520584106445,1
362,4,360,8.56609058380127,-2
362,5,365,8.98763656616211,3
362,6,359,9.417726516723633,-3
362,7,366,11.02015495300293,4
362,8,358,12.14894962310791,-4
363,1,362,5.903520584106445,-1
363,2,364,6.2002434730529785,1
363,3,365,6.468159198760986,2
363,4,361,6.9363627433776855,-2
363,5,366,10.284997940063477,3
363,6,360,11.421998023986816,-3
363,7,359,11.6613130569458,-4
363,8,367,11.726184844970703,4
364,1,362,4.839398384094238,-2
364,2,365,6.0323052406311035,1
364,3,363,6.2002434730529785,-1
364,4,366,6.22081184387207,2
364,5,361,9.145188331604004,-3
364,6,367,9.301012992858887,3
364,7,294,11.536540031433105,-70
364,8,368,12.632272720336914,4
365,1,367,5.317348480224609,2
365,2,364,6.0323052406311035,-1
365,3,366,6.095534324645996,1
365,4,363,6.468159198760986,-2
365,5,362,8.98763656616211,-3
365,6,368,10.020681381225586,3
365,7,294,11.175236701965332,-71
365,8,361,12.070974349975586,-4
366,1,365,6.095534324645996,-1
366,2,367,6.138911247253418,1
366,3,364,6.22081184387207,-2
366,4,368,6.8332905769348145,2
366,5,294,8.977742195129395,-72
366,6,293,9.17603874206543,-73
366,7,369,9.848960876464844,3
366,8,363,10.284997940063477,-3
367,1,365,5.317348480224609,-2
367,2,368,5.986128330230713,1
367,3,366,6.138911247253418,-1
367,4,369,7.147337913513184,2
367,5,370,9.277398109436035,3
367,6,364,9.301012992858887,-3
367,7,363,11.726184844970703,-4
367,8,293,12.12821102142334,-74
368,1,369,5.749956130981445,1
368,2,367,5.986128330230713,-1
368,3,370,6.77818489074707,2
368,4,366,6.8332905769348145,-2
368,5,293,9.335216522216797,-75
368,6,371,9.541939735412598,3
368,7,365,10.020681381225586,-3
368,8,364,12.632272720336914,-4
369,1,368,5.749956130981445,-1
369,2,370,5.86846399307251,1
369,3,371,6.773903846740723,2
369,4,367,7.147337913513184,-2
369,5,372,9.55271053314209,3
369,6,366,9.848960876464844,-3
369,7,365,12.165008544921875,-4
369,8,373,12.326764106750488,4
370,1,371,5.8237690925598145,1
370,2,369,5.86846399307251,-1
370,3,372,6.4794487953186035,2
370,4,368,6.77818489074707,-2
370,5,367,9.277398109436035,-3
370,6,373,10.035148620605469,3
370,7,374,11.707984924316406,4
370,8,366,13.0890474319458,-4
371,1,372,5.758265018463135,1
371,2,370,5.8237690925598145,-1
371,3,373,5.920403480529785,2
371,4,369,6.773903846740723,-2
371,5,374,9.106762886047363,3
371,6,368,9.541939735412598,-3
371,7,375,12.60249137878418,4
371,8,367,13.198692321777344,-4
372,1,373,5.570794105529785,1
372,2,371,5.758265018463135,-1
372,3,370,6.4794487953186035,-2
372,4,374,8.874044418334961,2
372,5,375,9.132059097290039,3
372,6,369,9.55271053314209,-3
372,7,368,12.826229095458984,-4
372,8,376,13.13112735748291,4
373,1,374,5.418766021728516,1
373,2,372,5.570794105529785,-1
373,3,371,5.920403480529785,-2
373,4,375,7.990012168884277,2
373,5,376,9.49353313446045,3
373,6,370,10.035148620605469,-3
373,7,369,12.326764106750488,-4
373,8,368,15.20120906829834,-5
374,1,373,5.418766021728516,-1
374,2,375,6.2056684494018555,1
374,3,376,6.266698360443115,2
374,4,372,8.874044418334961,-2
374,5,371,9.106762886047363,-3
374,6,370,11.707984924316406,-4
374,7,369,15.537454605102539,-5
374,8,368,16.667673110961914,-6
375,1,376,5.674551010131836,1
375,2,374,6.2056684494018555,-1
375,3,373,7.990012168884277,-2
375,4,372,9.132059097290039,-3
375,5,371,12.60249137878418,-4
375,6,370,13.784358024597168,-5
375,7,369,18.185930252075195,-6
375,8,368,20.06028175354004,-7
376,1,375,5.674551010131836,-1
376,2,374,6.266698360443115,-2
376,3,373,9.49353313446045,-3
376,4,372,13.13112735748291,-4
376,5,371,14.758554458618164,-5
376,6,370,17.39347267150879,-6
376,7,369,21.23952865600586,-7
376,8,368,22.839221954345703,-8
