var_id,label,pred_normal,pred_permuted,pred_donor_swap,donor_pos,abs_diff_permuted,abs_diff_donor_swap,delta_normal
chr17_58692650_G_A,0.30890802,-0.1950332,-0.1950332,0.0049655437,178,0.0,0.19999874,-0.55735123
chr17_58692650_G_C,0.27762496,-0.1950332,-0.1950332,-0.062622994,193,0.0,0.1324102,-0.55735123
chr17_58692650_G_T,-0.24110967,-0.14233041,-0.14233041,0.046263427,284,0.0,0.18859383,-0.5863912
chr17_58692650_GGG_,-0.15439971,-0.15345496,-0.1534549,-0.15770227,358,5.9604645e-08,0.004247308,-0.63320774
chr17_58692650_GGG_GCC,0.8147312,-0.3413779,-0.3413779,-0.14240795,14,0.0,0.19896996,-0.60010713
chr17_58692650_GGG_AGA,0.4663011,-0.1950332,-0.1950332,0.03495285,55,0.0,0.22998604,-0.55735123
chr17_58692650_GGG_GAA,0.8765377,-0.28808475,-0.28808475,-0.09007579,310,0.0,0.19800895,-0.59614587
chr17_58692650_GGG_GTC,-0.23338035,-0.07167822,-0.07167822,-0.06726307,357,0.0,0.0044151545,-0.63684946
chr17_58692651_G_A,-0.5625417,-0.28808475,-0.28808475,-0.17575622,94,0.0,0.11232853,-0.59614587
chr17_58692651_G_C,0.5255989,-0.3413779,-0.3413779,-0.16533214,118,0.0,0.17604578,-0.60010713
chr17_58692651_G_T,1.4932268,-0.07167822,-0.07167822,0.07634953,327,0.0,0.14802775,-0.63684946
chr17_58692652_G_C,-1.3055401,-0.09525955,-0.09525955,-0.0007445812,160,0.0,0.094514966,-0.66636074
chr17_58692652_G_T,-1.1294498,-0.09525955,-0.09525955,0.034311593,103,0.0,0.12957114,-0.66636074
chr17_58692652_G_A,1.273068,-0.09525955,-0.09525955,0.013738394,312,0.0,0.10899794,-0.66636074
chr17_58692662_C_A,-0.734082,-0.2542088,-0.2542088,-0.10569683,97,0.0,0.14851198,-0.547838
chr17_58692662_C_G,0.9228253,-0.17465651,-0.17465645,0.044451892,154,5.9604645e-08,0.2191084,-0.5674292
chr17_58692662_C_T,0.84660137,-0.05904734,-0.0590474,0.12519515,243,5.9604645e-08,0.18424249,-0.59602344
chr17_58692662_CGC_,-0.5710141,-0.35313445,-0.35313445,-0.051561385,207,0.0,0.30157307,-0.51962954
chr17_58692662_CGC_GCC,-0.9353165,-0.22894806,-0.22894806,0.008266449,33,0.0,0.2372145,-0.5800223
chr17_58692662_CGC_AGA,-0.4661818,-0.06126827,-0.06126821,0.047902167,11,5.9604645e-08,0.10917044,-0.6221513
chr17_58692662_CGC_AGG,0.42367923,-0.06126827,-0.06126821,0.1286428,326,5.9604645e-08,0.18991107,-0.6221513
chr17_58692662_CGC_CAT,-0.17662413,-0.10256475,-0.10256475,0.084548205,284,0.0,0.18711296,-0.58624166
chr17_58692662_CGC_CCT,-1.301683,-0.14070225,-0.14070225,0.09665394,316,0.0,0.23735619,-0.5510349
chr17_58692662_CGC_CTG,0.08171617,-0.10122508,-0.10122508,0.09964487,203,0.0,0.20086995,-0.60835236
chr17_58692662_CGC_GGA,-0.3335121,-0.17465651,-0.17465651,0.048010826,308,0.0,0.22266734,-0.5674292
chr17_58692662_CGC_TCC,-1.3049337,-0.2542088,-0.2542088,-0.02343437,124,0.0,0.23077443,-0.547838
chr17_58692662_CGC_TGT,-0.94873154,-0.05904734,-0.05904734,0.1601784,171,0.0,0.21922573,-0.59602344
chr17_58692663_G_A,2.3195796,-0.10256475,-0.10256475,0.1074613,297,0.0,0.21002606,-0.58624166
chr17_58692663_G_C,-0.37443078,-0.14070225,-0.14070225,0.0930638,47,0.0,0.23376605,-0.5510349
chr17_58692663_G_T,0.44073135,-0.10122508,-0.10122508,0.08677408,115,0.0,0.18799916,-0.60835236
chr17_58692664_C_G,-2.025891,-0.06126827,-0.06126827,0.13313943,47,0.0,0.1944077,-0.6221513
chr17_58692664_C_A,-0.5421994,-0.06126827,-0.06126827,0.13832751,171,0.0,0.19959578,-0.6221513
chr17_58692664_C_T,-2.06484,-0.06126827,-0.06126821,-0.113835156,368,5.9604645e-08,0.052566886,-0.6221513
chr17_58692677_C_T,-1.4530007,-0.06474815,-0.06474814,0.11706381,51,1.4901161e-08,0.18181196,-0.17354833
chr17_58692677_C_G,0.20914228,-0.4451533,-0.44515324,-0.48236504,145,5.9604645e-08,0.037211746,-0.16414769
chr17_58692677_C_A,-1.4916997,0.24312028,0.24312028,0.27565917,152,0.0,0.03253889,-0.30244794
chr17_58692677_CGG_,0.20562623,-1.3137467,-1.3137468,-1.1411306,340,1.1920929e-07,0.17261612,-0.13535956
chr17_58692677_CGG_GCC,0.0030650399,-0.42572677,-0.42572677,-0.7419857,77,0.0,0.3162589,-0.22802056
chr17_58692677_CGG_AGA,1.704987,0.24312028,0.24312028,0.12923825,189,0.0,0.113882035,-0.30244794
chr17_58692677_CGG_CAA,1.1136643,-0.39048016,-0.39048013,-0.27082938,99,2.9802322e-08,0.11965078,-0.17778741
chr17_58692677_CGG_CCC,-2.0427277,-0.2986307,-0.2986307,-0.5143191,8,0.0,0.2156884,-0.19989777
chr17_58692677_CGG_CTC,1.0933205,-0.1193338,-0.11933379,0.25010997,283,1.4901161e-08,0.36944377,-0.2367521
chr17_58692677_CGG_GGC,-1.1870421,-0.4451533,-0.4451533,-0.34896803,24,0.0,0.09618527,-0.16414769
chr17_58692678_G_A,0.36024645,-0.39048016,-0.39048013,-0.25556058,106,2.9802322e-08,0.13491958,-0.17778741
chr17_58692678_G_C,-1.4367772,-0.2986307,-0.29863077,-0.42981353,188,5.9604645e-08,0.13118282,-0.19989777
chr17_58692678_G_T,-1.0952699,-0.1193338,-0.11933379,-0.18775865,183,1.4901161e-08,0.06842485,-0.2367521
chr17_58692679_G_A,1.3510107,0.24312028,0.24312025,0.43064824,44,2.9802322e-08,0.18752795,-0.30244794
chr17_58692679_G_C,0.8310783,0.24312028,0.24312025,-0.06754047,369,2.9802322e-08,0.31066075,-0.30244794
chr17_58692679_G_T,-0.068917304,0.24312028,0.24312028,0.5890278,282,0.0,0.34590754,-0.30244794
chr17_58692686_G_A,-0.31761336,-0.5211935,-0.5211935,-1.021944,362,0.0,0.50075054,0.09527204
chr17_58692686_G_C,-0.06609948,-0.24199772,-0.2419977,-0.2141395,35,1.4901161e-08,0.027858213,0.05694317
chr17_58692686_G_T,0.16948321,-0.24199772,-0.24199773,-0.15135948,273,1.4901161e-08,0.090638235,0.05694317
chr17_58692686_GTG_,-14.231126,-15.074347,-15.074347,-15.055474,111,0.0,0.018872261,0.45850182
chr17_58692686_GTG_GCC,-0.33117205,0.24566025,0.24566028,0.3749818,204,2.9802322e-08,0.12932155,-0.0021439139
chr17_58692686_GTG_CTC,0.4109213,-0.24199772,-0.24199772,-0.25328735,348,0.0,0.011289626,0.05694317
chr17_58692686_GTG_GAA,-0.08622062,-0.15360056,-0.1536006,-0.124743514,105,4.4703484e-08,0.028857045,0.045292746
chr17_58692686_GTG_GGC,-0.18655916,-0.0024833903,-0.0024833195,0.0881117,273,7.0780516e-08,0.09059509,0.05699656
chr17_58692687_T_C,-0.72843665,0.24566025,0.24566026,0.25127,61,1.4901161e-08,0.0056097507,-0.0021439139
chr17_58692687_T_G,-0.7715003,-0.0024833903,-0.0024833567,0.29387444,122,3.3527613e-08,0.29635784,0.05699656
chr17_58692687_T_A,-0.09382053,-0.15360056,-0.15360059,-0.61832297,365,2.9802322e-08,0.4647224,0.045292746
chr17_58692688_G_A,-0.581154,0.50547755,0.50547755,0.6985517,159,0.0,0.19307417,-0.04289568
chr17_58692688_G_C,0.11524063,0.50547755,0.50547755,0.32067326,195,0.0,0.18480429,-0.04289568
chr17_58692688_G_T,0.3804161,0.50547755,0.50547755,0.56451255,111,0.0,0.059035003,-0.04289568
chr17_58692698_C_A,0.09991397,-1.4016114,-1.4016114,-1.2154969,44,0.0,0.18611455,0.051787455
chr17_58692698_C_T,-1.354041,0.7104014,0.71040136,1.141981,160,5.9604645e-08,0.4315796,-0.12637487
chr17_58692698_C_G,1.1712701,-0.009428889,-0.009428907,0.06444289,235,1.8626451e-08,0.07387178,-0.041532427
chr17_58692698_CTG_,-21.218874,-14.1585655,-14.1585655,-13.864013,172,0.0,0.2945528,0.4840193
chr17_58692698_CTG_GCC,-2.4413173,-2.78123,-2.78123,-2.866569,293,0.0,0.08533907,0.08926299
chr17_58692698_CTG_AGA,-19.233017,-14.851618,-14.851618,-14.507689,137,0.0,0.34392834,0.30499673
chr17_58692698_CTG_CAA,-13.836169,-14.157721,-14.157721,-14.06892,231,0.0,0.08880043,0.26402003
chr17_58692698_CTG_CCC,-17.616388,-14.861166,-14.861166,-14.694429,291,0.0,0.1667366,0.28774393
chr17_58692698_CTG_GTC,-0.22046264,-0.009428889,-0.0094289,0.20467046,345,1.1175871e-08,0.21409935,-0.041532427
chr17_58692698_CTG_TTA,0.6587084,0.7104014,0.7104014,1.0584506,161,0.0,0.34804916,-0.12637487
chr17_58692699_T_C,-13.31421,-14.861166,-14.861166,-14.715983,15,0.0,0.14518261,0.28774393
chr17_58692699_T_A,-14.627121,-14.157721,-14.157721,-13.851426,271,0.0,0.30629444,0.26402003
chr17_58692699_T_G,-16.666195,-14.851618,-14.851618,-14.873815,199,0.0,0.02219677,0.30499673
chr17_58692700_G_A,0.74530643,0.7104014,0.71040136,1.0449786,328,5.9604645e-08,0.3345772,-0.12637487
chr17_58692700_G_C,-0.8949763,0.7104014,0.71040136,0.9740055,173,5.9604645e-08,0.2636041,-0.12637487
chr17_58692700_G_T,0.6715018,0.7104014,0.71040136,0.9964216,139,5.9604645e-08,0.28602016,-0.12637487
chr17_58692710_G_A,0.19041781,-2.126781,-2.126781,-2.0397155,24,0.0,0.08706546,0.121763796
chr17_58692710_G_C,-1.3177162,-1.3539463,-1.3539464,-1.0645334,172,1.1920929e-07,0.28941298,0.11193008
chr17_58692710_G_T,-0.92607456,-1.3539463,-1.3539464,-1.0285165,242,1.1920929e-07,0.3254298,0.11193008
chr17_58692710_GTG_,-22.133184,-6.3710804,-6.3710804,-6.234818,290,0.0,0.13626242,0.13424669
chr17_58692710_GTG_GCC,-0.22705336,-0.0460421,-0.046042107,0.085545495,321,7.450581e-09,0.1315876,0.002709969
chr17_58692710_GTG_GAA,-8.309598,-4.63758,-4.63758,-5.0042353,81,0.0,0.36665535,0.16209583
chr17_58692710_GTG_GGC,-4.1363525,-3.0906596,-3.0906596,-2.595953,223,0.0,0.49470663,0.13680571
chr17_58692710_GTG_CTC,-1.0618764,-1.3539463,-1.3539464,-0.92936784,303,1.1920929e-07,0.4245785,0.11193008
chr17_58692711_T_G,-3.903802,-3.0906596,-3.0906596,-3.0938327,98,0.0,0.0031731129,0.13680571
chr17_58692711_T_A,-7.620659,-4.63758,-4.6375804,-4.3063235,130,4.7683716e-07,0.3312564,0.16209583
chr17_58692711_T_C,0.49878308,-0.0460421,-0.046042092,0.2604408,316,7.450581e-09,0.3064829,0.002709969
chr17_58692712_G_A,0.34212023,0.6667802,0.66678023,1.1303219,219,5.9604645e-08,0.4635417,-0.018266238
chr17_58692712_G_T,-3.0963042,0.6667802,0.6667802,0.49757773,192,0.0,0.16920245,-0.018266238
chr17_58692712_G_C,-1.8208122,0.6667802,0.6667802,1.0693684,254,0.0,0.4025882,-0.018266238
chr17_58692764_G_A,-1.441554,-0.39688393,-0.39688396,-0.7350777,193,2.9802322e-08,0.33819374,0.06210115
chr17_58692764_G_C,0.24698749,-0.087763846,-0.087763906,-0.68987745,369,5.9604645e-08,0.6021136,0.081324995
chr17_58692764_G_T,1.3650861,-0.087763846,-0.087763846,0.24118456,284,0.0,0.3289484,0.081324995
chr17_58692764_GTG_,-12.368799,-2.5790257,-2.5790257,-2.7378,21,0.0,0.15877414,0.16886891
chr17_58692764_GTG_GCC,-0.2255464,-0.101221815,-0.101221785,-0.2122729,56,2.9802322e-08,0.11105108,-0.016382711
chr17_58692764_GTG_CTC,-0.0053430637,-0.087763846,-0.08776386,0.006256506,205,1.4901161e-08,0.09402035,0.081324995
chr17_58692764_GTG_GAA,1.0630887,-0.36387926,-0.36387926,-0.13396108,309,0.0,0.22991818,0.12905973
chr17_58692764_GTG_GGC,-0.6221662,-0.43487337,-0.43487337,-0.43414924,26,0.0,0.00072413683,0.08981679
chr17_58692765_T_A,-0.0725929,-0.36387926,-0.36387923,-0.061265975,257,2.9802322e-08,0.3026133,0.12905973
chr17_58692765_T_C,-1.3336045,-0.101221815,-0.10122182,0.17885014,286,7.450581e-09,0.28007197,-0.016382711
chr17_58692765_T_G,-1.1489643,-0.43487337,-0.43487337,-0.37721705,296,0.0,0.057656318,0.08981679
chr17_58692766_G_A,-2.048383,0.2965371,0.29653713,0.27675784,329,2.9802322e-08,0.019779265,0.039053604
chr17_58692766_G_C,-1.0050521,0.2965371,0.29653713,-0.2538798,73,2.9802322e-08,0.5504169,0.039053604
chr17_58692766_G_T,1.5183662,0.2965371,0.29653713,0.3529209,209,2.9802322e-08,0.05638379,0.039053604
chr17_58692773_T_C,-3.1750453,-2.5729606,-2.5729606,-2.309949,302,0.0,0.2630117,0.2028705
chr17_58692773_T_A,-0.17244281,-0.8522885,-0.8522885,-0.6966407,135,0.0,0.15564781,0.1272726
chr17_58692773_T_G,-1.339959,-1.1640614,-1.1640614,-1.6816247,72,0.0,0.5175632,0.12992749
chr17_58692773_TCC_,-16.19201,-11.617643,-11.617643,-11.907016,181,0.0,0.28937244,0.5839475
chr17_58692773_TCC_CCT,-6.1580935,-2.5729606,-2.5729606,-2.3412232,31,0.0,0.23173738,0.2028705
chr17_58692773_TCC_TAT,-7.15683,-1.1684517,-1.1684517,-1.6391959,83,0.0,0.47074425,0.1542569
chr17_58692773_TCC_TTT,-7.6926756,-1.093661,-1.093661,-0.96755517,322,0.0,0.12610579,0.14103274
chr17_58692773_TCC_ACA,2.6955702,-0.8522885,-0.8522885,-0.6251085,252,0.0,0.22718,0.1272726
chr17_58692773_TCC_AGC,0.56827086,-0.07789159,-0.07789159,0.069013104,324,0.0,0.14690469,0.07527137
chr17_58692773_TCC_AGT,-0.6390497,-0.07789159,-0.07789161,0.06681575,316,2.2351742e-08,0.14470734,0.07527137
chr17_58692773_TCC_GCT,0.107137285,-1.1640614,-1.1640614,-1.1324519,330,0.0,0.031609535,0.12992749
chr17_58692773_TCC_TGT,0.40042338,-3.0452921,-3.0452921,-3.1863627,117,0.0,0.1410706,0.21440198
chr17_58692774_C_A,-2.9492538,-1.1684517,-1.1684518,-1.340736,178,1.1920929e-07,0.17228436,0.1542569
chr17_58692774_C_T,-6.361152,-1.093661,-1.093661,-1.2110528,233,0.0,0.117391825,0.14103274
chr17_58692774_C_G,-0.40577304,-3.0452921,-3.0452921,-3.018896,104,0.0,0.026396036,0.21440198
chr17_58692775_C_T,-2.3980455,-0.07789159,-0.0778916,0.008182645,346,1.4901161e-08,0.08607423,0.07527137
chr17_58692775_C_A,-1.7941667,-0.07789159,-0.0778916,-0.6099733,3,1.4901161e-08,0.5320817,0.07527137
chr17_58692775_C_G,-0.57969034,-0.07789159,-0.07789157,0.06681575,316,1.4901161e-08,0.14470734,0.07527137
chr17_58694978_A_G,-0.43729055,-0.33414736,-0.33414736,0.06495312,243,0.0,0.39910048,-0.2650012
chr17_58694978_A_C,-1.6341213,0.38544032,0.38544032,0.38482362,96,0.0,0.00061669946,-0.43877557
chr17_58694978_AGA_GCC,-0.06485267,-0.3374102,-0.33741015,-0.07993454,271,5.9604645e-08,0.25747567,-0.32583714
chr17_58694978_AGA_AAG,1.1212956,0.038586795,0.038586766,0.3035888,156,2.9802322e-08,0.265002,-0.3796447
chr17_58694978_AGA_ACC,-0.11052729,-0.29331422,-0.29331425,0.04979997,315,2.9802322e-08,0.3431142,-0.30893135
chr17_58694978_AGA_ATC,-1.2550565,-1.0594668,-1.0594668,-1.3700304,376,0.0,0.31056356,-0.2643297
chr17_58694978_AGA_CGC,-0.39897427,0.38544032,0.38544032,0.53783476,106,0.0,0.15239444,-0.43877557
chr17_58694978_AGA_CGG,-1.2150316,0.38544032,0.38544026,0.49799898,177,5.9604645e-08,0.11255866,-0.43877557
chr17_58694978_AGA_CGT,1.9934711,0.38544032,0.38544026,0.21938133,81,5.9604645e-08,0.16605899,-0.43877557
chr17_58694978_AGA_GGC,-0.3989451,-0.33414736,-0.33414736,0.14077698,261,0.0,0.47492433,-0.2650012
chr17_58694978_AGA_TCC,-1.2306837,-0.12495822,-0.12495822,0.22544433,241,0.0,0.35040253,-0.30194563
chr17_58694979_G_C,-1.0178362,-0.29331422,-0.29331422,-0.09591189,318,0.0,0.19740233,-0.30893135
chr17_58694979_G_A,-0.2668525,0.038586795,0.038586825,0.36820263,303,2.9802322e-08,0.32961583,-0.3796447
chr17_58694979_G_T,0.2160636,-1.0594668,-1.0594668,-1.3244689,368,0.0,0.265002,-0.2643297
chr17_58694980_A_G,2.1849964,0.38544032,0.38544032,0.18298984,363,0.0,0.20245048,-0.43877557
chr17_58694980_A_C,0.35378596,-0.12495822,-0.12495822,0.14958382,337,0.0,0.27454203,-0.30194563
chr17_58694980_A_T,0.80957556,-0.12495822,-0.12495822,0.07111038,57,0.0,0.1960686,-0.30194563
chr17_58694984_G_C,1.3536675,-0.037849933,-0.037849963,0.112745434,16,2.9802322e-08,0.15059537,-0.43217614
chr17_58694984_G_A,2.0529146,-0.008664012,-0.008663982,0.06866315,182,2.9802322e-08,0.07732716,-0.4107536
chr17_58694984_GAA_,0.4264949,-0.10701522,-0.10701525,0.25061694,130,2.9802322e-08,0.35763216,-0.4682432
chr17_58694984_GAA_GCC,0.98814887,0.16985035,0.16985035,0.5008772,337,0.0,0.33102685,-0.4432571
chr17_58694984_GAA_AAG,0.19137833,-0.008664012,-0.008664012,0.46206188,300,0.0,0.4707259,-0.4107536
chr17_58694984_GAA_CAG,0.7061838,-0.037849933,-0.037849933,0.3271734,159,0.0,0.36502334,-0.43217614
chr17_58694984_GAA_GGC,0.28977883,-0.27900076,-0.27900076,0.17725833,217,0.0,0.45625907,-0.38097167
chr17_58694984_GAA_GTG,-1.3085254,-0.051241636,-0.051241606,0.37539172,222,2.9802322e-08,0.42663336,-0.42240763
chr17_58694985_A_G,0.35455868,-0.27900076,-0.27900073,0.028905861,335,2.9802322e-08,0.30790663,-0.38097167
chr17_58694985_A_C,1.2651442,0.16985035,0.16985032,0.14068082,10,2.9802322e-08,0.02916953,-0.4432571
chr17_58694985_A_T,0.5783782,-0.051241636,-0.051241606,-0.017904222,185,2.9802322e-08,0.033337414,-0.42240763
chr17_58694986_A_G,0.93629557,0.38954955,0.38954955,0.74613965,254,0.0,0.3565901,-0.53057784
chr17_58694986_A_C,1.2396336,0.13835347,0.1383534,0.47407997,171,5.9604645e-08,0.3357265,-0.39346445
chr17_58694986_A_T,-1.6603669,0.13835347,0.13835347,0.49064007,346,0.0,0.3522866,-0.39346445
chr17_58694996_A_T,0.8391245,0.24592716,0.24592716,0.21416408,358,0.0,0.031763077,-0.5636403
chr17_58694996_A_C,-1.6074253,0.37750554,0.37750554,0.65809715,311,0.0,0.2805916,-0.54318595
chr17_58694996_A_G,1.7863432,0.2550584,0.2550584,0.53060925,175,0.0,0.27555084,-0.48130333
chr17_58694996_AAT_,2.1791935,0.37059352,0.37059352,0.659237,333,0.0,0.2886435,-0.49659875
chr17_58694996_AAT_GCC,-0.095056504,0.30283338,0.30283338,0.55201995,28,0.0,0.24918658,-0.5705101
chr17_58694996_AAT_ACC,0.8402468,0.28813678,0.28813678,0.5639919,249,0.0,0.27585512,-0.5613329
chr17_58694996_AAT_AGC,-0.99209857,0.34435958,0.34435958,0.5854633,101,0.0,0.24110371,-0.5486751
chr17_58694996_AAT_ATC,2.2896554,0.1379376,0.13793772,0.23969918,93,1.1920929e-07,0.10176158,-0.58686584
chr17_58694996_AAT_CAC,2.543812,0.37750554,0.37750554,0.6892649,256,0.0,0.31175935,-0.54318595
chr17_58694996_AAT_GAC,1.0628202,0.2550584,0.2550584,0.59227604,289,0.0,0.33721763,-0.48130333
chr17_58694996_AAT_TAC,1.1436337,0.24592716,0.24592716,0.49697655,335,0.0,0.2510494,-0.5636403
chr17_58694997_A_C,0.13440926,0.28813678,0.28813678,0.28248698,80,0.0,0.005649805,-0.5613329
chr17_58694997_A_G,1.116499,0.34435958,0.34435958,0.62036544,328,0.0,0.27600586,-0.5486751
chr17_58694997_A_T,0.7425538,0.1379376,0.1379376,0.36972973,313,0.0,0.23179212,-0.58686584
chr17_58694998_T_A,-1.1011795,0.549742,0.549742,0.8831921,119,0.0,0.33345014,-0.49288014
chr17_58694998_T_C,2.8653462,0.5597756,0.55977565,0.7578156,24,5.9604645e-08,0.19804001,-0.58891916
chr17_58694998_T_G,0.08907826,0.549742,0.54974186,0.823097,291,1.1920929e-07,0.273355,-0.49288014
chr17_58695002_C_G,0.07011309,0.63675404,0.6367541,0.90767145,311,5.9604645e-08,0.27091742,-0.5735762
chr17_58695002_C_T,0.58480465,0.6874732,0.6874731,0.93709797,174,5.9604645e-08,0.24962479,-0.5900811
chr17_58695002_C_A,0.08579161,0.63822454,0.63822454,0.8256922,62,0.0,0.18746763,-0.6059478
chr17_58695002_CCA_,-1.125221,-0.1339271,-0.1339271,0.15605153,55,0.0,0.28997862,-0.53261447
chr17_58695002_CCA_GCC,1.2609888,0.63675404,0.6367541,0.9024005,142,5.9604645e-08,0.26564646,-0.5735762
chr17_58695002_CCA_ACC,-0.61686885,0.63822454,0.63822454,0.83413744,285,0.0,0.1959129,-0.6059478
chr17_58695002_CCA_AGC,-0.9105185,0.6874732,0.6874732,0.9365304,120,0.0,0.24905723,-0.5900811
chr17_58695002_CCA_CAG,0.18420605,0.6184541,0.61845416,0.79342455,12,5.9604645e-08,0.17497045,-0.5906173
chr17_58695002_CCA_CGG,-0.7005317,0.46798295,0.46798295,0.7555344,260,0.0,0.28755146,-0.5686086
chr17_58695002_CCA_CTG,1.300022,0.6035425,0.6035425,0.87488407,280,0.0,0.27134156,-0.57732254
chr17_58695003_C_G,2.049306,0.46798295,0.4679829,0.61465204,68,5.9604645e-08,0.14666909,-0.5686086
chr17_58695003_C_A,-0.6112123,0.6184541,0.61845416,0.87715125,211,5.9604645e-08,0.25869715,-0.5906173
chr17_58695003_C_T,1.043344,0.6035425,0.6035425,0.8001541,149,0.0,0.19661158,-0.57732254
chr17_58695004_A_C,-0.46615377,0.66396576,0.66396576,0.78175056,189,0.0,0.1177848,-0.6019985
chr17_58695004_A_G,0.6321234,0.66396576,0.66396576,0.6706277,3,0.0,0.0066619515,-0.6019985
chr17_58695004_A_T,1.9093462,0.66396576,0.66396576,0.8897631,239,0.0,0.22579736,-0.6019985
chr17_58695011_G_A,1.0420325,0.69693476,0.69693476,0.92366767,99,0.0,0.22673291,-0.57554406
chr17_58695011_G_C,1.7470875,0.371001,0.371001,0.7177118,209,0.0,0.3467108,-0.51108766
chr17_58695011_G_T,-0.1536518,0.7777093,0.7777093,1.0471172,159,0.0,0.26940793,-0.56919616
chr17_58695011_GCT_,0.98442054,0.49420983,0.49420983,0.757336,230,0.0,0.2631262,-0.5696358
chr17_58695011_GCT_ACC,1.3702278,0.69693476,0.6969348,0.95270646,40,5.9604645e-08,0.2557717,-0.57554406
chr17_58695011_GCT_AGC,0.8419477,0.7777093,0.7777093,1.0397776,137,0.0,0.26206833,-0.56919616
chr17_58695011_GCT_CCC,1.7691954,0.371001,0.371001,0.7019975,239,0.0,0.3309965,-0.51108766
chr17_58695011_GCT_GAC,1.511619,0.50065297,0.50065297,0.80307126,289,0.0,0.3024183,-0.5374301
chr17_58695011_GCT_GGC,0.55798095,0.6855653,0.6855653,0.9125916,144,0.0,0.22702628,-0.55031294
chr17_58695011_GCT_GTG,1.921574,0.45987576,0.45987582,0.56561804,10,5.9604645e-08,0.105742276,-0.5305038
chr17_58695012_C_G,0.5700692,0.6855653,0.6855653,0.95524883,273,0.0,0.26968354,-0.55031294
chr17_58695012_C_T,1.402103,0.45987576,0.45987582,0.6055453,190,5.9604645e-08,0.14566952,-0.5305038
chr17_58695012_C_A,0.48489925,0.50065297,0.50065297,0.8149754,246,0.0,0.3143224,-0.5374301
chr17_58695013_T_G,3.730686,0.8963784,0.8963784,1.1081957,60,0.0,0.21181726,-0.5905088
chr17_58695013_T_A,0.16023749,0.8963784,0.8963784,1.1251131,163,0.0,0.22873473,-0.5905088
chr17_58695013_T_C,1.376624,0.8963784,0.8963784,1.115502,333,0.0,0.2191236,-0.5905088
chr17_58695023_G_A,0.8985466,0.7999,0.7999,1.044932,327,0.0,0.24503201,-0.54637176
chr17_58695023_G_C,-0.14072147,0.6918337,0.6918337,0.91508156,119,0.0,0.22324789,-0.5690537
chr17_58695023_GAG_,-1.6798385,0.77482307,0.774823,0.9935806,238,5.9604645e-08,0.21875751,-0.5774988
chr17_58695023_GAG_GCC,1.0646358,0.8240092,0.8240092,1.0760696,32,0.0,0.2520604,-0.5655508
chr17_58695023_GAG_AAA,1.0137041,0.7999,0.7999,1.0513939,305,0.0,0.25149387,-0.54637176
chr17_58695023_GAG_CAA,0.4172318,0.6918337,0.6918337,0.90032935,101,0.0,0.20849568,-0.5690537
chr17_58695023_GAG_GGC,-0.42243275,0.9224139,0.9224138,1.1945791,129,5.9604645e-08,0.27216524,-0.5266649
chr17_58695023_GAG_GTC,0.418141,0.7583038,0.7583039,0.7371882,364,5.9604645e-08,0.021115601,-0.5879913
chr17_58695024_A_G,1.8404901,0.9224139,0.9224139,1.2257215,205,0.0,0.3033076,-0.5266649
chr17_58695024_A_C,-0.77334136,0.8240092,0.8240092,1.0349233,329,0.0,0.21091413,-0.5655508
chr17_58695024_A_T,0.6585453,0.7583038,0.7583039,0.731069,74,5.9604645e-08,0.027234793,-0.5879913
chr17_58695025_G_A,0.5407522,0.8786948,0.8786948,1.1055069,286,0.0,0.22681212,-0.56036615
chr17_58695025_G_T,-0.40605858,0.7442864,0.7442864,0.66192895,375,0.0,0.082357466,-0.49579182
chr17_58695025_G_C,1.1661401,0.7442864,0.7442864,1.068439,30,0.0,0.3241526,-0.49579182
chr17_58695044_G_A,-4.0321565,-4.7850475,-4.7850475,-4.790031,92,0.0,0.004983425,-0.13199209
chr17_58695044_G_T,-0.18842275,-2.413829,-2.413829,-2.1892939,56,0.0,0.22453523,-0.15829691
chr17_58695044_G_C,-25.310696,-7.538597,-7.538597,-7.390146,97,0.0,0.14845133,-0.10574701
chr17_58695044_GCG_,-18.371368,-16.168428,-16.168428,-15.943128,117,0.0,0.22530079,-0.057713687
chr17_58695044_GCG_ACC,-4.8151164,-4.7850475,-4.785048,-4.409909,28,4.7683716e-07,0.37513876,-0.13199209
chr17_58695044_GCG_CCC,-17.301704,-7.538597,-7.538597,-7.2183785,338,0.0,0.32021856,-0.10574701
chr17_58695044_GCG_GAA,-20.160307,-16.340302,-16.340302,-16.16374,97,0.0,0.17656136,0.010112326
chr17_58695044_GCG_AGC,-0.2266988,-2.413829,-2.413829,-2.126454,347,0.0,0.28737497,-0.15829691
chr17_58695044_GCG_GGC,0.41508657,-0.8375816,-0.8375816,-0.31615287,287,0.0,0.5214287,-0.18688267
chr17_58695044_GCG_GTC,-0.032547913,-1.2282097,-1.2282097,-1.132094,65,0.0,0.09611571,-0.18283977
chr17_58695045_C_A,-15.056839,-16.340302,-16.340302,-15.54969,263,0.0,0.79061127,0.010112326
chr17_58695045_C_T,3.0464976,-1.2282097,-1.2282097,-0.9583049,291,0.0,0.26990485,-0.18283977
chr17_58695045_C_G,-1.2006373,-0.8375816,-0.8375815,-0.4942938,49,5.9604645e-08,0.34328777,-0.18688267
chr17_58695046_G_C,2.242654,1.2013713,1.2013713,1.4694098,49,0.0,0.2680385,-0.31289402
chr17_58695046_G_T,2.9086552,1.2013713,1.2013713,1.428026,142,0.0,0.22665465,-0.31289402
chr17_58695050_G_A,1.0821854,-7.1860185,-7.1860185,-6.7648954,26,0.0,0.42112303,-0.095178194
chr17_58695050_G_C,0.29232576,0.30802506,0.30802506,0.7749403,159,0.0,0.46691525,-0.23459917
chr17_58695050_GAA_,-16.718668,-15.449551,-15.449551,-15.295373,181,0.0,0.15417767,0.100278296
chr17_58695050_GAA_GCC,-0.18870395,-0.17300454,-0.17300452,0.40358645,251,1.4901161e-08,0.576591,-0.2027606
chr17_58695050_GAA_AAG,0.39166167,-7.1860185,-7.1860185,-6.508681,216,0.0,0.67733765,-0.095178194
chr17_58695050_GAA_CAG,0.9639004,0.30802506,0.30802503,0.7774516,172,2.9802322e-08,0.4694265,-0.23459917
chr17_58695050_GAA_GGC,-1.91335,-6.0987525,-6.0987525,-6.17806,83,0.0,0.079307556,-0.11400481
chr17_58695050_GAA_GTG,0.906634,-2.2529511,-2.2529511,-1.57954,221,0.0,0.67341113,-0.15737912
chr17_58695051_A_G,-1.4891276,-6.0987525,-6.0987525,-5.5847526,172,0.0,0.51399994,-0.11400481
chr17_58695051_A_C,1.5980978,-0.17300454,-0.17300454,0.33230755,316,0.0,0.5053121,-0.2027606
chr17_58695051_A_T,-1.9260505,-2.2529511,-2.2529511,-1.5272827,263,0.0,0.72566843,-0.15737912
chr17_58695052_A_C,3.5586998,0.4070869,0.4070869,0.71776587,274,0.0,0.31067896,-0.23616022
chr17_58695052_A_G,2.0627983,1.0264187,1.0264187,1.5441759,215,0.0,0.5177572,-0.30853385
chr17_58695052_A_T,2.8190029,0.4070869,0.4070869,0.85898864,138,0.0,0.45190173,-0.23616022
chr17_58695059_G_A,-0.4872783,-0.58973646,-0.58973646,-0.2828561,106,0.0,0.30688035,-0.15119195
chr17_58695059_G_C,-0.0155770155,0.12341471,0.12341474,0.5530509,169,2.9802322e-08,0.42963618,-0.20864253
chr17_58695059_GAG_,-0.8641267,-3.873623,-3.873623,-3.2551901,216,0.0,0.61843276,-0.121998414
chr17_58695059_GAG_GCC,1.4512678,-0.24442215,-0.24442214,0.19090089,139,1.4901161e-08,0.43532306,-0.17287655
chr17_58695059_GAG_AAA,-1.8825593,-0.58973646,-0.58973646,-0.34003997,56,0.0,0.2496965,-0.15119195
chr17_58695059_GAG_CAA,-0.2986536,0.12341471,0.12341474,0.4882416,42,2.9802322e-08,0.36482692,-0.20864253
chr17_58695059_GAG_GGC,1.3506098,-1.9874883,-1.9874883,-1.8265009,17,0.0,0.16098738,-0.123575896
chr17_58695059_GAG_GTC,1.8278422,-0.5530951,-0.5530951,-0.7693224,77,0.0,0.2162273,-0.17484735
chr17_58695060_A_C,-0.62392956,-0.24442215,-0.24442215,0.055412084,154,0.0,0.29983425,-0.17287655
chr17_58695060_A_G,1.138546,-1.9874883,-1.9874883,-1.5665915,107,0.0,0.42089677,-0.123575896
chr17_58695060_A_T,0.01763751,-0.5530951,-0.5530951,-0.55192053,67,0.0,0.0011745691,-0.17484735
chr17_58695061_G_A,0.8778604,0.7475532,0.7475532,1.1439849,119,0.0,0.39643168,-0.2971834
chr17_58695061_G_C,-0.09079335,0.049653977,0.049653992,0.588537,269,1.4901161e-08,0.538883,-0.17716053
chr17_58695061_G_T,-1.1387421,0.049653977,0.049653992,0.29627854,118,1.4901161e-08,0.24662456,-0.17716053
chr17_58695083_ATA_,-12.989632,-7.7347484,-7.7347484,-7.578379,346,0.0,0.15636921,0.21965459
chr17_58695086_A_G,1.8919061,-0.0942734,-0.094273426,0.19461077,217,2.2351742e-08,0.28888416,0.09712021
chr17_58695086_A_T,-3.9142034,-1.8392162,-1.8392162,-1.8330375,52,0.0,0.0061787367,0.17940383
chr17_58695086_A_C,-0.14045787,-0.55185944,-0.5518594,-1.005971,366,5.9604645e-08,0.45411152,0.12824006
chr17_58695086_ATC_,-12.390688,-7.7347484,-7.7347484,-7.7013445,332,0.0,0.033403873,0.21965459
chr17_58695086_ATC_GCC,-1.7465842,-0.35612303,-0.35612306,-0.44935971,292,2.9802322e-08,0.093236685,0.11071293
chr17_58695086_ATC_AAT,-4.198526,-1.0876517,-1.0876517,-1.1168792,60,0.0,0.029227495,0.16278777
chr17_58695086_ATC_TCC,-3.1667283,-0.29400676,-0.2940068,-0.0070875287,298,2.9802322e-08,0.28691924,0.111292414
chr17_58695086_ATC_TTT,-6.5945373,-1.8392162,-1.8392162,-1.4183183,264,0.0,0.42089796,0.17940383
chr17_58695086_ATC_ACA,-2.6641335,-0.058337398,-0.058337368,0.2544178,286,2.9802322e-08,0.3127552,0.07759028
chr17_58695086_ATC_CTG,-1.7801292,-0.55185944,-0.5518594,-0.27493438,269,5.9604645e-08,0.27692506,0.12824006
chr17_58695086_ATC_GTG,-0.7161537,-0.0942734,-0.09427338,0.1379627,225,2.2351742e-08,0.2322361,0.09712021
chr17_58695087_T_G,-3.3247876,-0.29400676,-0.29400682,-0.07049507,129,5.9604645e-08,0.2235117,0.111292414
chr17_58695087_T_A,-1.5392016,-1.0876517,-1.0876517,-0.9366432,346,0.0,0.15100855,0.16278777
chr17_58695087_T_C,-0.13477652,-0.058337398,-0.05833742,-0.5833094,369,2.2351742e-08,0.524972,0.07759028
chr17_58695088_C_A,-0.52808803,0.40814602,0.40814602,0.7998755,260,0.0,0.39172947,0.054328807
chr17_58695088_C_G,-1.5273238,-1.1151342,-1.1151342,-0.9003588,135,0.0,0.21477544,0.15917337
chr17_58695088_C_T,-2.1055157,0.40814602,0.40814605,0.12389265,189,2.9802322e-08,0.28425336,0.054328807
chr17_58695098_T_A,-3.1040132,-0.68532896,-0.685329,-0.51495206,211,5.9604645e-08,0.1703769,0.09840752
chr17_58695098_T_C,-3.6804688,-0.26780578,-0.26780576,-0.14208135,29,2.9802322e-08,0.12572443,0.09752061
chr17_58695098_T_G,-2.6002405,-0.42526528,-0.4252654,-0.35357586,34,1.1920929e-07,0.07168943,0.07078388
chr17_58695098_TCA_,-7.1998878,-10.503103,-10.503103,-10.803282,184,0.0,0.30017853,0.5167748
chr17_58695098_TCA_GCC,0.5527266,-0.42526528,-0.42526537,-0.25983077,212,8.940697e-08,0.16543451,0.07078388
chr17_58695098_TCA_ACC,-4.6754484,-0.68532896,-0.685329,-1.116329,81,5.9604645e-08,0.431,0.09840752
chr17_58695098_TCA_CCC,-4.276075,-0.26780578,-0.26780578,-0.2408309,100,0.0,0.026974887,0.09752061
chr17_58695098_TCA_AGC,0.44363287,-0.06779135,-0.067791335,-0.0049417764,50,1.4901161e-08,0.062849574,0.0886203
chr17_58695098_TCA_AGT,-1.2418684,-0.06779135,-0.067791305,-0.0021505505,345,4.4703484e-08,0.0656408,0.0886203
chr17_58695098_TCA_CTG,0.080317825,-1.8533505,-1.8533505,-2.1529334,191,0.0,0.29958284,0.16775908
chr17_58695099_C_T,-1.4415739,-1.8533505,-1.8533505,-1.7892361,104,0.0,0.06411445,0.16775908
chr17_58695100_A_G,1.3874074,-0.06779135,-0.067791335,0.03068927,296,1.4901161e-08,0.09848062,0.0886203
chr17_58695100_A_T,0.104436554,-0.06779135,-0.06779133,-0.5560581,361,2.2351742e-08,0.48826677,0.0886203
chr17_58695100_A_C,0.21159789,-0.06779135,-0.067791335,-0.043940946,111,1.4901161e-08,0.023850404,0.0886203
chr17_58695122_G_C,-8.006787,-10.707271,-10.707271,-10.61005,338,0.0,0.09722042,0.36964196
chr17_58695122_G_T,-4.598647,-9.128035,-9.128035,-9.060512,290,0.0,0.067523,0.2712536
chr17_58695122_G_A,-2.009868,-8.694446,-8.694446,-8.246192,299,0.0,0.44825363,0.27721664
chr17_58695122_GGT_GCC,-2.7313347,-8.703225,-8.703225,-8.851021,198,0.0,0.14779568,0.26570553
chr17_58695122_GGT_AGC,-2.9407623,-8.694446,-8.694446,-8.603912,343,0.0,0.09053326,0.27721664
chr17_58695122_GGT_CGG,-4.755858,-10.707271,-10.707271,-10.65306,57,0.0,0.054210663,0.36964196
chr17_58695122_GGT_GAC,-8.836978,-10.628198,-10.628198,-10.499751,34,0.0,0.12844658,0.39235714
chr17_58695122_GGT_GTG,-13.837334,-10.422415,-10.422415,-10.979107,363,0.0,0.5566921,0.39191225
chr17_58695122_GGT_TGC,-4.540112,-9.128035,-9.128035,-9.409299,185,0.0,0.2812643,0.2712536
chr17_58695123_G_A,-8.536906,-10.628198,-10.628198,-10.741033,152,0.0,0.11283493,0.39235714
chr17_58695123_G_T,-12.573792,-10.422415,-10.422415,-10.318258,275,0.0,0.104156494,0.39191225
chr17_58695123_G_C,-1.3896213,-8.703225,-8.703225,-8.680658,112,0.0,0.022566795,0.26570553
chr17_58695124_T_C,-0.29756343,0.30542606,0.30542606,0.50765485,240,0.0,0.20222878,0.05254429
chr17_58695124_T_A,-1.1970025,0.30542606,0.30542606,0.406596,319,0.0,0.101169944,0.05254429
chr17_58695124_T_G,1.2574403,0.30542606,0.30542606,0.6009309,303,0.0,0.29550487,0.05254429
chr17_58695131_C_A,-1.8644414,-2.1229262,-2.1229262,-2.1255815,47,0.0,0.0026552677,0.21332721
chr17_58695131_C_G,-0.3476367,-2.2246175,-2.2246175,-2.766753,365,0.0,0.5421355,0.21410002
chr17_58695131_C_T,0.36216885,-2.1306586,-2.1306586,-2.174809,276,0.0,0.044150352,0.21757126
chr17_58695131_CCC_,-9.846023,-9.163026,-9.163026,-8.696408,263,0.0,0.46661758,0.8410523
chr17_58695131_CCC_ACA,-5.1039815,-2.1229262,-2.1229262,-2.6055648,71,0.0,0.4826386,0.21332721
chr17_58695131_CCC_CTG,-7.4587326,-1.7994097,-1.7994097,-1.843086,348,0.0,0.043676257,0.20556991
chr17_58695131_CCC_AGC,0.22799441,-2.1306586,-2.1306586,-2.3597758,148,0.0,0.22911716,0.21757126
chr17_58695131_CCC_CAT,-0.22663826,-0.92650163,-0.9265016,-1.4144245,354,5.9604645e-08,0.4879229,0.1779894
chr17_58695131_CCC_CGG,-1.9182339,-1.4121822,-1.4121822,-1.7623359,88,0.0,0.35015368,0.19955777
chr17_58695131_CCC_GCT,-1.7255683,-2.2246175,-2.2246177,-2.2525785,36,2.3841858e-07,0.027961016,0.21410002
chr17_58695132_C_A,0.20486863,-0.92650163,-0.9265016,-0.8359374,317,5.9604645e-08,0.09056425,0.1779894
chr17_58695132_C_T,-5.003504,-1.7994097,-1.7994097,-1.4537523,220,0.0,0.34565747,0.20556991
chr17_58695132_C_G,0.8446263,-1.4121822,-1.4121822,-1.6874185,147,0.0,0.27523625,0.19955777
chr17_58695133_C_G,0.58259636,0.42514607,0.42514607,-0.09957084,367,0.0,0.5247169,0.10723565
chr17_58695133_C_T,-0.11431392,0.42514607,0.42514613,-0.09957084,367,5.9604645e-08,0.5247169,0.10723565
chr17_58695133_C_A,-0.56407267,0.42514607,0.42514613,-0.10342327,5,5.9604645e-08,0.52856934,0.10723565
chr17_58695137_A_C,-0.5234744,-1.3157784,-1.3157784,-1.2805579,236,0.0,0.035220504,0.10629047
chr17_58695137_A_G,-0.9594378,-2.6897454,-2.6897454,-2.367306,304,0.0,0.32243943,0.14504716
chr17_58695137_A_T,0.15988782,-1.3157784,-1.3157784,-0.8364454,261,0.0,0.47933298,0.10629047
chr17_58695137_ATG_,-8.914861,-8.404318,-8.404318,-8.235645,227,0.0,0.16867256,0.71146137
chr17_58695137_ATG_GCC,-0.4396138,-0.0779394,-0.07793941,-0.2074812,197,1.4901161e-08,0.12954181,0.011451358
chr17_58695137_ATG_AAA,0.15231776,-1.8824512,-1.8824512,-1.7711663,201,0.0,0.11128485,0.14240064
chr17_58695137_ATG_ACC,0.1900146,-0.5487293,-0.5487293,-0.5871564,117,0.0,0.038427114,0.06589973
chr17_58695137_ATG_CGG,-0.14256196,-2.7779915,-2.7779915,-2.7576568,54,0.0,0.02033472,0.15709239
chr17_58695137_ATG_CTC,-0.59487575,-1.3157784,-1.3157784,-1.4545515,149,0.0,0.13877308,0.10629047
chr17_58695137_ATG_GTC,0.33132613,-2.6897454,-2.6897454,-2.1942546,262,0.0,0.4954908,0.14504716
chr17_58695138_T_A,-0.17032965,-1.8824512,-1.8824512,-2.2926993,354,0.0,0.41024816,0.14240064
chr17_58695138_T_C,1.1987087,-0.5487293,-0.5487293,-1.0146837,363,0.0,0.46595442,0.06589973
chr17_58695138_T_G,0.6419285,-2.7779915,-2.7779915,-3.2877855,76,0.0,0.509794,0.15709239
chr17_58695139_G_C,-1.74391,-2.8018408,-2.8018408,-2.8657448,12,0.0,0.06390405,0.14982402
chr17_58695139_G_A,2.1813672,-2.8018408,-2.8018408,-3.3635435,372,0.0,0.5617027,0.14982402
chr17_58695139_G_T,-2.8197942,-2.8018408,-2.8018408,-2.4546678,253,0.0,0.34717298,0.14982402
chr17_58695140_A_G,-8.806912,-1.8513806,-1.8513807,-1.6890712,286,1.1920929e-07,0.16230941,0.35215637
chr17_58695140_A_C,-2.0674975,-0.08586365,-0.085863635,0.02586788,307,1.4901161e-08,0.11173153,0.23828882
chr17_58695140_AAA_,-10.264979,-6.0014567,-6.0014567,-5.9872665,136,0.0,0.014190197,0.9150013
chr17_58695140_AAA_GCC,-3.0956988,-0.3886451,-0.3886451,-0.45360774,326,0.0,0.064962626,0.24985416
chr17_58695140_AAA_ACC,-5.455834,-0.67805296,-0.6780529,-0.64487183,242,5.9604645e-08,0.03318113,0.2901562
chr17_58695140_AAA_ATC,-7.79232,-1.0456197,-1.0456197,-1.0111432,242,0.0,0.03447652,0.3404227
chr17_58695140_AAA_CAG,-3.0912418,-0.08586365,-0.08586362,-0.36152962,144,2.9802322e-08,0.27566597,0.23828882
chr17_58695140_AAA_GAG,-13.754086,-1.8513806,-1.8513807,-1.814804,130,1.1920929e-07,0.03657663,0.35215637
chr17_58695140_AAA_CGG,-2.2761178,0.020249486,0.020249397,-0.25683168,144,8.940697e-08,0.27708116,0.25298774
chr17_58695141_A_G,1.7835405,0.020249486,0.020249546,0.119935006,269,5.9604645e-08,0.09968552,0.25298774
chr17_58695141_A_C,-4.1239123,-0.67805296,-0.678053,-1.1513038,190,5.9604645e-08,0.4732508,0.2901562
chr17_58695141_A_T,-7.631009,-1.0456197,-1.0456197,-1.5854709,8,0.0,0.5398512,0.3404227
chr17_58695142_A_G,0.2002463,0.6073397,0.6073397,0.038829267,7,0.0,0.5685104,0.21988042
chr17_58695142_A_C,-7.040472,-0.9816376,-0.9816377,-1.6851387,73,1.1920929e-07,0.7035011,0.31064415
chr17_58695142_A_T,-2.73541,-0.9816376,-0.9816376,-1.4572095,186,0.0,0.47557187,0.31064415
chr17_58695155_T_G,-5.7173467,0.112567246,0.112567246,-0.002735436,226,0.0,0.11530268,0.47217208
chr17_58695155_T_A,-0.5853394,0.2610466,0.26104656,-0.58756816,366,2.9802322e-08,0.84861475,0.46883148
chr17_58695155_T_C,-8.908738,-6.2482524,-6.2482524,-6.813729,293,0.0,0.5654764,0.70654905
chr17_58695155_TGT_,-7.6144505,-6.970526,-6.970526,-7.1779413,108,0.0,0.2074151,1.4485613
chr17_58695155_TGT_GCC,-2.2283325,0.38786775,0.38786766,-0.2460056,194,8.940697e-08,0.63387334,0.4290207
chr17_58695155_TGT_CGG,-6.0583634,-6.2482524,-6.2482524,-6.30238,282,0.0,0.054127693,0.70654905
chr17_58695155_TGT_GGC,-5.736741,0.112567246,0.112567246,-0.21459602,333,0.0,0.32716328,0.47217208
chr17_58695155_TGT_TAC,-9.380139,-0.33685058,-0.33685076,-0.5722028,167,1.7881393e-07,0.23535222,0.52470475
chr17_58695155_TGT_TTC,-5.579815,-1.0444596,-1.0444596,-1.1693146,270,0.0,0.12485504,0.56101924
chr17_58695155_TGT_AGC,1.6915432,0.2610466,0.26104653,-0.62849534,79,5.9604645e-08,0.8895419,0.46883148
chr17_58695156_G_A,-7.3527145,-0.33685058,-0.33685058,-0.5423219,173,0.0,0.20547134,0.52470475
chr17_58695156_G_T,-6.4160028,-1.0444596,-1.0444597,-1.2617182,341,1.1920929e-07,0.21725857,0.56101924
chr17_58695156_G_C,-0.03044713,0.2610466,0.26104665,-0.2092583,144,5.9604645e-08,0.4703049,0.46883148
chr17_58695157_T_G,-10.317772,-1.9279674,-1.9279673,-2.7216382,7,1.1920929e-07,0.7936708,0.5911125
chr17_58695157_T_C,0.57129693,0.9336816,0.9336817,0.857988,297,1.1920929e-07,0.07569361,0.3645889
chr17_58695158_G_A,-4.7900796,-0.5069623,-0.50696224,-0.71969324,115,5.9604645e-08,0.21273094,0.4752541
chr17_58695158_G_C,-9.277763,-2.4250188,-2.4250188,-2.6625347,166,0.0,0.23751593,0.5539756
chr17_58695158_G_T,-7.677913,-0.65266573,-0.6526657,-1.584964,376,5.9604645e-08,0.9322983,0.47859713
chr17_58695158_GGT_,-9.17724,-7.3213997,-7.3213997,-7.5307894,146,0.0,0.20938969,1.4471225
chr17_58695158_GGT_GCC,-2.446055,-0.013437659,-0.013437599,-0.34252754,99,5.9604645e-08,0.32908988,0.4239665
chr17_58695158_GGT_AGC,-3.5765872,-0.5069623,-0.5069624,-1.1550131,88,1.1920929e-07,0.6480508,0.4752541
chr17_58695158_GGT_CGG,-7.067505,-2.4250188,-2.4250188,-2.686394,320,0.0,0.2613752,0.5539756
chr17_58695158_GGT_GAC,-8.859358,-3.3212965,-3.3212967,-4.1254587,81,2.3841858e-07,0.80416226,0.57131886
chr17_58695158_GGT_GTG,-9.692317,-1.5929035,-1.5929035,-1.8279532,228,0.0,0.23504972,0.5210599
chr17_58695158_GGT_TGC,-9.846154,-0.65266573,-0.6526656,-1.3028865,90,1.1920929e-07,0.65022075,0.47859713
chr17_58695159_G_A,-5.0412073,-3.3212965,-3.3212965,-3.3240142,304,0.0,0.0027177334,0.57131886
chr17_58695159_G_T,-9.492729,-1.5929035,-1.5929034,-1.6777704,270,1.1920929e-07,0.08486688,0.5210599
chr17_58695159_G_C,-3.6408064,-0.013437659,-0.013437599,-0.3024732,237,5.9604645e-08,0.28903553,0.4239665
chr17_58695160_T_A,-0.9926125,0.8539703,0.8539701,0.91312504,160,1.7881393e-07,0.05915475,0.36210155
chr17_58695160_T_C,-0.4172377,0.8539703,0.8539703,0.77203727,137,0.0,0.08193302,0.36210155
chr17_58695160_T_G,-0.77679646,0.8539703,0.8539703,0.04513824,358,0.0,0.80883205,0.36210155
chr17_58695164_C_A,-1.631541,-1.0761827,-1.0761827,-0.98212737,287,0.0,0.094055355,0.48958084
chr17_58695164_C_T,-1.645278,-0.2872515,-0.2872515,-0.77037066,148,0.0,0.48311916,0.4611065
chr17_58695164_C_G,-0.9011196,-0.7360443,-0.73604435,-1.3590521,10,5.9604645e-08,0.6230078,0.46268663
chr17_58695164_CCA_,-11.182621,-7.2029576,-7.2029576,-7.3271565,49,0.0,0.12419891,1.4276557
chr17_58695164_CCA_GCC,-0.13521612,-0.7360443,-0.7360443,-0.844445,169,0.0,0.1084007,0.46268663
chr17_58695164_CCA_CAG,-6.4272857,-1.7808418,-1.7808417,-2.0206194,174,1.1920929e-07,0.23977757,0.506522
chr17_58695164_CCA_CGG,-10.469894,-6.468084,-6.468084,-6.5744677,140,0.0,0.1063838,0.6649394
chr17_58695164_CCA_CTG,-10.910208,-5.290976,-5.2909765,-6.235295,371,4.7683716e-07,0.9443188,0.6253012
chr17_58695164_CCA_ACC,-0.21115072,-1.0761827,-1.0761827,-1.5279016,180,0.0,0.45171893,0.48958084
chr17_58695164_CCA_AGC,-0.28418902,-0.2872515,-0.28725156,-0.15762055,299,5.9604645e-08,0.12963095,0.4611065
chr17_58695165_C_A,-4.9452147,-1.7808418,-1.7808418,-1.9742146,48,0.0,0.19337273,0.506522
chr17_58695165_C_G,-9.633666,-6.468084,-6.468084,-6.698809,141,0.0,0.23072529,0.6649394
chr17_58695165_C_T,-8.898861,-5.290976,-5.2909765,-6.00959,84,4.7683716e-07,0.7186141,0.6253012
chr17_58695166_A_G,-0.15559265,0.96705216,0.9670522,0.6779179,54,5.9604645e-08,0.28913426,0.29774636
chr17_58695166_A_C,-0.8529774,0.96705216,0.96705216,0.90030515,212,0.0,0.06674701,0.29774636
chr17_58695166_A_T,-0.8881956,0.96705216,0.9670522,0.6779179,54,5.9604645e-08,0.28913426,0.29774636
chr17_58696718_A_T,-2.3939822,-0.88005924,-0.88005924,-0.9842158,146,0.0,0.104156554,0.12645188
chr17_58696718_A_G,-3.2151325,-1.6573042,-1.6573042,-1.1715786,258,0.0,0.48572552,0.1459084
chr17_58696718_A_C,-1.5126047,-0.88005924,-0.8800592,-0.47147596,298,5.9604645e-08,0.40858328,0.12645188
chr17_58696718_ATA_,-20.073845,-16.883503,-16.883503,-16.53407,211,0.0,0.3494339,0.61654407
chr17_58696718_ATA_GCC,-9.823927,-11.970056,-11.970056,-11.757781,228,0.0,0.21227455,0.240693
chr17_58696718_ATA_AAG,-12.8031025,-15.819064,-15.819064,-15.66536,111,0.0,0.15370369,0.37740844
chr17_58696718_ATA_ACC,-14.117685,-8.72376,-8.72376,-8.4022455,324,0.0,0.32151413,0.22165975
chr17_58696718_ATA_CGG,-12.260777,-16.39578,-16.39578,-16.718534,70,0.0,0.3227539,0.35590133
chr17_58696718_ATA_GTG,-3.6049995,-1.6573042,-1.6573042,-1.5661856,276,0.0,0.091118574,0.1459084
chr17_58696718_ATA_CTG,-0.9417907,-0.88005924,-0.8800592,-0.6817244,34,5.9604645e-08,0.19833481,0.12645188
chr17_58696719_T_C,-19.688623,-8.72376,-8.72376,-8.527898,227,0.0,0.19586182,0.22165975
chr17_58696719_T_A,-12.463082,-15.819064,-15.819064,-16.01145,95,0.0,0.19238567,0.37740844
chr17_58696719_T_G,-14.776761,-16.39578,-16.39578,-16.268476,109,0.0,0.12730408,0.35590133
chr17_58696720_A_G,0.48370293,-5.2204437,-5.2204437,-4.8904204,130,0.0,0.3300233,0.1985635
chr17_58696720_A_C,0.15765566,0.52782506,0.52782506,0.6956201,295,0.0,0.16779506,0.06539029
chr17_58696720_A_T,0.44715145,0.52782506,0.52782506,0.92054933,298,0.0,0.39272428,0.06539029
chr17_58696763_G_A,-21.741018,-18.77075,-18.77075,-19.260128,95,0.0,0.48937798,0.6905666
chr17_58696763_G_C,-15.944375,-13.089453,-13.089453,-13.249172,203,0.0,0.15971947,0.6641316
chr17_58696763_G_T,-13.742594,-15.979169,-15.979169,-15.986615,29,0.0,0.007446289,0.679305
chr17_58696763_GAT_,-17.373045,-17.110231,-17.110231,-17.173058,335,0.0,0.06282616,1.3156046
chr17_58696763_GAT_GCC,-18.963215,-20.75594,-20.75594,-21.533556,363,0.0,0.7776165,0.7935813
chr17_58696763_GAT_AAC,-23.543875,-18.77075,-18.77075,-18.734444,137,0.0,0.03630638,0.6905666
chr17_58696763_GAT_CAC,-18.185032,-13.089453,-13.089453,-13.163044,204,0.0,0.07359123,0.6641316
chr17_58696763_GAT_GGC,-17.777697,-21.650665,-21.650665,-21.802267,203,0.0,0.15160179,0.7475332
chr17_58696763_GAT_GTG,-17.511513,-21.149412,-21.149412,-21.271353,291,0.0,0.12194061,0.77837914
chr17_58696763_GAT_TAC,-17.432434,-15.979169,-15.979169,-16.039274,27,0.0,0.060105324,0.679305
chr17_58696764_A_C,-18.93189,-20.75594,-20.75594,-21.080763,199,0.0,0.32482338,0.7935813
chr17_58696764_A_G,-24.162989,-21.650665,-21.650665,-21.760124,318,0.0,0.10945892,0.7475332
chr17_58696764_A_T,-22.084099,-21.149412,-21.149412,-21.234083,230,0.0,0.08467102,0.77837914
chr17_58696765_T_G,-11.116414,-2.241177,-2.241177,-2.2534208,210,0.0,0.012243748,0.5736759
chr17_58696765_T_C,1.6121864,1.0613835,1.0613835,0.90255845,13,0.0,0.15882504,0.36620373
chr17_58696765_T_A,-6.5616136,-2.241177,-2.241177,-2.440137,348,0.0,0.19895983,0.5736759
chr17_58696793_G_A,1.666508,-3.2163105,-3.2163103,-3.8601172,71,2.3841858e-07,0.6438067,0.5345314
chr17_58696793_G_C,-1.0016226,-2.2894964,-2.2894964,-2.2504482,132,0.0,0.039048195,0.5158855
chr17_58696793_G_T,-0.55575156,-2.2894964,-2.2894964,-2.1094477,254,0.0,0.1800487,0.5158855
chr17_58696793_GTG_GCC,0.1076348,-0.46264833,-0.46264833,-0.5909759,174,0.0,0.12832755,0.4653769
chr17_58696793_GTG_GGC,-3.5869942,-5.0816607,-5.0816607,-4.9440465,215,0.0,0.13761425,0.5539222
chr17_58696793_GTG_CTC,-1.9411446,-2.2894964,-2.2894967,-2.1481977,222,2.3841858e-07,0.14129877,0.5158855
chr17_58696793_GTG_GAA,-0.10054527,-19.552586,-19.552586,-19.773384,60,0.0,0.22079849,0.7370093
chr17_58696794_T_C,0.9053799,-0.46264833,-0.4626483,-1.1774925,6,2.9802322e-08,0.71484417,0.4653769
chr17_58696794_T_A,-5.1492815,-19.552586,-19.552586,-20.243092,358,0.0,0.690506,0.7370093
chr17_58696794_T_G,-3.1473722,-5.0816607,-5.0816607,-4.886621,305,0.0,0.19503975,0.5539222
chr17_58696795_G_A,-2.6657352,0.5509755,0.55097556,0.31373987,59,5.9604645e-08,0.23723564,0.40042776
chr17_58696795_G_C,2.0761664,0.5509755,0.5509755,0.6929784,252,0.0,0.14200288,0.40042776
chr17_58696795_G_T,1.7461009,0.5509755,0.5509755,0.083569795,192,0.0,0.4674057,0.40042776
chr17_58696802_C_T,-7.170002,-7.766788,-7.766788,-7.958944,278,0.0,0.19215584,0.5958293
chr17_58696802_C_G,1.4191779,-0.61878204,-0.61878204,-0.86399585,55,0.0,0.2452138,0.435496
chr17_58696802_C_A,-0.67533344,-0.07385188,-0.073851794,0.18652052,264,8.940697e-08,0.2603724,0.41861194
chr17_58696802_CTT_,-12.138509,-12.058895,-12.058895,-11.985395,270,0.0,0.07349968,1.0831968
chr17_58696802_CTT_GCC,-11.617959,-6.8495646,-6.8495646,-7.7173624,376,0.0,0.86779785,0.58483046
chr17_58696802_CTT_CAC,-15.683288,-19.084503,-19.084503,-19.18279,104,0.0,0.09828758,0.67188
chr17_58696802_CTT_CCC,-15.2164135,-19.995932,-19.995932,-19.990112,162,0.0,0.0058193207,0.7197754
chr17_58696802_CTT_CGG,-11.432768,-18.817522,-18.817522,-18.913761,51,0.0,0.09623909,0.8001003
chr17_58696802_CTT_TTA,-8.058381,0.4446308,0.44463095,-0.27943948,6,1.4901161e-07,0.7240703,0.39478558
chr17_58696802_CTT_ATC,-0.009480014,-0.07385188,-0.07385188,-0.46574333,18,0.0,0.39189145,0.41861194
chr17_58696802_CTT_GTG,0.26839802,-0.61878204,-0.61878204,-0.6316861,169,0.0,0.012904048,0.435496
chr17_58696802_CTT_TTC,-1.2402321,-7.766788,-7.766788,-8.234748,66,0.0,0.46795988,0.5958293
chr17_58696802_CTT_TTG,-1.7973008,0.4446308,0.44463092,0.47284034,280,1.1920929e-07,0.028209537,0.39478558
chr17_58696803_T_C,-9.783452,-19.995932,-19.995932,-20.796711,73,0.0,0.80077934,0.7197754
chr17_58696803_T_A,-18.960936,-19.084503,-19.084503,-19.28027,236,0.0,0.19576645,0.67188
chr17_58696803_T_G,-12.095902,-18.817522,-18.817522,-18.883696,202,0.0,0.06617355,0.8001003
chr17_58696804_T_A,-1.4561453,0.4446308,0.44463086,0.5610472,125,5.9604645e-08,0.116416395,0.39478558
chr17_58696804_T_C,1.6661295,0.4446308,0.44463083,0.36795643,170,2.9802322e-08,0.07667437,0.39478558
chr17_58696804_T_G,-2.1949368,0.4446308,0.4446308,-0.3744866,376,0.0,0.8191174,0.39478558
chr17_58696823_C_A,-9.38245,-11.124268,-11.124268,-11.52643,360,0.0,0.40216255,0.16505735
chr17_58696823_C_G,-11.844932,-14.768941,-14.768941,-14.602167,105,0.0,0.1667738,0.24517907
chr17_58696823_C_T,-7.2457385,-6.4010873,-6.4010873,-6.679864,359,0.0,0.27877665,0.10826635
chr17_58696823_CAC_,-16.590708,-17.45261,-17.45261,-17.836868,82,0.0,0.38425827,0.42903948
chr17_58696823_CAC_GCC,-18.685556,-11.260808,-11.260808,-10.68589,300,0.0,0.5749178,0.16409954
chr17_58696823_CAC_AAT,-7.13715,-11.124268,-11.124268,-10.750903,130,0.0,0.37336445,0.16505735
chr17_58696823_CAC_CCT,-16.486216,-15.532584,-15.532584,-15.020404,253,0.0,0.5121803,0.32805374
chr17_58696823_CAC_CGG,-10.7359915,-6.8229566,-6.8229566,-6.2601833,245,0.0,0.5627732,0.120957956
chr17_58696823_CAC_CTG,-14.478618,-14.042177,-14.042177,-13.822205,318,0.0,0.21997261,0.21391718
chr17_58696823_CAC_GAT,-11.757014,-14.768941,-14.768941,-14.721018,144,0.0,0.047923088,0.24517907
chr17_58696823_CAC_TAT,-8.120524,-6.4010873,-6.4010873,-6.6585855,353,0.0,0.25749826,0.10826635
chr17_58696824_A_G,-5.0053277,-6.8229566,-6.8229566,-6.6746893,331,0.0,0.14826727,0.120957956
chr17_58696824_A_C,-25.66961,-15.532584,-15.532584,-15.584713,9,0.0,0.05212879,0.32805374
chr17_58696824_A_T,-12.344286,-14.042177,-14.042177,-13.792645,38,0.0,0.24953175,0.21391718
chr17_58696825_C_T,-0.10108412,-0.6599089,-0.6599089,-0.4446363,45,0.0,0.2152726,-0.06095065
chr17_58696825_C_A,-6.6859894,-5.9826994,-5.9826994,-5.5171795,243,0.0,0.4655199,0.101183765
chr17_58696825_C_G,-9.352327,-5.9826994,-5.9826994,-5.6382,136,0.0,0.3444996,0.101183765
chr17_58696853_G_A,-0.7626429,-0.23839852,-0.23839849,-0.049491554,58,2.9802322e-08,0.18890697,-0.37455198
chr17_58696853_G_C,1.0509257,-0.23839852,-0.23839852,-0.037706077,36,0.0,0.20069245,-0.37455198
chr17_58696853_GGA_,-1.433458,-0.9069515,-0.9069515,-0.5967874,345,0.0,0.3101641,-0.3001812
chr17_58696853_GGA_GCC,0.25059283,-0.22051299,-0.22051299,0.07696247,226,0.0,0.29747546,-0.43088734
chr17_58696853_GGA_CGG,0.70299274,-0.23839852,-0.23839849,-0.011893719,13,2.9802322e-08,0.2265048,-0.37455198
chr17_58696853_GGA_GAG,0.5114284,-0.042554677,-0.042554677,0.094105214,98,0.0,0.13665989,-0.39557272
chr17_58696853_GGA_GTG,0.73503006,-0.29398686,-0.29398686,0.0856642,247,0.0,0.37965107,-0.37731892
chr17_58696854_G_A,-0.46182325,-0.042554677,-0.042554706,0.1894524,100,2.9802322e-08,0.23200707,-0.39557272
chr17_58696854_G_C,-1.0850508,-0.22051299,-0.22051299,0.05322942,288,0.0,0.2737424,-0.43088734
chr17_58696854_G_T,-1.6410553,-0.29398686,-0.29398686,-0.081615284,109,0.0,0.21237157,-0.37731892
chr17_58696855_A_G,0.24873778,-0.09859389,-0.09859389,0.120005295,238,0.0,0.21859919,-0.4543144
chr17_58696855_A_C,1.2817006,-0.09859389,-0.09859389,0.16323246,37,0.0,0.26182634,-0.4543144
chr17_58696855_A_T,-1.6712638,-0.09859389,-0.09859389,0.185918,305,0.0,0.2845119,-0.4543144
chr17_58696856_G_A,0.10902483,-0.7016592,-0.7016592,-0.43501684,279,0.0,0.26664236,-0.28503487
chr17_58696856_G_C,0.89480954,-0.46769294,-0.46769294,-0.24049766,203,0.0,0.22719528,-0.32851824
chr17_58696856_GAG_,-2.1528263,-2.473509,-2.473509,-1.9175731,245,0.0,0.555936,-0.2222821
chr17_58696856_GAG_GCC,-1.6289253,-0.34019464,-0.34019467,-0.17191967,24,2.9802322e-08,0.16827497,-0.37733287
chr17_58696856_GAG_AAA,-0.2675792,-0.7016592,-0.7016592,-0.46282762,229,0.0,0.23883158,-0.28503487
chr17_58696856_GAG_CAA,-0.8465088,-0.46769294,-0.46769294,-0.14296179,172,0.0,0.32473117,-0.32851824
chr17_58696856_GAG_GGC,-0.62106496,-1.0660813,-1.0660813,-0.8152652,13,0.0,0.2508161,-0.27021247
chr17_58696856_GAG_GTC,1.1145616,-0.6085071,-0.6085071,-0.48595452,11,0.0,0.12255257,-0.30439538
chr17_58696857_A_C,-0.3612076,-0.34019464,-0.34019467,-0.071352825,162,2.9802322e-08,0.2688418,-0.37733287
chr17_58696857_A_G,-0.7521237,-1.0660813,-1.0660813,-0.7127931,272,0.0,0.35328817,-0.27021247
chr17_58696857_A_T,-0.41415134,-0.6085071,-0.6085071,-0.17741938,258,0.0,0.43108773,-0.30439538
chr17_58696858_G_A,-1.8791298,-0.08777335,-0.08777341,-0.08119851,66,5.9604645e-08,0.0065748394,-0.42349437
chr17_58696858_G_C,-0.52582234,-0.7167145,-0.7167145,-0.5329735,59,0.0,0.18374097,-0.2945212
chr17_58696858_G_T,-2.3383756,-0.7167145,-0.7167145,-0.69840276,95,0.0,0.018311739,-0.2945212
chr17_58696859_G_A,-4.4093776,-0.8177341,-0.8177341,-0.73629594,146,0.0,0.081438184,-0.273836
chr17_58696859_G_C,-1.7565345,-0.51534617,-0.51534617,-0.30822057,52,0.0,0.2071256,-0.33175883
chr17_58703196_A_C,-1.8042291,-0.37541214,-0.3754122,-0.46064457,8,5.9604645e-08,0.08523244,-0.35510865
chr17_58703196_A_G,0.30344856,-0.54895246,-0.54895246,-0.21611522,137,0.0,0.33283722,-0.3242027
chr17_58703196_A_T,-0.6594844,-0.7075648,-0.7075648,-0.31212872,31,0.0,0.39543605,-0.30224842
chr17_58703197_A_C,-0.8319936,-0.4969576,-0.4969576,-0.69444597,75,0.0,0.19748837,-0.30035454
chr17_58703197_A_G,0.13585432,-0.108038515,-0.108038425,-0.22987252,82,8.940697e-08,0.12183401,-0.40939388
chr17_58703197_A_T,-0.65215665,-0.4969576,-0.4969576,-0.35288274,144,0.0,0.14407486,-0.30035454
chr17_58703225_C_G,1.0411167,-0.022737954,-0.022738006,0.05265747,156,5.2154064e-08,0.07539542,0.061139848
chr17_58703225_C_A,0.081196345,0.011139523,0.011139594,-0.2145488,20,7.0780516e-08,0.22568832,0.060886037
chr17_58703225_C_T,-1.1376276,0.3481183,0.34811828,0.26696104,175,2.9802322e-08,0.08115727,0.068255655
chr17_58703225_CTT_,-13.973145,-12.402148,-12.402148,-12.375644,342,0.0,0.026504517,0.60470307
chr17_58703225_CTT_GCC,-1.4249935,0.008587517,0.008587521,-0.029579533,333,3.7252903e-09,0.038167052,0.054140724
chr17_58703225_CTT_CCC,-3.3795102,-0.37867808,-0.37867808,-0.4914468,53,0.0,0.11276871,0.20674731
chr17_58703225_CTT_ATC,0.08507595,0.011139523,0.0111395605,0.13243732,120,3.7252903e-08,0.12129779,0.060886037
chr17_58703225_CTT_CAC,1.3649673,0.005088255,0.0050882995,0.29236245,247,4.4703484e-08,0.28727418,0.15415351
chr17_58703225_CTT_CGG,-1.9148581,-0.16662322,-0.16662318,-0.49982494,9,4.4703484e-08,0.3332017,0.20488323
chr17_58703225_CTT_GTG,-0.42975354,-0.022737954,-0.022737972,0.22694865,216,1.8626451e-08,0.2496866,0.061139848
chr17_58703225_CTT_TTA,0.15768072,0.42479584,0.4247959,0.54737353,311,5.9604645e-08,0.1225777,0.044748038
chr17_58703225_CTT_TTC,0.18903871,0.3481183,0.34811828,0.529438,297,2.9802322e-08,0.18131971,0.068255655
chr17_58703225_CTT_TTG,-0.77294785,0.42479584,0.4247959,0.31947672,24,5.9604645e-08,0.10531911,0.044748038
chr17_58703226_T_C,1.7849101,-0.37867808,-0.37867808,-0.36278766,104,0.0,0.01589042,0.20674731
chr17_58703226_T_A,-2.0649743,0.005088255,0.005088255,-0.04834445,35,0.0,0.053432703,0.15415351
chr17_58703226_T_G,-0.68927693,-0.16662322,-0.16662319,-0.5559003,189,2.9802322e-08,0.38927704,0.20488323
chr17_58703227_T_A,-2.2207954,0.42479584,0.42479593,-0.12122899,363,8.940697e-08,0.5460248,0.044748038
chr17_58703227_T_C,-0.61427444,0.42479584,0.4247959,0.77946395,301,5.9604645e-08,0.3546681,0.044748038
chr17_58703227_T_G,-0.29320228,0.42479584,0.42479593,0.72007585,284,8.940697e-08,0.29528,0.044748038
chr17_58703246_A_G,-0.2641798,0.10453501,0.10453501,0.34774834,284,0.0,0.24321333,0.34139886
chr17_58703246_A_C,0.7719371,0.22818786,0.22818783,0.2970899,128,2.9802322e-08,0.068902045,0.33856255
chr17_58703246_A_T,-2.6932118,-2.1898775,-2.1898775,-2.8912573,368,0.0,0.7013798,0.4321071
chr17_58703246_ATT_,-16.262632,-13.225352,-13.225352,-13.226157,50,0.0,0.0008049011,0.9454103
chr17_58703246_ATT_GCC,-10.949256,-6.193535,-6.193535,-6.341847,52,0.0,0.14831209,0.48133287
chr17_58703246_ATT_AAC,-18.268784,-14.084702,-14.084702,-14.46404,146,0.0,0.37933826,0.5885466
chr17_58703246_ATT_AGC,-16.72903,-13.380085,-13.380085,-13.469183,174,0.0,0.08909798,0.56365657
chr17_58703246_ATT_TTC,-3.0614107,-2.1898775,-2.1898777,-2.1153965,128,2.3841858e-07,0.07448101,0.4321071
chr17_58703246_ATT_ACC,-0.8358714,-5.1601543,-5.1601543,-5.3610296,177,0.0,0.20087528,0.4679954
chr17_58703246_ATT_CTG,0.44656122,0.22818786,0.22818783,0.13663247,329,2.9802322e-08,0.09155539,0.33856255
chr17_58703246_ATT_GTG,1.0394921,0.10453501,0.10453501,-0.045733154,175,0.0,0.15026817,0.34139886
chr17_58703247_T_G,-14.852265,-13.380085,-13.380085,-13.283104,158,0.0,0.09698105,0.56365657
chr17_58703247_T_A,-14.471393,-14.084702,-14.084702,-14.0294285,240,0.0,0.055273056,0.5885466
chr17_58703247_T_C,-2.2754242,-5.1601543,-5.1601543,-4.992379,31,0.0,0.16777515,0.4679954
chr17_58703248_T_A,0.94985074,0.7256843,0.7256843,0.43673444,336,0.0,0.28894985,0.27307287
chr17_58703248_T_C,-1.7864116,0.7256843,0.7256843,0.50392485,349,0.0,0.22175944,0.27307287
chr17_58703248_T_G,-0.35412,-1.8717744,-1.8717744,-2.3719523,8,0.0,0.50017786,0.43253738
chr17_58703279_TTA_,-16.01454,-16.231617,-16.231617,-16.588507,234,0.0,0.35688972,1.3171676
chr17_58703282_C_T,1.9419543,0.9980637,0.9980637,0.040688515,375,0.0,0.95737517,0.41569936
chr17_58703282_C_A,-1.2410759,0.36228395,0.36228395,0.02595894,44,0.0,0.336325,0.5128908
chr17_58703282_C_G,-0.6753033,0.22477424,0.22477418,-0.2231513,58,5.9604645e-08,0.44792554,0.53641856
chr17_58703282_CTG_,-13.057405,-16.231617,-16.231617,-16.515224,43,0.0,0.28360748,1.3171676
chr17_58703282_CTG_GCC,-0.3100711,-0.4017797,-0.40177965,-0.6362559,346,5.9604645e-08,0.23447621,0.61533326
chr17_58703282_CTG_CCC,-18.962736,-11.3433695,-11.3433695,-11.686772,176,0.0,0.34340286,0.8804843
chr17_58703282_CTG_AGA,-1.1218667,-3.9699023,-3.9699025,-4.9699693,360,2.3841858e-07,1.000067,0.73979825
chr17_58703282_CTG_CAA,-0.3964367,-0.56304115,-0.56304115,-0.94195956,35,0.0,0.3789184,0.61341625
chr17_58703282_CTG_GTC,1.1313076,0.22477424,0.22477424,0.29064196,259,0.0,0.06586772,0.53641856
chr17_58703282_CTG_TTA,0.90694416,0.9980637,0.9980637,0.683567,238,0.0,0.3144967,0.41569936
chr17_58703283_T_C,-18.205353,-11.3433695,-11.3433695,-11.624222,202,0.0,0.28085232,0.8804843
chr17_58703283_T_A,1.2554095,-0.56304115,-0.56304115,-1.0471922,232,0.0,0.48415107,0.61341625
chr17_58703283_T_G,-0.69524294,-3.9699023,-3.9699025,-4.2710667,48,2.3841858e-07,0.3011644,0.73979825
chr17_58703284_G_A,0.81830674,0.9980637,0.9980637,0.6367586,13,0.0,0.36130506,0.41569936
chr17_58703284_G_C,0.6560993,0.9980637,0.99806374,0.5354449,233,5.9604645e-08,0.46261877,0.41569936
chr17_58703284_G_T,0.1884383,0.9980637,0.9980637,0.87826777,304,0.0,0.11979592,0.41569936
chr17_58703288_C_A,0.32902154,0.021116853,0.021116972,-0.12847483,339,1.1920929e-07,0.14959168,0.53606355
chr17_58703288_C_G,0.69799066,-0.3996749,-0.39967495,-0.585253,296,5.9604645e-08,0.18557811,0.5594845
chr17_58703288_CAA_,-18.220093,-15.449499,-15.449499,-15.680233,174,0.0,0.23073387,1.1970447
chr17_58703288_CAA_GCC,-0.121683,0.22232664,0.22232667,-0.011377148,345,2.9802322e-08,0.23370379,0.31758964
chr17_58703288_CAA_CCC,-7.824472,-7.753091,-7.753091,-8.027477,13,0.0,0.2743864,0.69397557
chr17_58703288_CAA_AAG,-0.69463116,0.021116853,0.021116972,0.0235098,253,1.1920929e-07,0.0023929477,0.53606355
chr17_58703288_CAA_CGG,-0.6689661,0.3825184,0.3825184,-0.2443519,194,0.0,0.6268703,0.50856173
chr17_58703288_CAA_CTG,-0.49436092,-0.5205926,-0.5205926,-0.35961413,261,0.0,0.16097844,0.49161074
chr17_58703288_CAA_GAG,1.5113289,-0.3996749,-0.39967495,-0.49833345,327,5.9604645e-08,0.09865856,0.5594845
chr17_58703289_A_C,-13.831135,-7.753091,-7.7530904,-8.20498,62,4.7683716e-07,0.45188904,0.69397557
chr17_58703289_A_G,2.6919966,0.3825184,0.38251847,-0.19767153,293,5.9604645e-08,0.58018994,0.50856173
chr17_58703289_A_T,0.17071782,-0.5205926,-0.5205926,-1.1292584,9,0.0,0.6086658,0.49161074
chr17_58703290_A_C,0.58324814,-0.011996031,-0.011996061,-0.18780467,173,2.9802322e-08,0.17580864,0.49120593
chr17_58703290_A_G,0.8981,0.877832,0.87783206,0.49520966,25,5.9604645e-08,0.38262233,0.3704577
chr17_58703290_A_T,-0.020814573,-0.011996031,-0.011996001,-0.64262545,93,2.9802322e-08,0.6306294,0.49120593
chr17_58703291_G_A,-1.1051755,0.7217523,0.7217523,-0.22894067,363,0.0,0.95069295,0.48830095
chr17_58703291_G_C,-0.9891615,0.6324729,0.63247275,0.21596695,154,1.1920929e-07,0.41650593,0.44739088
chr17_58703291_G_T,0.6911687,0.052625775,0.052625716,-0.0046835244,243,5.9604645e-08,0.0573093,0.55134904
chr17_58703291_GTT_,-16.393797,-13.966051,-13.966051,-14.49551,359,0.0,0.529459,1.226047
chr17_58703291_GTT_GCC,2.8928788,0.6229728,0.6229728,-0.27115142,357,0.0,0.8941242,0.50325423
chr17_58703291_GTT_GAC,-3.1806536,-4.0825744,-4.0825744,-4.405258,34,0.0,0.3226838,0.74113274
chr17_58703291_GTT_ATC,-0.5494372,0.7217523,0.7217523,0.5283308,132,0.0,0.19342148,0.48830095
chr17_58703291_GTT_CTG,1.4305276,0.6324729,0.6324729,-0.35942483,374,0.0,0.9918977,0.44739088
chr17_58703291_GTT_GGC,-0.85259455,-0.31892514,-0.31892502,-0.31042475,284,1.1920929e-07,0.008500397,0.6214882
chr17_58703291_GTT_TTC,0.36988962,0.052625775,0.052625716,-0.17059454,159,5.9604645e-08,0.22322032,0.55134904
chr17_58703292_T_A,-3.4028294,-4.0825744,-4.0825744,-4.5451264,25,0.0,0.46255207,0.74113274
chr17_58703292_T_C,-0.32108387,0.6229728,0.62297285,0.5883355,244,5.9604645e-08,0.034637272,0.50325423
chr17_58703292_T_G,-0.33344972,-0.31892514,-0.3189252,-0.950224,63,5.9604645e-08,0.63129884,0.6214882
chr17_58703293_T_A,0.9917741,0.9618441,0.9618441,0.6723155,341,0.0,0.2895286,0.40713012
chr17_58703293_T_C,0.75787014,0.9618441,0.9618441,0.5570789,105,0.0,0.4047652,0.40713012
chr17_58703293_T_G,-0.41619125,0.9618441,0.9618441,0.6536025,168,0.0,0.3082416,0.40713012
chr17_58703296_TCT_,-18.376133,-17.4961,-17.4961,-17.644062,207,0.0,0.14796257,1.07238
chr17_58703297_C_A,1.9881673,0.48176184,0.4817618,-0.067632794,185,2.9802322e-08,0.5493946,0.33284846
chr17_58703297_C_G,-0.20522676,0.37532473,0.3753248,0.30791122,210,5.9604645e-08,0.06741351,0.3507383
chr17_58703297_C_T,-1.253293,0.4559656,0.45596558,0.5192499,303,2.9802322e-08,0.06328431,0.28099498
chr17_58703297_CTT_GCC,-2.5422997,0.37537006,0.37536997,-0.1742562,188,8.940697e-08,0.54962623,0.27909878
chr17_58703297_CTT_CCC,-10.681976,-8.966988,-8.966988,-8.939307,127,0.0,0.027680397,0.64415395
chr17_58703297_CTT_ATC,-0.28495488,0.48176184,0.48176187,0.59615636,160,2.9802322e-08,0.114394516,0.33284846
chr17_58703297_CTT_CAC,-2.1824975,0.31425306,0.3142531,0.48937598,299,2.9802322e-08,0.17512292,0.32178542
chr17_58703297_CTT_CGG,-1.1015059,0.20925969,0.20925966,0.27909136,217,2.9802322e-08,0.06983167,0.35144037
chr17_58703297_CTT_GTG,-1.3583974,0.37532473,0.37532473,0.11126227,175,0.0,0.26406246,0.3507383
chr17_58703297_CTT_TTA,-1.1584044,0.893245,0.89324504,0.16061392,364,5.9604645e-08,0.7326311,0.26558498
chr17_58703297_CTT_TTC,-0.6685607,0.4559656,0.45596564,-0.011145487,96,2.9802322e-08,0.4671111,0.28099498
chr17_58703297_CTT_TTG,0.35879597,0.893245,0.893245,0.79751295,173,0.0,0.09573203,0.26558498
chr17_58703298_T_C,-8.856968,-8.966988,-8.966988,-9.83272,361,0.0,0.8657322,0.64415395
chr17_58703298_T_A,-2.6532784,0.31425306,0.31425306,0.33099213,315,0.0,0.01673907,0.32178542
chr17_58703298_T_G,-0.46756515,0.20925969,0.20925966,0.27909136,217,2.9802322e-08,0.06983167,0.35144037
chr17_58703299_T_A,0.33528006,0.893245,0.893245,0.5447754,22,0.0,0.34846956,0.26558498
chr17_58703299_T_C,1.895377,0.893245,0.893245,0.83327985,210,0.0,0.059965134,0.26558498
chr17_58703299_T_G,0.59729785,0.893245,0.8932449,0.45718572,145,5.9604645e-08,0.43605927,0.26558498
chr17_58703300_C_A,1.2003005,0.5851233,0.5851233,-0.1375798,365,0.0,0.7227031,0.25748754
chr17_58703300_C_G,0.37229216,0.69058734,0.6905872,0.6796452,211,1.1920929e-07,0.010942161,0.27044755
chr17_58703300_C_T,-0.85288554,-0.0781081,-0.07810807,0.011939466,217,2.9802322e-08,0.09004757,0.44046685
chr17_58703300_CTT_GCC,-1.9273206,0.9670092,0.9670092,0.6561036,234,0.0,0.31090558,0.28040323
chr17_58703300_CTT_CAC,-17.890087,-0.86930203,-0.86930215,-1.1090086,154,1.1920929e-07,0.23970652,0.47717425
chr17_58703300_CTT_CCC,-13.579742,-3.42673,-3.42673,-3.9838796,95,0.0,0.55714965,0.56135184
chr17_58703300_CTT_CGG,-18.6829,-0.7286973,-0.72869736,-1.2942264,193,5.9604645e-08,0.5655291,0.48437628
chr17_58703300_CTT_ATC,-0.08373796,0.5851233,0.5851233,0.27225214,151,0.0,0.31287116,0.25748754
chr17_58703300_CTT_GTG,0.33529273,0.69058734,0.6905873,0.737116,313,5.9604645e-08,0.046528637,0.27044755
chr17_58703300_CTT_TTA,-0.009591321,0.9599831,0.95998305,0.27042693,357,5.9604645e-08,0.6895562,0.24802804
chr17_58703300_CTT_TTC,0.9514652,-0.0781081,-0.07810804,-0.28707212,176,5.9604645e-08,0.20896402,0.44046685
chr17_58703300_CTT_TTG,0.27431187,0.9599831,0.959983,1.1019322,244,1.1920929e-07,0.14194906,0.24802804
chr17_58703301_T_C,-18.129786,-3.42673,-3.4267297,-4.2858796,74,2.3841858e-07,0.8591497,0.56135184
chr17_58703301_T_A,-15.247159,-0.86930203,-0.86930215,-0.72370046,220,1.1920929e-07,0.14560157,0.47717425
chr17_58703301_T_G,-8.141367,-0.7286973,-0.72869736,-1.0266174,58,5.9604645e-08,0.2979201,0.48437628
chr17_58703302_T_A,0.2826539,0.9599831,0.959983,0.6673345,25,1.1920929e-07,0.2926486,0.24802804
chr17_58703302_T_C,0.97801745,0.9599831,0.95998305,0.22483215,78,5.9604645e-08,0.73515093,0.24802804
chr17_58703302_T_G,-0.73971707,0.9599831,0.9599831,0.5581033,20,0.0,0.4018798,0.24802804
chr17_58709979_C_A,-1.2012404,-0.5799761,-0.5799761,-0.3651285,325,0.0,0.2148476,0.21892858
chr17_58709979_C_T,-0.29299942,0.43874195,0.43874198,0.005040258,80,2.9802322e-08,0.4337017,0.091102384
chr17_58709979_C_G,-0.013637738,-5.064519,-5.0645185,-5.034141,344,4.7683716e-07,0.030377865,0.3307073
chr17_58709979_CAC_,-3.5574224,-6.363137,-6.363137,-6.3592267,52,0.0,0.0039100647,0.33444718
chr17_58709979_CAC_GCC,-0.52310604,-0.20322861,-0.20322853,0.11793399,253,7.4505806e-08,0.32116258,0.21032391
chr17_58709979_CAC_CCT,-17.56489,-5.3668942,-5.3668942,-5.9905343,370,0.0,0.62364006,0.34032765
chr17_58709979_CAC_AAT,-0.42001218,-0.5799761,-0.57997614,-0.46841484,42,5.9604645e-08,0.11156124,0.21892858
chr17_58709979_CAC_CGG,-0.43499938,-1.1785724,-1.1785724,-1.7048498,2,0.0,0.5262774,0.26345643
chr17_58709979_CAC_CTG,0.09680031,0.38643533,0.3864354,0.5355803,107,5.9604645e-08,0.14914495,0.18735106
chr17_58709979_CAC_GAT,-0.677202,-5.064519,-5.064519,-4.8774514,138,0.0,0.18706751,0.3307073
chr17_58709979_CAC_TAT,0.055639137,0.43874195,0.43874192,0.22688383,183,2.9802322e-08,0.21185812,0.091102384
chr17_58709980_A_C,-14.902679,-5.3668942,-5.3668942,-5.4685745,22,0.0,0.10168028,0.34032765
chr17_58709980_A_G,-0.12934202,-1.1785724,-1.1785724,-1.0877674,26,0.0,0.09080505,0.26345643
chr17_58709980_A_T,-1.0425093,0.38643533,0.38643536,0.6666528,241,2.9802322e-08,0.28021747,0.18735106
chr17_58709981_C_A,-3.1628683,0.03336005,0.03336008,0.14473912,34,2.9802322e-08,0.11137907,0.17965035
chr17_58709981_C_G,-0.34840763,0.03336005,0.03336005,-0.13387723,18,0.0,0.16723728,0.17965035
chr17_58709981_C_T,-1.0126725,0.589592,0.5895921,0.51107055,144,1.1920929e-07,0.07852143,0.06009625
chr17_58709988_G_C,-15.794605,-3.042319,-3.0423188,-3.0173588,26,2.3841858e-07,0.02496028,0.41112882
chr17_58709988_G_A,-4.4416075,0.014934644,0.014934644,-0.098129734,56,0.0,0.11306438,0.24176584
chr17_58709988_G_T,-1.1933453,0.24662174,0.24662174,0.4934573,31,0.0,0.24683554,0.24062718
chr17_58709988_GCT_CCC,-18.728983,-3.042319,-3.042319,-3.370782,183,0.0,0.32846284,0.41112882
chr17_58709988_GCT_GAC,-11.703,-3.18731,-3.1873102,-3.1379225,103,2.3841858e-07,0.049387455,0.40228215
chr17_58709988_GCT_GTG,-12.181059,-0.6912168,-0.6912168,-0.47693074,313,0.0,0.21428609,0.3180032
chr17_58709988_GCT_ACC,-1.731106,0.014934644,0.014934599,0.2783826,217,4.4703484e-08,0.26344794,0.24176584
chr17_58709988_GCT_AGC,-0.5819689,0.24662174,0.24662174,0.4133655,126,0.0,0.16674377,0.24062718
chr17_58709988_GCT_GGC,0.028171413,0.16756323,0.16756329,0.43052846,303,5.9604645e-08,0.26296523,0.22612241
chr17_58709989_C_G,-1.5750865,0.16756323,0.16756326,-0.45609838,75,2.9802322e-08,0.62366164,0.22612241
chr17_58709989_C_A,-9.392803,-3.18731,-3.1873102,-3.26137,101,2.3841858e-07,0.07405996,0.40228215
chr17_58709989_C_T,-9.848573,-0.6912168,-0.6912167,-0.7997149,53,1.1920929e-07,0.1084981,0.3180032
chr17_58709990_T_A,-2.8397062,0.7110099,0.71101,0.7896698,107,5.9604645e-08,0.07865989,0.126002
chr17_58709990_T_C,-0.8606296,0.7110099,0.7110099,0.65794194,154,0.0,0.053067982,0.126002
chr17_58709990_T_G,-1.5964378,0.7110099,0.71100986,0.85206854,311,5.9604645e-08,0.14105862,0.126002
chr17_58720791_G_A,-1.3641872,-0.0047383606,-0.0047384202,0.1319552,136,5.9604645e-08,0.13669357,0.28933164
chr17_58720791_G_T,-0.24286577,-0.1125761,-0.11257607,0.01023972,281,2.9802322e-08,0.12281582,0.3247613
chr17_58720791_G_C,-3.3741102,-0.8408189,-0.8408189,-0.85966164,318,0.0,0.018842757,0.349846
chr17_58720791_GCC_,-2.7248805,-3.1580276,-3.1580276,-3.1473236,48,0.0,0.0107040405,0.4116469
chr17_58720791_GCC_ACA,-1.3224529,-0.0047383606,-0.0047383606,-0.064856395,274,0.0,0.060118034,0.28933164
chr17_58720791_GCC_AGC,-2.111138,-0.1125761,-0.11257598,0.10997832,304,1.1920929e-07,0.22255442,0.3247613
chr17_58720791_GCC_CCT,-1.5265139,-0.8408189,-0.8408189,-0.67725235,133,0.0,0.16356653,0.349846
chr17_58720791_GCC_GAT,-1.9177697,-9.732367,-9.732367,-9.552314,313,0.0,0.18005276,0.4931251
chr17_58720791_GCC_GGA,-1.1125904,-3.918374,-3.9183738,-3.6796494,304,2.3841858e-07,0.23872471,0.43429482
chr17_58720791_GCC_GTG,-2.7880652,-0.83527625,-0.83527625,-1.2343395,67,0.0,0.39906323,0.3413489
chr17_58720792_C_G,0.93548465,-3.918374,-3.918374,-4.00485,61,0.0,0.08647585,0.43429482
chr17_58720792_C_A,-3.6344836,-9.732367,-9.732367,-9.836403,236,0.0,0.10403633,0.4931251
chr17_58720792_C_T,-0.9190317,-0.83527625,-0.83527625,-0.6768059,158,0.0,0.15847033,0.3413489
chr17_58720793_C_A,-1.0533059,0.5960748,0.5960749,-0.007842302,74,5.9604645e-08,0.6039171,0.2105689
chr17_58720793_C_G,-0.7934889,0.5960748,0.5960748,0.017130822,367,0.0,0.57894397,0.2105689
chr17_58720793_C_T,1.4031734,0.5960748,0.59607494,0.21384925,92,1.1920929e-07,0.38222557,0.2105689
chr17_58720803_C_A,-7.5197115,-4.3557515,-4.3557515,-5.007524,65,0.0,0.6517725,0.8822807
chr17_58720803_C_T,-11.805278,-2.3454823,-2.3454823,-3.147948,186,0.0,0.8024657,0.86288106
chr17_58720803_C_G,-2.4175594,-3.4352386,-3.4352386,-3.6999035,138,0.0,0.2646649,0.8803275
chr17_58720803_CCT_,-9.751485,-19.426067,-19.426067,-20.045176,197,0.0,0.6191082,1.0943744
chr17_58720803_CCT_GCC,-2.3951395,-3.4352386,-3.4352384,-3.5583472,122,2.3841858e-07,0.123108625,0.8803275
chr17_58720803_CCT_ACC,-7.103407,-4.3557515,-4.355752,-5.0384564,181,4.7683716e-07,0.6827049,0.8822807
chr17_58720803_CCT_AGC,-12.442483,-2.3454823,-2.3454826,-2.795909,175,2.3841858e-07,0.45042658,0.86288106
chr17_58720803_CCT_CAC,-15.271584,-15.506489,-15.506489,-15.838523,204,0.0,0.3320341,0.97613955
chr17_58720803_CCT_CGG,-19.428225,-17.695393,-17.695393,-18.068584,343,0.0,0.37319183,1.0315946
chr17_58720803_CCT_CTG,-15.883906,-5.425933,-5.425933,-6.3741574,81,0.0,0.94822454,0.9011956
chr17_58720804_C_G,-22.369234,-17.695393,-17.695393,-17.977226,157,0.0,0.28183365,1.0315946
chr17_58720804_C_T,-20.677818,-5.425933,-5.425933,-6.0689173,293,0.0,0.6429844,0.9011956
chr17_58720804_C_A,-19.951073,-15.506489,-15.506489,-15.8544235,342,0.0,0.34793472,0.97613955
chr17_58720805_T_A,2.6811318,1.0787277,1.0787277,0.6369601,105,0.0,0.44176763,0.75303173
chr17_58720805_T_C,2.8299086,1.0787277,1.0787277,0.16362606,357,0.0,0.91510165,0.75303173
chr17_58720805_T_G,-0.09377837,1.0787277,1.0787277,0.6426996,344,0.0,0.43602812,0.75303173
chr17_58720806_G_T,-1.9760084,-0.22459,-0.22458988,-0.6792816,105,1.1920929e-07,0.4546916,0.8587654
chr17_58720806_G_C,-23.687603,-11.214769,-11.214769,-11.985384,194,0.0,0.7706146,0.9752205
chr17_58720806_G_A,-1.2453346,-0.674353,-0.674353,-0.8142694,269,0.0,0.13991642,0.8638954
chr17_58720806_GCA_,-22.022676,-18.246984,-18.246984,-18.552593,115,0.0,0.30560875,1.2011963
chr17_58720806_GCA_CCC,-20.16251,-11.214769,-11.214769,-12.115938,84,0.0,0.9011688,0.9752205
chr17_58720806_GCA_GAG,-20.468231,-15.025823,-15.025823,-15.745349,66,0.0,0.7195263,0.9999911
chr17_58720806_GCA_GGC,-5.0254807,0.058593154,0.058593273,-0.36517307,176,1.1920929e-07,0.42376623,0.8271376
chr17_58720806_GCA_GTG,-4.951987,-2.88453,-2.88453,-3.627313,183,0.0,0.74278283,0.9189334
chr17_58720806_GCA_ACC,1.7841381,-0.674353,-0.67435294,-0.9126589,272,5.9604645e-08,0.23830587,0.8638954
chr17_58720806_GCA_AGC,2.162287,-0.22459,-0.22458988,-0.6607784,142,1.1920929e-07,0.4361884,0.8587654
chr17_58720807_C_T,-6.471653,-2.88453,-2.88453,-3.688631,185,0.0,0.804101,0.9189334
chr17_58720807_C_A,-19.118273,-15.025823,-15.025824,-15.528954,235,9.536743e-07,0.5031309,0.9999911
chr17_58720807_C_G,-4.390371,0.058593154,0.058593154,-0.1802491,280,0.0,0.23884225,0.8271376
chr17_58720808_A_G,1.0219882,0.9905103,0.9905103,0.15730499,188,0.0,0.8332053,0.81289274
chr17_58720808_A_C,1.4327326,0.9905103,0.9905102,0.11602,69,5.9604645e-08,0.87449026,0.81289274
chr17_58720808_A_T,-1.2254581,0.9905103,0.99051017,0.5750544,14,1.1920929e-07,0.41545588,0.81289274
chr17_58724045_A_C,-5.6938562,-14.254841,-14.254841,-14.974517,189,0.0,0.719676,0.9501241
chr17_58724045_A_G,0.4636197,-0.40909213,-0.4090922,-0.46355408,314,5.9604645e-08,0.054461956,0.7514294
chr17_58724045_A_T,0.16240409,-0.24056703,-0.24056703,-0.21284938,216,0.0,0.02771765,0.76907545
chr17_58724045_AGT_,-13.0859375,-14.834408,-14.834408,-15.201459,20,0.0,0.36705112,1.4786782
chr17_58724045_AGT_GCC,0.4122771,0.4860916,0.4860916,0.14232528,39,0.0,0.34376633,0.7214184
chr17_58724045_AGT_CGG,-4.3734145,-14.254841,-14.254841,-14.360817,312,0.0,0.105976105,0.9501241
chr17_58724045_AGT_AAC,-1.1717283,-5.913605,-5.913605,-6.3491077,117,0.0,0.43550253,0.8762825
chr17_58724045_AGT_ACC,-0.30807918,0.3622417,0.3622417,0.31071502,306,0.0,0.051526666,0.7133419
chr17_58724045_AGT_ATC,-2.8613963,-5.6425376,-5.6425376,-6.181506,63,0.0,0.53896856,0.8596673
chr17_58724045_AGT_GGC,0.6379746,-0.40909213,-0.4090922,-0.75447506,348,5.9604645e-08,0.34538293,0.7514294
chr17_58724045_AGT_TCA,-1.8383762,1.4271019,1.4271019,0.80518097,66,0.0,0.6219209,0.6801598
chr17_58724045_AGT_TCC,-0.2992775,1.4271019,1.4271019,1.4639814,250,0.0,0.03687954,0.6801598
chr17_58724045_AGT_TCG,-0.3730439,1.4271019,1.4271019,1.2818682,169,0.0,0.14523363,0.6801598
chr17_58724045_AGT_TCT,0.56488013,1.4271019,1.4271019,1.0930316,61,0.0,0.3340702,0.6801598
chr17_58724045_AGT_TGC,-2.4282413,-0.24056703,-0.24056703,-0.2745363,127,0.0,0.033969283,0.76907545
chr17_58724046_G_T,-3.1231618,-5.6425376,-5.6425376,-5.8738585,167,0.0,0.23132086,0.8596673
chr17_58724046_G_A,-1.4130107,-5.913605,-5.913605,-6.676466,86,0.0,0.7628608,0.8762825
chr17_58724046_G_C,1.0627109,0.3622417,0.3622417,0.10205248,166,0.0,0.2601892,0.7133419
chr17_58724047_T_A,-5.560454,-14.254841,-14.254841,-14.484294,46,0.0,0.22945309,0.9501241
chr17_58724047_T_G,-6.1055956,-14.254841,-14.254841,-14.552175,238,0.0,0.29733372,0.9501241
chr17_58724047_T_C,-1.3972384,1.4271019,1.4271019,0.621829,359,0.0,0.8052729,0.6801598
chr17_58724069_C_G,-21.957792,-18.198689,-18.198689,-18.519428,144,0.0,0.32073975,1.013999
chr17_58724069_C_A,2.6620173,1.5526751,1.5526751,1.3983762,170,0.0,0.1542989,0.64880216
chr17_58724069_CGA_,-27.273413,-19.67338,-19.67338,-19.504656,255,0.0,0.16872406,1.4740795
chr17_58724069_CGA_GCC,-23.198309,-17.38637,-17.38637,-17.919308,351,0.0,0.532938,0.9376027
chr17_58724069_CGA_CAG,-17.200623,-18.18441,-18.18441,-19.057753,77,0.0,0.8733425,0.8813902
chr17_58724069_CGA_CCC,-19.127575,-18.28722,-18.28722,-18.572683,59,0.0,0.28546333,0.98899645
chr17_58724069_CGA_CTG,-23.585684,-18.279158,-18.279158,-18.295118,133,0.0,0.015960693,0.9725948
chr17_58724069_CGA_GGC,-26.727772,-18.198689,-18.198689,-18.930483,360,0.0,0.73179436,1.013999
chr17_58724069_CGA_AGG,1.3888613,1.5526751,1.5526751,1.4372232,205,0.0,0.11545193,0.64880216
chr17_58724070_G_A,-15.334904,-18.18441,-18.18441,-18.433937,25,0.0,0.24952698,0.8813902
chr17_58724070_G_C,-19.65193,-18.28722,-18.28722,-18.268173,161,0.0,0.019046783,0.98899645
chr17_58724070_G_T,-25.393648,-18.279158,-18.279158,-19.008888,367,0.0,0.7297306,0.9725948
chr17_58724071_A_C,-0.46632853,1.5526751,1.5526751,1.3050214,47,0.0,0.24765372,0.64880216
chr17_58724071_A_T,-0.47435856,1.5526751,1.5526751,0.9235687,88,0.0,0.6291064,0.64880216
chr17_58732500_A_G,-18.01753,-8.203767,-8.203767,-9.001013,364,0.0,0.797246,0.60905993
chr17_58732500_A_C,-16.764868,-4.825185,-4.825185,-5.233639,20,0.0,0.40845394,0.53013426
chr17_58732500_AAG_,-13.316233,-13.628581,-13.628581,-13.329504,260,0.0,0.29907703,0.9596228
chr17_58732500_AAG_GCC,-15.2277155,-9.263542,-9.263542,-9.435538,201,0.0,0.17199612,0.6265907
chr17_58732500_AAG_ACC,-16.589691,-9.172859,-9.172859,-9.136736,314,0.0,0.036123276,0.63117343
chr17_58732500_AAG_CAA,-5.175238,-4.825185,-4.825185,-4.970374,345,0.0,0.14518929,0.53013426
chr17_58732500_AAG_CGG,-15.836409,-2.8288925,-2.8288925,-2.8394513,135,0.0,0.010558844,0.4968691
chr17_58732500_AAG_GAA,-14.811052,-8.203767,-8.203767,-8.476337,113,0.0,0.2725706,0.60905993
chr17_58732501_A_C,-20.155815,-9.172859,-9.172859,-9.993309,356,0.0,0.8204498,0.63117343
chr17_58732501_A_G,-18.212568,-2.8288925,-2.8288925,-2.9865363,228,0.0,0.1576438,0.4968691
chr17_58732501_A_T,-12.78516,-7.977077,-7.977077,-7.9439754,306,0.0,0.03310156,0.59400874
chr17_58732502_G_A,-3.7703557,0.23246852,0.23246852,-0.1268308,11,0.0,0.3592993,0.36155096
chr17_58732502_G_C,-12.139094,-7.5466404,-7.5466404,-8.426736,369,0.0,0.8800955,0.59444904
chr17_58732502_G_T,-12.248202,-7.5466404,-7.5466404,-7.6078115,163,0.0,0.061171055,0.59444904
chr17_58732506_C_T,0.29858896,-1.2481912,-1.2481912,-1.9031565,75,0.0,0.6549653,0.29732
chr17_58732506_C_A,-10.7209425,-1.6172584,-1.6172584,-1.2881238,245,0.0,0.32913458,0.30080283
chr17_58732506_C_G,-13.960837,-0.8638026,-0.86380255,-1.1142644,180,5.9604645e-08,0.25046176,0.26868743
chr17_58732506_CCC_,-17.20378,-15.512517,-15.512517,-15.654992,277,0.0,0.14247513,0.65860087
chr17_58732506_CCC_ACA,-4.0729666,-1.6172584,-1.6172584,-1.916821,146,0.0,0.29956257,0.30080283
chr17_58732506_CCC_CAT,-11.851958,-1.1805071,-1.1805071,-1.2285099,111,0.0,0.04800284,0.286689
chr17_58732506_CCC_CGG,-8.078869,-1.5679526,-1.5679528,-1.7034913,231,1.1920929e-07,0.1355387,0.32780403
chr17_58732506_CCC_CTG,-8.294262,-8.739078,-8.739078,-8.676984,346,0.0,0.062093735,0.43939573
chr17_58732506_CCC_GCT,-16.111193,-0.8638026,-0.86380255,-1.2298431,95,5.9604645e-08,0.36604053,0.26868743
chr17_58732506_CCC_AGC,-1.305057,-1.2481912,-1.2481912,-1.2016724,239,0.0,0.046518803,0.29732
chr17_58732507_C_G,-11.310701,-1.5679526,-1.5679526,-1.5624025,38,0.0,0.005550146,0.32780403
chr17_58732507_C_T,-16.949396,-8.739078,-8.739078,-8.832472,61,0.0,0.09339428,0.43939573
chr17_58732507_C_A,-13.260258,-1.1805071,-1.1805071,-1.4329355,180,0.0,0.2524284,0.286689
chr17_58732508_C_T,-2.9626067,0.1977641,0.19776411,0.08424929,24,1.4901161e-08,0.11351481,0.21438402
chr17_58732508_C_A,1.6823883,0.1977641,0.1977641,0.369954,241,0.0,0.17218989,0.21438402
chr17_58732508_C_G,1.3344686,0.1977641,0.19776413,0.4788088,219,2.9802322e-08,0.2810447,0.21438402
chr17_58732527_G_T,-6.699211,-0.95740646,-0.95740634,-1.3141419,145,1.1920929e-07,0.3567354,0.37598175
chr17_58732527_G_A,0.8826377,-0.26392975,-0.2639297,-0.096096575,283,5.9604645e-08,0.16783318,0.35536703
chr17_58732527_G_C,-3.3572588,-0.95740646,-0.95740646,-1.7408884,372,0.0,0.7834819,0.37598175
chr17_58732527_GTA_,-12.560149,-14.846676,-14.846676,-14.956615,347,0.0,0.109939575,0.64935774
chr17_58732527_GTA_GCC,1.3967042,0.822117,0.8221171,0.6265982,153,1.1920929e-07,0.19551879,0.29044476
chr17_58732527_GTA_CTG,-4.037168,-0.95740646,-0.9574063,-1.0233004,227,1.7881393e-07,0.06589395,0.37598175
chr17_58732527_GTA_GAG,-7.4326077,-3.8626904,-3.8626904,-4.03741,113,0.0,0.17471933,0.45539188
chr17_58732527_GTA_GGC,-3.0589526,-0.82348883,-0.82348895,-0.8677075,34,1.1920929e-07,0.04421866,0.3912997
chr17_58732527_GTA_ATC,-1.438362,-0.26392975,-0.26392975,-0.0772236,307,0.0,0.18670616,0.35536703
chr17_58732528_T_A,-5.76019,-3.8626904,-3.8626904,-4.152083,152,0.0,0.28939247,0.45539188
chr17_58732528_T_C,0.84034115,0.822117,0.8221171,0.7125486,176,1.1920929e-07,0.10956836,0.29044476
chr17_58732528_T_G,-0.37455875,-0.82348883,-0.82348883,-0.80862904,155,0.0,0.014859796,0.3912997
chr17_58732529_A_C,0.12732168,0.73826766,0.73826766,0.70121634,103,0.0,0.03705132,0.25601578
chr17_58732529_A_G,-0.69766706,0.73826766,0.7382677,1.074836,265,5.9604645e-08,0.33656836,0.25601578
chr17_58732529_A_T,0.08208372,0.73826766,0.7382677,0.5677047,108,5.9604645e-08,0.17056298,0.25601578
chr17_58732542_A_C,-1.4911611,0.5337875,0.5337875,0.109242976,8,0.0,0.4245445,0.032957047
chr17_58732542_A_G,0.4075512,0.33701283,0.33701286,-0.14873046,357,2.9802322e-08,0.48574328,0.01801972
chr17_58732542_AAA_,-9.406766,-8.085997,-8.085997,-7.7635093,267,0.0,0.32248735,0.75725496
chr17_58732542_AAA_GCC,-22.327623,0.51337594,0.5133759,-0.013041168,362,5.9604645e-08,0.52641714,0.029821815
chr17_58732542_AAA_ATC,-9.982802,0.6904149,0.6904149,0.813111,313,0.0,0.1226961,0.08435248
chr17_58732542_AAA_ACC,-0.62400895,0.8620025,0.8620025,1.0229183,243,0.0,0.16091585,0.04223167
chr17_58732542_AAA_CAG,1.1717607,0.5337875,0.5337875,-0.054095864,373,0.0,0.58788335,0.032957047
chr17_58732542_AAA_CGG,-1.7112663,0.4383199,0.43831992,0.36548615,105,2.9802322e-08,0.07283375,0.12580702
chr17_58732542_AAA_GAG,0.39279744,0.33701283,0.33701283,0.24338543,61,0.0,0.09362739,0.01801972
chr17_58732543_A_T,-8.896623,0.6904149,0.6904149,0.86815226,268,0.0,0.17773736,0.08435248
chr17_58732543_A_C,1.4267837,0.8620025,0.86200243,1.0856669,259,5.9604645e-08,0.2236644,0.04223167
chr17_58732543_A_G,-1.1119174,0.4383199,0.43831986,-0.07173097,82,2.9802322e-08,0.5100509,0.12580702
chr17_58732544_A_C,1.2468567,0.5577132,0.5577132,-0.017166257,371,0.0,0.57487947,0.013081742
chr17_58732544_A_G,-0.8701584,0.7477451,0.7477451,0.8906667,122,0.0,0.14292163,0.047841154
chr17_58732544_A_T,0.027384032,0.5577132,0.5577132,0.02652222,368,0.0,0.531191,0.013081742
chr17_58734121_C_A,-1.5949173,-0.3123991,-0.31239903,-0.21379827,204,5.9604645e-08,0.09860082,0.12181122
chr17_58734121_C_G,0.51640373,0.02912095,0.02912098,-0.33407235,69,2.9802322e-08,0.3631933,0.017936258
chr17_58734121_CAG_,-9.881733,-6.023906,-6.023906,-6.121367,151,0.0,0.09746075,0.2871177
chr17_58734121_CAG_GCC,1.1563447,0.08738036,0.087380275,0.14719206,50,8.195639e-08,0.059811704,-0.027739339
chr17_58734121_CAG_AAA,0.92965484,-0.3123991,-0.31239897,-0.12668428,132,1.1920929e-07,0.18571481,0.12181122
chr17_58734121_CAG_AGA,1.001972,0.06700101,0.067001015,0.19562446,208,7.450581e-09,0.12862346,0.062258385
chr17_58734121_CAG_CCC,0.55094886,-1.9134656,-1.9134656,-2.4315574,367,0.0,0.5180918,0.1313487
chr17_58734121_CAG_CTC,0.06350678,-0.3883265,-0.3883265,-0.88138735,364,0.0,0.49306086,0.060274504
chr17_58734121_CAG_GAA,1.7261236,0.02912095,0.02912097,-0.075657554,64,2.0489097e-08,0.104778506,0.017936258
chr17_58734122_A_G,-0.57037085,0.06700101,0.067000955,0.34316972,254,5.2154064e-08,0.2761687,0.062258385
chr17_58734122_A_C,0.28811175,-1.9134656,-1.9134657,-1.978731,231,1.1920929e-07,0.06526542,0.1313487
chr17_58734122_A_T,1.1582204,-0.3883265,-0.3883265,-0.37109283,142,0.0,0.01723367,0.060274504
chr17_58734123_G_T,1.6071199,0.21269196,0.21269196,0.17587237,15,0.0,0.036819592,-0.08351379
chr17_58734123_G_A,0.87332386,0.49760196,0.49760193,0.6248067,208,2.9802322e-08,0.12720475,-0.097996734
chr17_58734123_G_C,-0.23615958,0.21269196,0.21269199,0.2067383,35,2.9802322e-08,0.0059536695,-0.08351379
chr17_58734145_A_C,-0.4260152,-0.12006414,-0.12006414,-0.01978904,307,0.0,0.1002751,-0.6452786
chr17_58734145_A_G,0.7811739,-0.18383926,-0.18383926,-0.22013986,79,0.0,0.0363006,-0.6425497
chr17_58734145_A_T,1.1180407,-0.1469515,-0.14695156,-0.1091606,293,5.9604645e-08,0.037790895,-0.6436389
chr17_58734145_ACT_,-0.57113767,-0.26993358,-0.26993358,-0.35490376,373,0.0,0.084970176,-0.616676
chr17_58734145_ACT_GCC,-0.75604796,-0.18383926,-0.18383926,-0.11210245,185,0.0,0.07173681,-0.6425497
chr17_58734145_ACT_AAC,-0.97375107,-0.1127395,-0.1127395,0.0049424767,274,0.0,0.11768198,-0.6514866
chr17_58734145_ACT_AGC,-0.5371813,-0.1469515,-0.1469515,0.0016488135,154,0.0,0.14860031,-0.6436389
chr17_58734145_ACT_ATC,0.47239938,-0.908293,-0.908293,-0.7458182,327,0.0,0.16247481,-0.5681567
chr17_58734145_ACT_CCC,0.98867726,-0.12006414,-0.12006414,-0.030944586,263,0.0,0.08911955,-0.6452786
chr17_58734146_C_A,0.48889124,-0.1127395,-0.11273956,-0.0117839575,19,5.9604645e-08,0.100955546,-0.6514866
chr17_58734146_C_G,-0.010596965,-0.1469515,-0.1469515,-0.004873991,143,0.0,0.1420775,-0.6436389
chr17_58734146_C_T,-1.1372025,-0.908293,-0.908293,-0.73380226,257,0.0,0.17449075,-0.5681567
chr17_58734147_T_A,-0.013595451,-0.16817039,-0.16817039,-0.10574287,187,0.0,0.06242752,-0.69662565
chr17_58734147_T_C,-1.0283585,-0.16817039,-0.16817039,-0.032400966,166,0.0,0.13576943,-0.69662565
chr17_58734147_T_G,-0.18943587,-0.16817039,-0.16817045,-0.048774123,169,5.9604645e-08,0.11939627,-0.69662565
chr17_58734160_T_C,-0.25647077,-0.2193209,-0.21932083,-0.1189242,157,5.9604645e-08,0.10039669,-0.831746
chr17_58734160_T_A,1.1683537,-0.2520079,-0.2520079,-0.120657146,200,0.0,0.13135076,-0.80402297
chr17_58734160_T_G,-0.23659295,-0.2562136,-0.2562136,-0.16129023,267,0.0,0.09492338,-0.7958669
chr17_58734160_TTG_,1.0617545,-0.15543759,-0.15543759,-0.030075133,109,0.0,0.12536246,-0.80619895
chr17_58734160_TTG_GCC,-1.3515382,-0.3203941,-0.32039422,-0.23218685,116,1.1920929e-07,0.088207245,-0.8618465
chr17_58734160_TTG_AGC,-0.57952166,-0.29479027,-0.29479027,-0.2205742,188,0.0,0.07421607,-0.8573284
chr17_58734160_TTG_CTA,-0.7278782,-0.2193209,-0.21932083,-0.12900078,194,5.9604645e-08,0.09032011,-0.831746
chr17_58734160_TTG_CTC,0.82295597,-0.2193209,-0.2193209,-0.13734043,185,0.0,0.08198047,-0.831746
chr17_58734160_TTG_CTT,0.8627456,-0.2193209,-0.2193209,-0.11177313,99,0.0,0.10754776,-0.831746
chr17_58734160_TTG_GTC,-0.34672272,-0.2562136,-0.2562136,-0.15067297,270,0.0,0.10554063,-0.7958669
chr17_58734161_T_C,-0.26109982,-0.29479027,-0.29479027,-0.19038385,148,0.0,0.10440642,-0.8573284
chr17_58734161_T_G,-1.0531517,-0.26650792,-0.26650792,-0.118729055,228,0.0,0.14777887,-0.7416571
chr17_58734162_G_A,-0.53118384,-0.2193209,-0.21932083,-0.09216291,201,5.9604645e-08,0.12715799,-0.831746
chr17_58734162_G_C,0.30431598,-0.33606845,-0.33606845,-0.2601493,301,0.0,0.07591915,-0.7703453
chr17_58734162_G_T,0.52043086,-0.33606845,-0.33606845,-0.19363362,60,0.0,0.14243484,-0.7703453
chr17_58734181_A_C,-0.028292732,-0.05146134,-0.05146134,0.10733968,60,0.0,0.15880102,-0.7406279
chr17_58734181_A_G,1.250349,-0.115296125,-0.115296125,0.0041643977,104,0.0,0.11946052,-0.8005364
chr17_58734181_A_T,-0.99431556,-0.05852574,-0.05852568,-0.06032592,366,5.9604645e-08,0.0018001795,-0.8316476
chr17_58734181_AGC_,0.36834326,0.009356916,0.009356797,0.12534815,159,1.1920929e-07,0.115991235,-0.812723
chr17_58734181_AGC_GCC,0.94227195,-0.155424,-0.15542412,-0.084198534,11,1.1920929e-07,0.071225464,-0.8480998
chr17_58734181_AGC_AAT,0.20072985,-0.12420416,-0.12420422,-0.032313526,178,5.9604645e-08,0.09189063,-0.8774991
chr17_58734181_AGC_ACA,0.018062884,-0.14600474,-0.14600468,-0.0468781,105,5.9604645e-08,0.09912664,-0.8487869
chr17_58734181_AGC_ATT,1.3761054,-0.03841579,-0.03841579,0.018997371,301,0.0,0.05741316,-0.81214917
chr17_58734181_AGC_CGG,0.71700746,-0.05146134,-0.05146134,-0.016029656,8,0.0,0.035431683,-0.7406279
chr17_58734181_AGC_GGA,1.0697055,-0.115296125,-0.115296185,-0.023258746,242,5.9604645e-08,0.09203738,-0.8005364
chr17_58734181_AGC_TCA,1.1271664,-0.12167013,-0.12167013,-0.044253767,15,0.0,0.07741636,-0.8877605
chr17_58734181_AGC_TCC,-0.8540522,-0.12167013,-0.12167013,-0.05335331,212,0.0,0.06831682,-0.8877605
chr17_58734181_AGC_TCG,0.8595029,-0.12167013,-0.12167013,-0.090432405,301,0.0,0.031237721,-0.8877605
chr17_58734181_AGC_TCT,-0.5564625,-0.12167013,-0.12167013,-0.06956327,328,0.0,0.052106857,-0.8877605
chr17_58734181_AGC_TGT,-0.80313534,-0.05852574,-0.05852574,0.05502546,45,0.0,0.1135512,-0.8316476
chr17_58734182_G_A,-0.98049766,-0.12420416,-0.12420422,-0.11659914,75,5.9604645e-08,0.007605016,-0.8774991
chr17_58734182_G_C,0.4165642,-0.14600474,-0.14600474,-0.043363333,60,0.0,0.1026414,-0.8487869
chr17_58734182_G_T,-0.5657595,-0.03841579,-0.03841579,0.0811705,40,0.0,0.11958629,-0.81214917
chr17_58734183_C_G,1.4985797,-0.05146134,-0.05146134,0.0021149516,10,0.0,0.05357629,-0.7406279
chr17_58734183_C_T,0.1496318,-0.12167013,-0.12167013,-0.027449727,149,0.0,0.0942204,-0.8877605
chr17_58734183_C_A,-0.66911864,-0.05146134,-0.05146128,0.12101078,173,5.9604645e-08,0.17247212,-0.7406279
