position,aa,plddt,ss_helix,ss_sheet,ss_loop,rsasa,packing_density,dist_walker_a,dist_walker_b,dist_atp_contact,dist_ssdna_binding,dist_bcdx2_interface,dist_cx3_interface
1,MET,33.69,0,0,1,1.0,2,46.526,50.627,29.981,33.132,26.656,37.237
2,ARG,30.62,0,0,1,0.8698,4,43.66,47.086,26.293,28.979,24.39,32.411
3,GLY,27.77,0,0,1,0.7391,5,41.331,44.201,23.84,27.55,20.975,31.145
4,LYS,26.84,0,0,1,0.784,5,37.709,40.616,19.908,22.981,18.792,26.618
5,THR,28.97,0,0,1,0.6998,5,39.096,40.325,20.729,23.704,14.899,27.009
6,PHE,26.94,0,0,1,0.7506,6,33.165,34.978,14.88,18.766,13.287,22.633
7,ARG,30.34,0,0,1,0.6858,6,36.115,35.918,17.313,18.706,9.365,21.815
8,PHE,30.5,0,0,1,0.8656,5,31.274,30.805,13.116,15.736,6.931,20.025
9,GLU,42.66,0,0,1,0.497,9,34.797,33.157,16.291,15.703,5.818,18.395
10,MET,48.06,0,0,1,0.6181,9,32.44,30.081,16.237,14.818,0.0,19.011
11,GLN,65.0,0,0,1,0.4189,14,29.939,27.158,13.768,9.64,6.002,13.128
12,ARG,75.81,0,0,1,0.3361,16,34.934,31.409,19.681,13.954,7.169,16.569
13,ASP,81.5,0,0,1,0.4464,11,31.675,27.272,18.441,11.195,10.312,11.084
14,LEU,82.62,0,0,1,0.0054,20,34.077,29.498,20.697,12.089,6.259,12.402
15,VAL,78.25,0,0,1,0.5959,10,33.843,28.667,21.887,13.956,7.339,10.781
16,SER,79.38,0,0,1,0.5467,11,36.729,32.227,23.397,16.292,10.709,15.43
17,PHE,84.0,0,0,1,0.02,18,39.171,34.639,25.342,17.257,8.066,15.964
18,PRO,84.25,0,0,1,0.5409,9,43.965,39.007,30.684,22.497,9.82,17.982
19,LEU,87.62,0,0,1,0.0455,19,40.133,35.101,27.236,18.417,4.591,14.487
20,SER,86.81,0,0,1,0.3871,13,43.655,38.159,31.8,22.401,6.707,15.302
21,PRO,84.44,1,0,0,0.6719,7,40.211,34.741,30.341,21.446,5.62,16.588
22,ALA,86.25,1,0,0,0.5337,10,41.397,35.985,31.279,21.321,7.226,15.611
23,VAL,89.69,1,0,0,0.0521,21,40.63,35.451,28.512,18.179,5.428,12.646
24,ARG,88.75,1,0,0,0.2204,16,37.063,31.608,25.43,16.416,0.0,13.46
25,VAL,86.75,1,0,0,0.5869,12,35.322,29.9,25.974,17.062,5.357,12.707
26,LYS,91.06,1,0,0,0.3499,19,36.984,31.744,26.145,15.125,7.329,13.833
27,LEU,89.62,1,0,0,0.0,23,34.864,30.086,22.421,12.229,4.277,12.229
28,VAL,85.75,1,0,0,0.4518,15,31.063,25.721,20.141,11.147,6.209,8.552
29,SER,84.88,1,0,0,0.6039,10,31.707,26.436,22.419,12.508,6.77,11.103
30,ALA,86.56,1,0,0,0.1716,15,32.746,28.269,21.396,9.398,4.898,9.398
31,GLY,82.19,0,0,1,0.0696,16,28.384,24.052,16.682,6.097,0.0,6.097
32,PHE,87.44,0,0,1,0.0115,20,32.208,28.096,18.899,8.441,0.0,8.441
33,GLN,80.75,0,0,1,0.159,21,28.163,23.965,14.815,5.971,5.819,8.839
34,THR,86.0,0,0,1,0.0739,17,30.643,27.23,15.672,8.567,5.106,10.898
35,ALA,84.38,0,0,1,0.0,20,35.942,32.417,20.156,13.763,7.234,14.783
36,GLU,82.31,0,0,1,0.2353,13,33.121,30.659,15.686,11.581,5.516,12.499
37,GLU,82.62,0,0,1,0.2823,17,31.416,28.399,16.044,7.862,0.0,7.862
38,LEU,86.44,0,0,1,0.0,21,36.39,32.87,21.029,12.071,5.162,10.386
39,LEU,82.25,0,0,1,0.2721,12,37.656,35.461,20.309,14.937,7.571,12.407
40,GLU,79.19,0,0,1,0.7127,8,36.271,35.364,19.553,13.423,8.206,11.834
41,VAL,84.19,0,0,1,0.1459,17,36.875,34.53,21.937,11.877,7.4,7.888
42,LYS,86.12,0,0,1,0.5399,11,41.27,39.651,26.575,16.657,13.122,5.086
43,PRO,87.06,1,0,0,0.2423,18,44.359,41.278,29.804,18.994,13.697,0.0
44,SER,88.25,1,0,0,0.309,11,43.545,41.323,30.306,18.768,15.503,0.0
45,GLU,88.94,1,0,0,0.3526,11,38.281,36.347,25.073,13.548,11.506,5.361
46,LEU,91.0,1,0,0,0.0,22,39.132,35.599,25.552,13.67,8.358,5.783
47,SER,92.56,1,0,0,0.0939,19,42.729,38.886,30.353,17.617,12.725,4.582
48,LYS,89.19,1,0,0,0.7401,13,39.49,36.543,28.467,15.371,13.16,6.739
49,GLU,86.94,1,0,0,0.4241,16,35.155,31.786,23.483,10.434,8.299,9.893
50,VAL,89.5,1,0,0,0.062,22,37.153,32.674,25.208,12.945,7.311,10.587
51,GLY,88.56,0,0,1,0.4995,13,39.652,34.982,28.884,16.331,11.914,10.144
52,ILE,91.44,0,0,1,0.0493,21,41.709,36.918,29.806,17.771,10.654,8.119
53,SER,91.62,0,0,1,0.3703,12,46.941,42.191,34.924,22.612,15.021,5.485
54,LYS,89.12,1,0,0,0.5806,12,47.177,43.33,34.146,21.915,16.485,0.0
55,ALA,87.81,1,0,0,0.5863,10,49.514,44.95,36.472,24.625,16.229,5.463
56,GLU,91.69,1,0,0,0.3097,19,44.763,39.936,32.199,20.658,11.084,7.522
57,ALA,91.62,1,0,0,0.0,24,42.872,38.747,29.472,17.55,11.238,4.592
58,LEU,90.5,1,0,0,0.4086,16,47.077,43.155,32.281,21.663,15.123,4.113
59,GLU,90.81,1,0,0,0.4492,16,46.868,42.332,32.984,22.599,12.535,8.904
60,THR,90.38,1,0,0,0.0244,26,41.538,37.133,27.836,17.387,9.036,8.369
61,LEU,90.56,1,0,0,0.0061,19,42.481,38.868,26.848,17.512,10.985,5.778
62,GLN,87.75,1,0,0,0.467,11,46.902,42.996,31.071,22.593,15.205,8.991
63,ILE,86.75,1,0,0,0.1686,17,43.956,39.591,29.369,21.162,10.875,12.245
64,ILE,86.75,1,0,0,0.0021,24,39.935,36.133,24.353,16.888,9.494,11.467
65,ARG,85.75,1,0,0,0.3283,13,43.737,40.519,26.543,20.26,12.733,11.072
66,ARG,80.06,1,0,0,0.5156,12,46.586,42.838,30.155,24.107,16.357,14.382
67,GLU,77.31,1,0,0,0.1734,15,42.626,38.7,27.085,20.741,13.651,16.679
68,CYS,73.75,1,0,0,0.2429,15,40.429,37.327,23.161,18.741,11.467,16.004
69,LEU,62.44,1,0,0,0.7721,9,45.531,42.61,27.551,23.998,15.412,17.121
70,THR,54.78,1,0,0,0.495,8,46.969,43.489,30.243,25.605,16.086,20.015
71,ASN,48.75,0,0,1,0.3528,10,42.666,39.309,26.478,22.26,11.266,22.091
72,LYS,34.91,0,0,1,0.8188,5,46.151,43.469,28.96,26.895,13.72,26.333
73,PRO,35.88,0,0,1,0.7348,7,43.324,40.151,28.042,24.897,11.829,26.167
74,ARG,29.78,0,0,1,0.7929,5,48.555,45.008,33.654,29.759,17.458,29.856
75,TYR,31.78,0,0,1,0.8177,4,47.751,43.649,34.386,29.495,18.592,28.255
76,ALA,30.2,0,0,1,0.725,6,46.401,42.182,33.424,29.364,18.887,27.372
77,GLY,27.17,0,0,1,0.5752,4,42.294,37.847,30.216,26.185,17.21,23.398
78,THR,28.16,0,0,1,0.8698,5,39.962,35.521,28.494,25.991,17.978,22.56
79,SER,35.47,0,0,1,0.6014,7,37.18,33.35,24.222,22.02,12.291,20.583
80,GLU,40.59,0,0,1,0.8018,5,35.567,32.341,22.349,24.022,14.594,22.754
81,SER,41.12,0,0,1,0.5074,7,33.902,30.708,20.004,19.617,9.255,19.669
82,HIS,48.19,0,0,1,0.6905,7,37.868,35.333,22.416,23.013,9.465,24.497
83,LYS,58.84,0,0,1,0.7908,7,37.412,35.29,22.101,26.152,11.078,26.985
84,LYS,74.75,0,0,1,0.8594,5,39.725,38.363,21.952,27.693,10.794,30.288
85,CYS,82.25,0,0,1,0.3375,10,35.72,34.777,18.241,26.975,5.652,29.282
86,THR,89.94,0,0,1,0.4534,8,38.903,38.803,19.528,29.934,4.666,34.502
87,ALA,90.38,1,0,0,0.6659,7,35.513,36.177,14.98,25.74,0.0,33.567
88,LEU,91.56,1,0,0,0.5758,8,37.769,38.294,18.59,29.082,0.0,36.212
89,GLU,89.38,1,0,0,0.3402,11,36.152,35.701,18.586,28.32,5.367,32.017
90,LEU,88.88,1,0,0,0.4313,10,31.738,31.754,13.257,23.164,0.0,29.178
91,LEU,87.44,1,0,0,0.4339,10,32.446,33.403,13.869,24.015,0.0,33.356
92,GLU,88.75,1,0,0,0.4408,11,34.072,34.2,17.897,27.134,5.409,32.302
93,GLN,84.88,1,0,0,0.4822,11,30.236,29.696,15.212,23.608,5.515,27.921
94,GLU,85.62,1,0,0,0.4961,12,27.215,27.898,10.952,19.762,5.625,27.973
95,HIS,82.56,1,0,0,0.6441,8,29.904,30.785,15.609,23.739,6.686,29.13
96,THR,82.19,1,0,0,0.6783,6,29.395,29.033,17.788,24.713,10.23,25.767
97,GLN,83.5,0,1,0,0.2035,11,24.252,24.225,12.413,19.002,8.812,23.007
98,GLY,91.31,0,1,0,0.2311,19,22.621,22.412,14.626,19.888,10.461,19.505
99,PHE,96.25,0,1,0,0.3302,19,19.076,20.092,13.054,16.616,9.391,18.978
100,ILE,98.31,0,1,0,0.0124,29,15.671,15.598,14.458,16.759,10.785,13.489
101,ILE,97.25,0,1,0,0.2098,22,17.225,19.397,15.367,19.297,15.071,15.367
102,THR,96.5,0,0,1,0.0,23,11.905,15.79,10.823,15.362,10.823,10.823
103,PHE,95.62,0,0,1,0.1197,22,14.122,18.88,11.154,20.986,9.717,11.843
104,CYS,96.0,0,0,1,0.0,24,11.732,18.508,9.73,17.152,10.309,10.325
105,SER,95.75,1,0,0,0.4248,14,17.785,24.161,15.179,20.555,14.058,15.179
106,ALA,95.81,1,0,0,0.2258,18,15.292,22.86,11.349,17.328,14.26,11.349
107,LEU,96.5,1,0,0,0.0,25,11.93,17.828,10.578,13.626,12.365,10.578
108,ASP,96.88,1,0,0,0.0921,19,16.585,20.741,13.44,16.586,14.693,15.747
109,ASP,95.81,1,0,0,0.5518,14,19.022,24.471,11.264,16.883,16.913,16.273
110,ILE,96.5,1,0,0,0.0794,20,16.257,21.709,8.193,11.964,14.503,14.184
111,LEU,96.19,1,0,0,0.0606,26,15.244,18.719,7.898,11.298,9.941,16.06
112,GLY,93.19,0,0,1,0.443,14,20.014,23.261,8.758,14.672,11.468,19.873
113,GLY,93.19,0,0,1,0.2386,16,19.841,22.549,12.029,16.791,12.438,19.644
114,GLY,96.38,0,0,1,0.0115,21,16.332,18.72,11.613,14.633,10.653,16.273
115,VAL,97.81,0,0,1,0.0085,27,13.335,14.462,10.884,12.473,7.973,14.372
116,PRO,96.62,0,0,1,0.1029,23,18.149,19.078,8.118,13.027,4.621,20.138
117,LEU,96.56,0,0,1,0.0787,20,20.178,19.084,11.353,17.232,6.971,17.527
118,MET,95.25,0,0,1,0.2722,20,21.778,20.437,9.067,16.586,5.543,19.744
119,LYS,95.88,0,1,0,0.2259,22,17.532,17.647,4.39,11.135,0.0,20.646
120,THR,97.06,0,1,0,0.0118,22,15.054,14.237,4.988,9.382,5.633,16.581
121,THR,97.94,0,1,0,0.0024,24,11.394,12.702,6.545,7.6,6.201,15.199
122,GLU,98.06,0,1,0,0.0,26,9.939,11.735,3.416,4.766,10.344,11.148
123,ILE,98.12,0,1,0,0.0041,28,4.83,9.121,4.809,8.055,10.232,10.232
124,CYS,97.62,0,1,0,0.0,26,4.497,12.698,4.497,6.339,7.637,7.637
125,GLY,96.88,0,1,0,0.0036,22,0.0,12.585,0.0,9.53,6.727,6.727
126,ALA,93.75,0,0,1,0.3222,14,4.811,15.15,4.811,10.377,5.274,7.889
127,PRO,93.5,0,0,1,0.7442,8,8.016,12.921,0.0,12.053,0.0,7.575
128,GLY,93.75,0,0,1,0.5709,12,5.549,12.948,0.0,15.481,4.658,8.552
129,VAL,96.31,0,0,1,0.0044,21,4.776,13.36,0.0,14.188,7.303,6.114
130,GLY,96.38,0,0,1,0.0797,20,0.0,10.854,0.0,15.625,4.179,4.179
131,LYS,97.75,1,0,0,0.1026,25,0.0,7.319,0.0,12.283,7.123,7.123
132,THR,97.62,1,0,0,0.1615,22,0.0,5.511,0.0,15.533,4.66,4.66
133,GLN,97.69,1,0,0,0.2177,20,4.179,10.341,0.0,18.004,0.0,0.0
134,LEU,98.12,1,0,0,0.0047,27,6.174,9.908,5.462,13.655,5.462,5.462
135,CYS,98.56,1,0,0,0.0,24,5.309,5.2,5.2,14.98,7.251,7.251
136,MET,98.5,1,0,0,0.006,28,6.26,8.57,5.895,19.914,5.347,5.347
137,GLN,98.44,1,0,0,0.0126,28,9.571,12.138,6.5,18.826,6.5,6.5
138,LEU,98.69,1,0,0,0.0007,25,10.641,10.657,9.922,15.814,9.922,9.922
139,ALA,98.69,1,0,0,0.0,29,10.471,9.824,9.824,20.057,5.135,5.135
140,VAL,98.69,1,0,0,0.0016,26,13.291,14.471,10.257,23.011,6.497,6.497
141,ASP,98.31,1,0,0,0.0181,25,14.619,15.563,12.291,20.036,11.256,11.256
142,VAL,98.56,1,0,0,0.0,30,15.867,14.772,14.772,20.068,9.186,9.186
143,GLN,98.44,1,0,0,0.0504,24,18.268,17.864,16.073,25.195,8.301,8.301
144,ILE,98.06,0,0,1,0.0027,22,20.113,20.609,17.799,24.572,13.519,13.519
145,PRO,96.44,0,0,1,0.1165,19,25.264,25.284,22.551,29.598,16.153,16.153
146,GLU,94.19,0,0,1,0.5838,12,27.256,26.622,23.88,28.331,18.99,18.99
147,CYS,92.88,0,0,1,0.2167,18,29.483,29.707,26.953,31.971,21.323,21.323
148,PHE,93.69,0,0,1,0.1209,19,24.778,25.707,21.882,28.212,18.438,18.438
149,GLY,90.62,0,0,1,0.483,12,24.749,25.338,21.896,25.41,18.273,19.671
150,GLY,95.06,0,0,1,0.1273,18,22.11,22.032,20.079,23.704,15.965,15.965
151,VAL,96.0,0,0,1,0.1429,23,21.455,20.216,17.683,21.995,13.357,14.609
152,ALA,96.56,0,0,1,0.4151,16,24.178,23.134,22.868,27.408,14.323,14.323
153,GLY,97.69,0,1,0,0.0331,19,20.476,18.72,18.72,24.155,10.618,10.618
154,GLU,98.62,0,1,0,0.0625,21,19.189,16.856,16.856,24.917,7.402,7.402
155,ALA,98.81,0,1,0,0.0,28,13.695,11.683,11.683,21.056,4.771,4.771
156,VAL,98.81,0,1,0,0.0,24,15.137,11.107,11.107,18.341,8.024,8.024
157,PHE,98.81,0,1,0,0.0,22,9.98,6.996,6.996,20.249,5.081,5.081
158,ILE,98.56,0,1,0,0.0,24,12.085,6.838,6.838,15.185,8.243,8.243
159,ASP,98.19,0,1,0,0.0005,20,8.564,5.209,5.209,15.802,4.474,4.474
160,THR,96.31,0,0,1,0.0012,23,10.703,6.374,4.506,10.179,7.364,7.364
161,GLU,92.81,0,0,1,0.3432,17,7.775,6.514,0.0,10.999,4.683,4.683
162,GLY,94.0,0,0,1,0.4149,13,9.037,8.052,4.772,14.772,0.0,0.0
163,SER,93.31,0,0,1,0.2519,16,4.66,6.365,0.0,15.529,0.0,0.0
164,PHE,96.94,0,0,1,0.1447,20,7.45,7.032,5.864,19.291,0.0,0.0
165,MET,97.0,0,0,1,0.5726,12,8.382,11.331,3.955,22.553,0.0,5.984
166,VAL,97.31,1,0,0,0.4886,11,12.861,14.002,7.223,26.143,0.0,0.0
167,ASP,97.75,1,0,0,0.6182,7,13.491,16.504,5.323,28.026,5.477,5.477
168,ARG,98.0,1,0,0,0.1236,16,8.902,12.673,0.0,24.366,3.955,5.533
169,VAL,98.44,1,0,0,0.0039,21,10.899,12.536,5.533,25.026,0.0,0.0
170,VAL,98.56,1,0,0,0.2603,14,15.332,17.77,7.162,30.004,5.552,5.552
171,ASP,98.38,1,0,0,0.348,17,13.608,17.416,5.601,27.569,7.293,7.293
172,LEU,98.5,1,0,0,0.0254,23,11.672,14.585,6.571,23.742,5.493,5.493
173,ALA,98.44,1,0,0,0.0,25,15.765,17.535,9.706,27.658,5.94,5.94
174,THR,98.25,1,0,0,0.3113,15,18.399,21.324,10.773,30.871,9.518,9.518
175,ALA,98.0,1,0,0,0.0723,18,16.177,20.126,10.835,27.233,8.38,10.606
176,CYS,97.81,1,0,0,0.0088,22,17.202,19.24,12.765,25.975,10.144,10.144
177,ILE,97.5,1,0,0,0.1297,16,21.394,23.408,15.232,31.343,11.591,11.591
178,GLN,96.69,1,0,0,0.4433,10,21.865,25.362,15.93,32.003,12.79,14.81
179,HIS,95.31,1,0,0,0.323,15,20.058,23.795,15.98,28.126,12.16,15.299
180,LEU,95.5,1,0,0,0.0148,19,23.523,25.201,19.148,30.059,16.004,16.004
181,GLN,95.06,1,0,0,0.3682,14,26.48,28.942,20.72,34.771,17.811,17.811
182,LEU,94.19,1,0,0,0.5897,9,25.467,29.681,20.802,33.379,16.002,20.518
183,ILE,92.75,1,0,0,0.2567,13,25.931,28.972,22.23,31.343,18.47,21.043
184,ALA,92.81,1,0,0,0.0968,21,29.559,31.433,24.992,35.492,20.938,20.938
185,GLU,91.12,1,0,0,0.5591,11,31.103,34.471,26.577,38.288,21.758,24.183
186,LYS,90.69,1,0,0,0.7219,9,30.49,34.483,26.178,36.052,21.667,26.236
187,HIS,84.94,1,0,0,0.4896,11,32.111,34.677,28.549,35.989,24.724,26.357
188,LYS,76.38,0,0,1,0.7888,8,36.684,39.17,32.705,41.557,28.329,28.855
189,GLY,81.06,0,0,1,0.2545,12,35.451,36.732,31.65,39.164,26.554,26.554
190,GLU,87.5,1,0,0,0.6162,8,37.66,38.308,33.322,41.917,26.594,26.594
191,GLU,90.0,1,0,0,0.5362,13,33.827,34.116,30.507,36.916,24.105,24.105
192,HIS,90.69,1,0,0,0.1325,18,30.875,31.943,26.872,35.267,21.869,21.869
193,ARG,88.69,1,0,0,0.5125,14,33.496,34.583,28.395,39.624,22.045,22.045
194,LYS,91.5,1,0,0,0.602,13,33.307,33.541,28.931,38.852,20.957,20.957
195,ALA,91.88,1,0,0,0.2002,18,28.385,28.674,24.661,33.546,17.744,17.744
196,LEU,92.81,1,0,0,0.1524,17,27.812,28.953,22.584,35.233,16.329,16.329
197,GLU,91.75,0,0,1,0.4404,7,30.952,31.42,25.537,38.96,16.836,16.836
198,ASP,90.94,0,0,1,0.5638,8,27.572,27.372,23.044,35.391,13.37,13.37
199,PHE,96.0,0,0,1,0.0684,20,23.789,24.426,19.094,31.765,11.895,11.895
200,THR,97.19,0,0,1,0.3225,12,24.311,25.048,18.14,35.072,9.056,9.056
201,LEU,98.06,1,0,0,0.2883,13,20.389,21.83,13.33,32.932,6.369,6.369
202,ASP,97.94,1,0,0,0.5705,8,22.896,23.195,16.723,35.16,5.981,5.981
203,ASN,97.75,1,0,0,0.2848,11,22.856,22.631,18.08,32.74,7.44,7.44
204,ILE,98.44,1,0,0,0.0081,22,17.844,18.307,13.124,28.361,5.303,5.303
205,LEU,98.44,1,0,0,0.2659,16,17.102,17.243,11.878,29.872,0.0,0.0
206,SER,98.19,1,0,0,0.4457,10,20.963,19.876,17.044,31.48,5.425,5.425
207,HIS,98.44,1,0,0,0.2792,17,18.999,17.597,16.672,27.593,5.729,5.729
208,ILE,98.69,0,1,0,0.0975,21,13.765,12.479,12.06,24.625,0.0,0.0
209,TYR,98.56,0,1,0,0.1939,17,16.748,13.454,13.454,22.224,5.94,5.94
210,TYR,98.56,0,1,0,0.3601,15,13.017,10.48,10.48,22.247,0.0,0.0
211,PHE,98.06,0,1,0,0.2071,19,14.851,10.368,10.368,18.378,5.849,5.849
212,ARG,97.75,0,1,0,0.3086,14,13.765,10.425,9.707,16.825,6.631,6.631
213,CYS,95.88,0,1,0,0.0204,22,14.647,9.801,9.327,13.229,8.27,8.27
214,ARG,92.81,0,0,1,0.6081,13,16.812,13.284,9.938,12.148,9.143,9.143
215,ASP,92.44,0,0,1,0.2577,16,19.158,15.031,12.149,9.937,9.892,9.892
216,TYR,92.5,1,0,0,0.1735,20,19.264,14.689,11.338,8.331,9.598,8.894
217,THR,92.88,1,0,0,0.4666,12,22.575,17.706,15.484,12.536,6.173,6.173
218,GLU,94.88,1,0,0,0.266,15,18.639,13.881,12.882,14.161,5.827,5.827
219,LEU,95.75,1,0,0,0.0,23,16.147,10.923,9.155,10.6,7.348,7.348
220,LEU,94.12,1,0,0,0.0942,19,21.286,15.924,13.996,8.529,5.261,5.261
221,ALA,94.19,1,0,0,0.3835,11,22.361,17.062,16.334,12.991,0.0,0.0
222,GLN,96.56,1,0,0,0.1298,17,17.823,12.53,12.53,13.703,5.346,5.346
223,VAL,94.44,1,0,0,0.0,19,18.739,13.254,12.259,8.919,5.495,5.495
224,TYR,91.69,1,0,0,0.304,14,23.99,18.491,16.053,9.504,0.0,0.0
225,LEU,95.0,1,0,0,0.5259,11,22.994,17.762,17.762,14.543,5.469,5.469
226,LEU,95.75,1,0,0,0.0,23,19.978,14.878,14.878,13.14,7.265,7.265
227,PRO,94.56,1,0,0,0.2526,13,25.28,20.201,17.776,13.525,7.56,7.56
228,ASP,94.62,1,0,0,0.5005,9,26.742,21.756,21.756,17.333,8.91,8.91
229,PHE,96.38,1,0,0,0.1752,14,22.134,17.511,17.511,18.088,10.368,10.368
230,LEU,96.44,1,0,0,0.0213,19,22.618,18.215,18.215,17.48,11.921,11.921
231,SER,93.94,1,0,0,0.526,10,27.995,23.493,23.493,20.169,13.413,13.413
232,GLU,96.0,1,0,0,0.6451,7,26.758,22.666,22.666,23.182,15.331,15.331
233,HIS,96.69,1,0,0,0.2226,15,22.6,18.953,18.953,22.49,11.433,11.433
234,SER,95.25,0,0,1,0.5122,11,26.903,23.422,23.043,24.297,16.151,16.151
235,LYS,97.38,0,0,1,0.543,14,23.532,20.957,20.957,26.202,11.902,11.902
236,VAL,98.5,0,0,1,0.0111,22,19.556,16.144,16.144,20.769,10.07,10.07
237,ARG,98.31,0,0,1,0.2489,22,19.651,17.302,16.282,20.865,12.095,12.095
238,LEU,98.81,0,1,0,0.0,25,14.522,12.173,12.173,17.766,9.225,9.225
239,VAL,98.75,0,1,0,0.0,26,15.157,10.865,10.865,15.363,11.514,11.514
240,ILE,98.75,0,1,0,0.0,28,9.287,5.773,5.773,15.632,9.326,9.326
241,VAL,98.19,0,1,0,0.0,27,11.211,6.068,6.068,12.025,11.74,11.74
242,ASP,97.75,0,0,1,0.0228,25,5.511,0.0,0.0,13.726,6.365,6.365
243,GLY,95.69,0,0,1,0.0104,25,8.034,4.893,0.0,9.221,6.895,6.895
244,ILE,95.25,0,0,1,0.0,28,10.529,8.084,4.9,7.093,8.589,8.589
245,ALA,93.38,0,0,1,0.0125,21,10.735,10.845,5.099,3.815,5.099,5.099
246,PHE,92.56,0,0,1,0.2917,23,11.669,8.88,4.685,6.147,7.034,6.147
247,PRO,92.31,0,0,1,0.0345,22,15.546,11.241,7.795,7.258,11.203,7.258
248,PHE,90.44,0,0,1,0.0146,22,16.754,14.244,9.803,5.892,10.774,5.892
249,ARG,83.19,0,0,1,0.3773,12,15.808,14.924,9.107,0.0,9.107,0.0
250,HIS,74.44,0,0,1,0.6593,8,20.007,17.499,12.784,4.526,13.294,4.526
251,ASP,71.75,0,0,1,0.4902,10,22.684,19.015,15.203,7.888,14.307,7.888
252,LEU,77.81,0,0,1,0.1231,16,22.093,19.795,15.48,4.26,10.343,8.28
253,ASP,80.25,0,0,1,0.7856,6,26.057,25.291,19.821,8.537,13.93,11.61
254,ASP,87.94,0,0,1,0.3674,9,26.842,25.466,19.449,6.306,9.16,9.16
255,LEU,85.25,1,0,0,0.6188,8,22.997,24.262,16.674,5.351,9.859,9.859
256,SER,87.0,1,0,0,0.4313,8,26.796,26.606,17.101,6.593,6.593,6.593
257,LEU,88.56,1,0,0,0.259,13,26.133,23.661,16.833,5.31,5.665,5.665
258,ARG,90.25,1,0,0,0.2039,16,20.976,19.878,13.603,0.0,7.352,7.352
259,THR,88.31,1,0,0,0.2977,16,21.782,21.978,11.425,5.281,5.473,5.473
260,ARG,88.31,1,0,0,0.2603,17,25.465,23.048,13.108,0.0,0.0,0.0
261,LEU,91.38,1,0,0,0.0834,20,22.176,18.51,12.026,5.249,5.249,5.249
262,LEU,92.38,1,0,0,0.0256,21,18.263,16.507,7.506,0.0,7.318,7.318
263,ASN,90.81,1,0,0,0.3366,16,22.182,20.516,7.837,0.0,5.804,5.804
264,GLY,89.81,1,0,0,0.0745,21,22.614,19.167,9.138,0.0,7.008,7.008
265,LEU,92.06,1,0,0,0.0,23,18.23,14.419,7.772,4.831,9.158,9.158
266,ALA,92.44,1,0,0,0.0542,21,18.268,16.288,3.401,5.59,7.271,10.751
267,GLN,92.25,1,0,0,0.4205,14,22.997,20.117,8.371,4.585,10.033,10.804
268,GLN,92.44,1,0,0,0.1592,17,21.367,17.035,10.244,5.785,6.695,6.695
269,MET,94.25,1,0,0,0.0018,22,16.715,13.498,6.969,8.691,10.182,11.14
270,ILE,93.69,1,0,0,0.2786,19,20.43,18.4,7.528,9.557,8.687,14.022
271,SER,93.06,1,0,0,0.2817,16,23.712,20.155,11.89,9.534,10.738,10.738
272,LEU,93.88,1,0,0,0.0153,20,20.189,16.008,12.31,11.732,10.297,10.297
273,ALA,95.44,1,0,0,0.0052,20,18.975,16.664,8.356,13.996,6.004,15.233
274,ASN,91.88,0,0,1,0.3403,14,24.046,21.708,10.604,14.984,8.828,16.454
275,ASN,91.62,0,0,1,0.5657,13,25.924,22.166,15.166,15.166,12.901,13.681
276,HIS,93.12,0,0,1,0.2138,19,23.342,19.272,15.654,17.291,12.553,14.277
277,ARG,93.75,0,1,0,0.6105,14,24.315,21.746,14.499,20.957,10.641,18.706
278,LEU,97.44,0,1,0,0.0,25,19.34,16.015,13.255,18.036,9.656,13.883
279,ALA,98.25,0,1,0,0.0,26,15.397,14.067,10.336,14.301,6.604,14.277
280,VAL,98.38,0,1,0,0.0,30,14.557,12.001,8.778,12.684,7.26,14.629
281,ILE,98.5,0,1,0,0.0007,30,9.351,8.11,7.096,11.542,9.871,12.342
282,LEU,98.0,0,1,0,0.002,28,9.802,8.473,6.032,9.377,11.101,11.134
283,THR,97.94,0,1,0,0.012,26,4.212,4.969,0.0,10.491,7.837,7.837
284,ASN,96.06,0,1,0,0.0014,27,7.333,9.852,5.658,5.703,5.69,5.69
285,GLN,94.44,0,1,0,0.1305,18,6.727,10.784,0.0,4.917,0.0,0.0
286,MET,93.31,0,1,0,0.1645,19,4.814,15.142,4.814,5.717,5.58,5.58
287,THR,92.25,0,1,0,0.3707,14,10.213,17.342,6.839,0.0,0.0,6.839
288,THR,90.94,0,1,0,0.4364,9,12.53,21.931,11.183,0.0,5.505,11.183
289,LYS,87.88,0,1,0,0.4318,13,14.315,23.284,13.259,0.0,6.899,13.259
290,ILE,87.44,0,1,0,0.7212,8,18.353,27.465,16.809,5.995,10.155,16.809
291,ASP,85.56,0,0,1,0.3931,7,19.635,29.282,19.273,6.067,12.239,19.273
292,ARG,76.19,0,0,1,0.8391,4,24.189,34.139,23.921,10.883,16.615,23.921
293,ASN,82.69,0,0,1,0.7381,7,23.689,34.473,23.689,12.337,17.706,23.917
294,GLN,84.5,0,0,1,0.5233,9,18.788,30.01,18.788,8.585,14.151,19.876
295,ALA,87.56,0,0,1,0.6043,8,15.716,26.487,15.716,5.194,10.478,15.933
296,LEU,89.44,0,0,1,0.4661,10,13.569,24.544,13.569,4.947,9.629,14.786
297,LEU,90.06,0,0,1,0.6173,13,8.327,20.048,8.327,6.308,7.704,10.559
298,VAL,92.12,0,0,1,0.2479,14,10.342,19.615,10.342,4.77,6.127,10.45
299,PRO,93.75,0,0,1,0.1471,24,7.792,14.914,7.792,5.668,7.489,7.852
300,ALA,92.62,0,0,1,0.0798,17,9.53,13.726,4.917,0.0,4.588,4.917
301,LEU,91.56,0,0,1,0.085,22,13.04,14.703,7.978,0.0,8.727,9.152
302,GLY,87.38,0,0,1,0.4569,14,14.383,19.065,10.17,0.0,4.814,11.684
303,GLU,84.38,0,0,1,0.5923,9,17.209,22.685,8.557,4.814,0.0,15.018
304,SER,84.31,0,0,1,0.336,13,19.081,21.194,7.134,0.0,5.621,9.564
305,TRP,90.31,0,0,1,0.009,21,14.399,16.188,5.122,3.625,7.28,11.921
306,GLY,83.25,0,0,1,0.1513,15,14.66,18.591,4.772,6.756,4.772,14.278
307,HIS,82.44,0,0,1,0.682,11,18.963,20.94,0.0,7.134,0.0,14.067
308,ALA,84.81,0,0,1,0.0463,22,16.0,15.515,0.0,7.506,5.691,13.108
309,ALA,89.81,0,0,1,0.0,25,13.143,14.466,0.0,5.055,7.869,13.911
310,THR,94.31,0,0,1,0.2752,18,17.449,18.311,0.0,8.345,4.39,19.587
311,ILE,97.06,0,1,0,0.035,23,14.11,16.533,4.866,5.825,5.981,17.615
312,ARG,97.25,0,1,0,0.0793,20,10.472,15.916,3.68,0.0,10.723,13.437
313,LEU,97.69,0,1,0,0.0047,26,8.599,13.946,8.541,5.899,12.284,11.665
314,ILE,97.5,0,1,0,0.1421,22,6.028,16.497,6.028,6.885,11.668,11.342
315,PHE,97.81,0,1,0,0.0046,21,4.707,13.254,3.951,10.734,9.745,6.687
316,HIS,96.56,0,1,0,0.2909,16,6.318,18.181,6.144,12.871,11.388,7.666
317,TRP,94.38,0,1,0,0.3967,12,9.563,19.682,6.214,16.359,10.56,6.214
318,ASP,92.88,0,0,1,0.3453,10,12.945,23.941,8.266,18.46,16.108,8.266
319,ARG,89.06,0,0,1,0.8323,5,16.414,26.637,10.362,21.121,17.322,10.362
320,LYS,89.56,0,0,1,0.7983,5,14.506,25.154,8.891,23.333,15.046,8.891
321,GLN,93.44,0,1,0,0.4123,12,12.769,23.359,5.741,20.439,13.749,5.741
322,ARG,95.75,0,1,0,0.1901,19,7.116,17.648,0.0,16.776,9.862,0.0
323,LEU,97.06,0,1,0,0.117,16,10.613,20.396,5.779,14.33,14.529,5.779
324,ALA,97.75,0,1,0,0.0,26,9.649,16.791,7.308,10.91,11.945,7.308
325,THR,97.44,0,1,0,0.0977,17,9.839,19.794,9.839,9.037,16.022,10.893
326,LEU,97.75,0,1,0,0.0095,20,13.303,19.936,5.694,7.619,13.091,14.301
327,TYR,95.0,0,0,1,0.4728,16,10.428,19.043,4.929,4.623,13.771,14.881
328,LYS,94.81,0,0,1,0.2912,19,13.721,19.42,0.0,3.68,9.921,16.78
329,SER,95.38,0,0,1,0.1798,19,16.958,21.453,0.0,7.777,9.562,19.654
330,PRO,93.06,0,0,1,0.6094,8,21.189,23.968,0.0,10.922,8.659,24.041
331,SER,90.19,0,0,1,0.5692,11,22.471,25.359,5.008,13.214,9.979,24.127
332,GLN,94.44,0,0,1,0.2943,15,18.889,23.535,3.905,11.038,11.599,19.508
333,LYS,94.69,0,0,1,0.7784,7,20.411,27.474,0.0,13.485,16.829,20.526
334,GLU,95.62,0,0,1,0.5549,11,16.025,24.677,5.391,10.14,17.058,17.636
335,CYS,96.0,0,0,1,0.3124,16,16.692,24.296,5.758,12.511,17.259,14.996
336,THR,96.88,0,0,1,0.3784,16,13.409,23.092,10.769,13.06,18.479,10.869
337,VAL,96.56,0,1,0,0.1088,21,14.067,21.77,9.705,14.571,15.75,9.705
338,LEU,96.69,0,1,0,0.2357,16,13.477,23.142,7.171,18.471,13.253,7.171
339,PHE,96.44,0,1,0,0.0162,25,8.926,17.985,5.421,16.238,9.917,5.421
340,GLN,96.25,0,1,0,0.1953,13,10.382,20.45,5.673,21.463,6.037,6.492
341,ILE,96.19,0,1,0,0.2101,16,6.155,15.542,0.0,20.225,5.314,5.314
342,LYS,96.19,0,0,1,0.3308,12,12.003,20.187,5.953,24.843,0.0,10.029
343,PRO,95.44,0,0,1,0.6091,10,14.22,20.637,8.836,28.277,5.158,11.316
344,GLN,95.31,0,0,1,0.3817,15,14.652,20.627,9.424,26.4,4.85,11.597
345,GLY,95.56,0,0,1,0.0052,22,10.125,16.094,5.946,22.021,5.18,6.968
346,PHE,94.5,0,0,1,0.0026,24,8.379,15.104,6.138,17.675,6.821,6.821
347,ARG,95.81,0,0,1,0.1652,19,12.646,20.597,7.787,22.335,5.112,10.981
348,ASP,93.0,0,0,1,0.2572,17,15.306,23.559,11.572,21.613,9.941,11.673
349,THR,88.31,0,0,1,0.1985,14,13.939,23.874,8.227,21.512,10.237,8.227
350,VAL,76.06,0,0,1,0.7278,7,18.756,28.454,13.643,27.013,11.092,13.643
351,VAL,60.28,0,0,1,0.4919,12,19.271,28.967,13.025,24.113,15.302,13.025
352,THR,36.16,0,0,1,0.7111,6,22.931,33.234,16.555,29.694,17.017,16.555
353,SER,26.17,0,0,1,0.7567,5,25.753,35.461,19.297,29.495,20.889,19.297
354,ALA,26.97,0,0,1,0.6398,5,24.619,34.877,17.621,28.814,21.434,17.621
355,CYS,26.81,0,0,1,0.6144,7,22.49,32.351,15.474,24.867,21.776,15.474
356,SER,26.81,0,0,1,0.7092,6,24.396,33.626,15.544,24.047,24.265,18.359
357,LEU,31.27,0,0,1,0.7079,7,19.674,30.22,14.925,20.637,23.307,14.925
358,GLN,26.58,0,0,1,0.6863,6,24.106,34.492,13.827,22.758,28.395,20.491
359,THR,28.33,0,0,1,0.8072,8,18.96,29.989,11.887,17.787,24.109,17.48
360,GLU,25.88,0,0,1,0.7143,5,25.003,36.088,14.746,23.059,28.165,23.363
361,GLY,26.95,0,0,1,0.7138,6,23.671,35.382,16.439,22.303,25.54,23.572
362,SER,29.23,0,0,1,0.6615,6,23.289,35.586,20.101,21.283,25.174,23.499
363,LEU,26.88,0,0,1,0.9156,4,22.805,34.736,19.558,17.785,21.449,25.444
364,SER,29.34,0,0,1,0.5606,6,22.686,35.2,22.686,18.714,22.923,24.2
365,THR,27.41,0,0,1,0.7244,5,26.412,38.584,25.985,19.115,24.44,29.437
366,ARG,28.17,0,0,1,0.8472,7,24.222,36.48,24.222,17.217,22.018,26.789
367,LYS,28.98,0,0,1,0.8222,6,29.913,42.127,29.913,21.908,27.325,32.455
368,ARG,30.42,0,0,1,0.8002,6,29.826,41.644,29.826,20.737,25.901,31.383
369,SER,32.44,0,1,0,0.6783,6,33.573,45.742,33.573,25.558,30.79,35.783
370,ARG,33.19,0,1,0,0.8427,5,36.596,48.367,36.596,27.117,32.333,38.024
371,ASP,38.25,0,1,0,0.7039,6,38.116,49.807,38.116,28.779,34.189,39.488
372,PRO,33.97,0,1,0,0.7651,6,42.475,54.328,42.475,33.198,38.459,44.007
373,GLU,35.22,0,0,1,0.7685,5,43.83,55.332,43.83,34.095,39.501,44.916
374,GLU,37.09,0,0,1,0.7973,5,44.822,55.782,44.822,34.088,39.341,45.131
375,GLU,32.69,0,0,1,0.7956,4,49.391,60.637,49.391,38.879,44.044,50.0
376,LEU,45.25,0,0,1,1.0,3,51.02,61.844,50.92,40.145,45.354,51.174
