model,split,alpha,epoch,huber_all,mae_all,rmse_all,spearman_all,subset_spearman,spearman_missense,huber_missense,mae_missense,spearman_synonymous,huber_synonymous,mae_synonymous,spearman_indel,huber_indel,mae_indel,huber_subset_pooled,mae_subset_pooled
R0_struct_mean,train,0.0,1,1.4076770226188202,1.830201851747149,2.852316884708492,0.6575677561567485,0.7996262830977943,0.6492575275114909,1.5561116450764088,1.9842037345719132,0.24203490779195985,0.7490580687954903,1.1440541750531101,0.9499950386840976,1.2908233811965835,1.7164761279020824,1.5365746143354768,1.9644870595663646
R0_struct_mean,train,0.1,1,1.4067197197486234,1.8292624865112492,2.8510984312068306,0.6575790130424082,0.7996429466005006,0.6492908545169037,1.5551774347963114,1.9833693615230803,0.2421132191875766,0.7477487958118252,1.1424037558434799,0.9499950386840976,1.290510956283957,1.716105705164571,1.5356861951494172,1.9636868539223087
R0_struct_mean,train,0.25,1,1.4053273449159698,1.8279089859934934,2.8493074415570847,0.6576073681784242,0.799652289414026,0.6493424935489382,1.553824367932801,1.9821797240618586,0.24292181263618934,0.7458209881716827,1.1399744135866103,0.9499620852791137,1.2900470388672205,1.7155500420809715,1.534398609283147,1.9625439052091058
R0_struct_mean,train,0.5,1,1.403123024005759,1.8257550416966584,2.846420560971513,0.6574987121567684,0.7996732355248035,0.6493909764514901,1.5516977996257966,1.980312276232836,0.2435034318006454,0.7427053043017685,1.1359883891564497,0.949955494598117,1.2892866172899091,1.7146610500492319,1.532372650216311,1.9607485153019468
R0_struct_mean,train,1.0,1,1.3991514807062198,1.821829661517036,2.841015945527205,0.6571653745486301,0.7997607323895588,0.6495659701810006,1.5479275371910561,1.9769656377798248,0.24368924090175498,0.7368409619077657,1.1284730643800174,0.949955494598117,1.287813290627106,1.7129960351700955,1.5287715445476107,1.9575257192344864
R0_struct_mean,val,0.0,1,1.8651834057535317,2.288811454114045,3.723445201862802,0.6880769831744636,0.7663577892830371,0.6951061861272892,2.109415560568046,2.5352921904936827,0.22140171201837655,0.766419215493513,1.1744202834783335,0.8376093924387848,2.052201986148609,2.494296662762219,2.1053006146900226,2.5323436878076024
R0_struct_mean,val,0.1,1,1.8655477950511035,2.289134554522989,3.7246493047192164,0.6880420077669526,0.7663425166980291,0.6950756409572733,2.1102874217157748,2.536177903556593,0.22140171201837655,0.764665595094263,1.1724149830644692,0.8376093924387848,2.0524535277662292,2.4944346523864076,2.1061278608784626,2.53317562269788
R0_struct_mean,val,0.25,1,1.8661342010053241,2.289623156063914,3.726482913545009,0.6886671076242232,0.766313798677325,0.695018204915865,2.1116399646730923,2.537511655152254,0.2209330371319398,0.7620657919918397,1.169407033581301,0.8376093924387848,2.0528349933718206,2.4946417034480746,2.1074105614813,2.5344283391237377
R0_struct_mean,val,0.5,1,1.8672181380780668,2.290524438822078,3.7296118833707923,0.6893868148181177,0.7662668886047777,0.6949243847707706,2.1140140042287765,2.5398112397864683,0.22334945180616558,0.7578145607281213,1.1645529879418042,0.8376093924387848,2.0534823502735473,2.4949868578985646,2.1096604136261874,2.536587356165208
R0_struct_mean,val,1.0,1,1.8697875211089168,2.2928315303041686,3.7361426672593945,0.6898912468871066,0.7662909990315654,0.6949726056243458,2.119212743824536,2.5449914429358875,0.22469460959710744,0.7496229397883318,1.1551905989296563,0.8376093924387848,2.054819817387227,2.4956770260981953,2.114581440678284,2.541444624574117
R1_seq_query,train,0.0,1,1.4076770226188202,1.830201851747149,2.852316884708492,0.6575677561567485,0.7996262830977943,0.6492575275114909,1.5561116450764088,1.9842037345719132,0.24203490779195985,0.7490580687954903,1.1440541750531101,0.9499950386840976,1.2908233811965835,1.7164761279020824,1.5365746143354768,1.9644870595663646
R1_seq_query,train,0.1,1,1.4067331627770499,1.8292638460027157,2.85114086156345,0.6575829479479982,0.7996444216439952,0.6492938046038927,1.5552189558734468,1.9834018872795716,0.24220007577284955,0.7476154738496317,1.1422375122562387,0.9499950386840976,1.2905612379070412,1.716160434189003,1.5357283613928825,1.963721014828135
R1_seq_query,train,0.25,1,1.405356924602596,1.8279088250247937,2.8494097767540536,0.6576103146954063,0.7996662341470373,0.649340358801531,1.5539214408340651,1.9822545287488262,0.24293265995456578,0.7454955057446605,1.139567855503447,0.9499921094925435,1.2901712095221347,1.7156868999406445,1.5344976777858683,1.9626232797731007
R1_seq_query,train,0.5,1,1.4031687891669453,1.825742532437921,2.8466126387025863,0.6575349819296203,0.7996980255642188,0.6494405565303205,1.5518695353527776,1.9804450973553613,0.2437684887565121,0.7420805699633232,1.13518699465227,0.949955494598117,1.28952967065793,1.7149169146981282,1.5325496380977788,1.9608903979077132
R1_seq_query,train,1.0,1,1.3991895157674816,1.82177795866173,2.8413496134584655,0.6571976435461304,0.799809311850551,0.6496052775697911,1.5481812288748251,1.9771542050675646,0.2440132167452058,0.7356973650795782,1.1270860853989917,0.9500133461313109,1.2882788005563506,1.7134705066369604,1.5290408354874974,1.9577353418024517
R1_seq_query,val,0.0,1,1.8651834057535317,2.288811454114045,3.723445201862802,0.6880769831744636,0.7663577892830371,0.6951061861272892,2.109415560568046,2.5352921904936827,0.22140171201837655,0.766419215493513,1.1744202834783335,0.8376093924387848,2.052201986148609,2.494296662762219,2.1053006146900226,2.5323436878076024
R1_seq_query,val,0.1,1,1.8654624420994024,2.2890452694465,3.724531859418705,0.6880420077669526,0.7663425166980291,0.6950756409572733,2.110221845729132,2.5361125513586456,0.22140171201837655,0.7644853052844643,1.1722075053437082,0.8376093924387848,2.0524014378919277,2.494395664930948,2.1060632548473417,2.533112166719309
R1_seq_query,val,0.25,1,1.8659169705396463,2.2893999249605708,3.726186659291615,0.6886610707249838,0.766313798677325,0.695018204915865,2.111469523411736,2.537348245906791,0.2209330371319398,0.7616216103295466,1.168888333768091,0.8376093924387848,2.0527035846939485,2.4945443106047547,2.1072429275426834,2.5342696779459257
R1_seq_query,val,0.5,1,1.8667709375589627,2.2900645612641664,3.729010726582951,0.6894119100678622,0.7663317126847075,0.6950540329306301,2.1136515498265425,2.5394585232550466,0.22334945180616558,0.7569481940614633,1.1635508192258468,0.8376093924387848,2.053215219117788,2.4947919217675087,2.1093048151144327,2.5362459876017245
R1_seq_query,val,1.0,1,1.8688419487108077,2.2918569915086784,3.73490599038309,0.689913569374991,0.7663175125569043,0.6950256326750237,2.1184010038873424,2.544196927884395,0.22545544545171256,0.7479791207503337,1.1532591425758107,0.8376093924387848,2.0542688870627277,2.4952870458026655,2.1137884588321834,2.540679204691795
R2_multihead,train,0.0,1,1.4076770226188202,1.830201851747149,2.852316884708492,0.6575677561567485,0.7996262830977943,0.6492575275114909,1.5561116450764088,1.9842037345719132,0.24203490779195985,0.7490580687954903,1.1440541750531101,0.9499950386840976,1.2908233811965835,1.7164761279020824,1.5365746143354768,1.9644870595663646
R2_multihead,train,0.1,1,1.4063456382663948,1.8288683165582436,2.850708621394033,0.6576204841311801,0.7996683188039191,0.6493379374342978,1.5547959543309664,1.982988494766234,0.24279718553225316,0.74736394768936,1.1419201563548218,0.9499987001735403,1.2902585568222673,1.7157818549943824,1.5353142207945185,1.963310186125454
R2_multihead,train,0.25,1,1.4044070257108887,1.826942762952319,2.8483472674984434,0.6576970716450247,0.7996977240132364,0.6494399534283558,1.5528848131154644,1.981245050142459,0.24349270153966154,0.7448793431508176,1.1387929312064233,0.949955494598117,1.28942535236612,1.7147590182908277,1.5334824637300386,1.961619810336627
R2_multihead,train,0.5,1,1.4013320857663762,1.8238629511587232,2.844548128438624,0.6577133924892324,0.799826976264824,0.6496655045265471,1.5498658132265994,1.978480881672633,0.2438427031433896,0.7408909605485683,1.133658348713023,0.9499884480031009,1.2880742128789993,1.7131693238315833,1.530586292644318,1.958942135458766
R2_multihead,train,1.0,1,1.395770203840574,1.8182686392789535,2.8374640934348077,0.6574741127362053,0.7999846903998047,0.6499714129239575,1.5444538909775716,1.9734685463333679,0.24544462637756473,0.7334911809006891,1.1243226989133777,0.9499979678756518,1.2855102041622906,1.7101970121447423,1.525384103662094,1.9540800367120539
R2_multihead,val,0.0,1,1.8651834057535317,2.288811454114045,3.723445201862802,0.6880769831744636,0.7663577892830371,0.6951061861272892,2.109415560568046,2.5352921904936827,0.22140171201837655,0.766419215493513,1.1744202834783335,0.8376093924387848,2.052201986148609,2.494296662762219,2.1053006146900226,2.5323436878076024
R2_multihead,val,0.1,1,1.8655130149056378,2.289083105361645,3.724867966004705,0.6881540238362663,0.7663347711737727,0.6950601499087605,2.1103401400511403,2.5362309302943133,0.22178212994567906,0.7642187750233898,1.1719036839884152,0.8376093924387848,2.0525416481510814,2.4944322985760605,2.106183125419324,2.5332246663256424
R2_multihead,val,0.25,1,1.8660580838521899,2.289497804162472,3.7270401255587027,0.6887639787980618,0.7663162017758762,0.6950230111129676,2.1117809098028877,2.5376441588814065,0.2209330371319398,0.7609671370399924,1.1681472767446868,0.8376093924387848,2.053064879686976,2.4946358679241025,2.107557903487497,2.534550893141739
R2_multihead,val,0.5,1,1.8671023600004695,2.290290609248641,3.7307616247174513,0.6891068536158987,0.7662679809223011,0.6949265694058173,2.1143266687831384,2.540076583183398,0.2220955943177764,0.7556794184334119,1.1621261879922957,0.8376093924387848,2.0539737748932407,2.4949750332540357,2.1099859350593837,2.536832764931217
R2_multihead,val,1.0,1,1.8697047908841604,2.2925199982264535,3.738582721930366,0.6898403719717155,0.7662213091735772,0.6948332259083695,2.1199640426917954,2.545709955487669,0.22560761262263354,0.7456035693601527,1.1504098736012396,0.8376093924387848,2.055936233920124,2.49565342839008,2.1153589997372633,2.542109762667372
