model,alpha,point_gain_subset,ci95_lo,ci95_hi,p_gain_le_0,n_valid_replicates,n_failed_replicates
R0_struct_mean,0.1,-1.5272585007997108e-05,-0.0001243382216996103,6.86226368696585e-05,0.577,2000,0
R0_struct_mean,0.25,-4.399060571214086e-05,-0.0001952972930971769,6.208880865619099e-05,0.7515,2000,0
R0_struct_mean,0.5,-9.090067825945347e-05,-0.00035737893056355383,0.00019871507013458618,0.7675,2000,0
R0_struct_mean,1.0,-6.679025147171558e-05,-0.00038760122835830856,0.00027969543460679695,0.658,2000,0
R1_seq_query,0.1,-1.5272585007997108e-05,-0.0001243382216996103,6.86226368696585e-05,0.577,2000,0
R1_seq_query,0.25,-4.399060571214086e-05,-0.0001952972930971769,6.208880865619099e-05,0.7515,2000,0
R1_seq_query,0.5,-2.6076598329649592e-05,-0.0002660707467463608,0.00023876619973903194,0.596,2000,0
R1_seq_query,1.0,-4.027672613282629e-05,-0.0003483788987620279,0.0002981517925492419,0.602,2000,0
R2_multihead,0.1,-2.301810926441661e-05,-0.0001769997742264856,0.00010871513977480362,0.6085,2000,0
R2_multihead,0.25,-4.1587507160878445e-05,-0.0003589282732106014,0.0002754833678908885,0.597,2000,0
R2_multihead,0.5,-8.980836073602116e-05,-0.000494252820420027,0.0002973651127706947,0.66,2000,0
R2_multihead,1.0,-0.00013648010945987998,-0.0007076457181315138,0.00044818262066149376,0.6825,2000,0
