set,type,n,resid_mean,resid_median,resid_rms,huber,spearman_missense,spearman_indel
train_in_sample,indel,254,0.3241858071588733,0.203392317381485,2.4252988437882337,1.2908233445416575,,0.9499950386840976
train_in_sample,missense,3195,0.41564959281421826,0.188575324677765,3.0568834360199713,1.5561115559364929,0.6492585471781469,
train_in_sample,synonymous,675,-0.43848878934015073,-0.36500496763237694,1.8060924808806538,0.7490580717128444,,
train_in_sample,all,4124,0.27021428497943245,0.06214270539057351,2.852316698941364,1.4076769517790606,0.6492585471781469,0.9499950386840976
train_oof,indel,254,-0.17305820714433875,0.5482298635143241,5.262133330236047,3.202324108984987,,0.777524239977359
train_oof,missense,3195,-0.7450660470877353,0.057323011909604406,5.121809522351837,2.598640132255838,0.466182410280117,
train_oof,synonymous,675,-0.3055929300834914,-0.21410405099421054,1.872166207338186,0.7623330868645369,,
train_oof,all,4124,-0.6379044696572096,0.001297136880656996,4.754225530932762,2.3352619737810745,0.466182410280117,0.777524239977359
val,indel,52,-0.7943851790384614,-0.5086258199999995,3.813964354491105,2.052201924344625,,0.8376093924387848
val,missense,671,-0.7868401373512668,-0.2304463000000001,4.064901987902958,2.1094155766076628,0.6951061861272892,
val,synonymous,158,-0.5924366527974684,-0.461764985,1.531512791612154,0.7664192042919519,,
val,all,881,-0.7524208315717367,-0.32538447,3.723445233438523,1.8651834123130429,0.6951061861272892,0.8376093924387848
