split,var_id,type,pos
train,chr17_58692648_G_C,missense,2
train,chr17_58692655_G_C,missense,4
train,chr17_58692659_TTC_ATT,missense,6
train,chr17_58692672_T_C,missense,10
train,chr17_58692675_A_C,missense,11
train,chr17_58692683_TTG_GTC,missense,14
train,chr17_58692705_C_T,missense,21
train,chr17_58692721_G_T,missense,26
train,chr17_58692723_T_G,missense,27
train,chr17_58692728_TCT_CCC,missense,29
train,chr17_58692734_GGG_GTC,missense,31
train,chr17_58692743_ACT_CCC,missense,34
train,chr17_58692758_CTA_GCC,missense,39
train,chr17_58692769_A_T,missense,42
train,chr17_58692779_CTT_GCC,missense,46
train,chr17_58692785_AAA_CAG,missense,48
train,chr17_58694934_T_C,missense,50
train,chr17_58694942_T_A,missense,53
train,chr17_58694945_AAA_GCC,missense,54
train,chr17_58694952_A_C,missense,56
train,chr17_58694959_A_C,missense,58
train,chr17_58694966_CTG_CAA,missense,61
train,chr17_58694972_ATT_ACC,missense,63
train,chr17_58694976_T_A,missense,64
train,chr17_58694988_G_T,missense,68
train,chr17_58694993_ACA_CGG,missense,70
train,chr17_58694999_A_C,missense,72
train,chr17_58695009_A_T,missense,75
train,chr17_58695020_T_C,missense,79
train,chr17_58695029_C_T,missense,82
train,chr17_58695035_AAG_ACC,missense,84
train,chr17_58695038_T_A,missense,85
train,chr17_58695048_T_C,missense,88
train,chr17_58695056_CTT_CCC,missense,91
train,chr17_58695065_GAG_GGC,missense,94
train,chr17_58695068_CAT_AAC,missense,95
train,chr17_58695074_CAG_CCC,missense,97
train,chr17_58695083_ATA_CGG,missense,100
train,chr17_58695092_TTC_ATT,missense,103
train,chr17_58695101_GCA_GGC,missense,106
train,chr17_58695110_GAT_CAC,missense,109
train,chr17_58695113_ATT_ACC,missense,110
train,chr17_58695136_A_T,missense,117
train,chr17_58695147_C_A,missense,121
train,chr17_58695152_A_G,missense,123
train,chr17_58695167_G_T,missense,128
train,chr17_58695171_T_A,missense,129
train,chr17_58695184_A_T,missense,133
train,chr17_58695185_T_G,missense,134
train,chr17_58696695_T_A,missense,136
train,chr17_58696706_G_C,missense,140
train,chr17_58696721_C_G,missense,145
train,chr17_58696727_TGT_TAC,missense,147
train,chr17_58696730_TTT_TGC,missense,148
train,chr17_58696739_GTG_CTC,missense,151
train,chr17_58696745_GGT_GAC,missense,153
train,chr17_58696750_A_T,missense,154
train,chr17_58696754_G_A,missense,156
train,chr17_58696762_T_G,missense,158
train,chr17_58696766_ACA_AGC,missense,160
train,chr17_58696775_AGT_TGC,missense,163
train,chr17_58696779_T_G,missense,164
train,chr17_58696789_T_G,missense,167
train,chr17_58696796_G_T,missense,170
train,chr17_58696805_G_T,missense,173
train,chr17_58696809_C_G,missense,174
train,chr17_58696814_T_A,missense,176
train,chr17_58696827_T_G,missense,180
train,chr17_58696833_T_G,missense,182
train,chr17_58696835_A_C,missense,183
train,chr17_58696844_AAA_ATC,missense,186
train,chr17_58696847_CAC_GAT,missense,187
train,chr17_58703201_CGA_CTG,missense,193
train,chr17_58703207_GCT_CCC,missense,195
train,chr17_58703219_TTC_TAT,missense,199
train,chr17_58703222_A_T,missense,200
train,chr17_58703231_A_C,missense,203
train,chr17_58703234_ATT_AAC,missense,204
train,chr17_58703240_TCT_GCC,missense,206
train,chr17_58703249_TAT_AAC,missense,209
train,chr17_58703256_T_G,missense,211
train,chr17_58703261_TGT_GCC,missense,213
train,chr17_58703268_A_T,missense,215
train,chr17_58703274_C_A,missense,217
train,chr17_58703281_A_T,missense,219
train,chr17_58703294_T_G,missense,224
train,chr17_58703306_G_T,missense,228
train,chr17_58703309_T_A,missense,229
train,chr17_58703315_T_C,missense,231
train,chr17_58703322_A_C,missense,233
train,chr17_58703327_AAG_CAA,missense,235
train,chr17_58709859_GTT_ATC,missense,236
train,chr17_58709865_C_A,missense,238
train,chr17_58709874_G_C,missense,241
train,chr17_58709883_ATT_CTG,missense,244
train,chr17_58709889_TTT_TGC,missense,246
train,chr17_58709892_CCA_GCC,missense,247
train,chr17_58709898_CGT_CCC,missense,249
train,chr17_58709903_T_G,missense,250
train,chr17_58709907_CTA_GCC,missense,252
train,chr17_58709913_GAC_GGA,missense,254
train,chr17_58709916_C_G,missense,255
train,chr17_58709922_CTT_TTC,missense,257
train,chr17_58709928_ACT_ATC,missense,259
train,chr17_58709934_TTA_GCC,missense,261
train,chr17_58709940_AAT_ATC,missense,263
train,chr17_58709946_CTG_AGA,missense,265
train,chr17_58709952_CAG_GCC,missense,267
train,chr17_58709955_CAA_CGG,missense,268
train,chr17_58709964_AGC_CGG,missense,271
train,chr17_58709968_T_G,missense,272
train,chr17_58709976_AAT_ACC,missense,275
train,chr17_58720746_GTA_ATC,missense,280
train,chr17_58720755_A_G,missense,283
train,chr17_58720761_CAG_GAA,missense,285
train,chr17_58720765_T_A,missense,286
train,chr17_58720776_A_C,missense,290
train,chr17_58720779_GAT_GTG,missense,291
train,chr17_58720788_CAG_CCC,missense,294
train,chr17_58720797_C_G,missense,297
train,chr17_58724044_A_T,missense,303
train,chr17_58724054_CAT_TAC,missense,307
train,chr17_58724057_GCT_GGC,missense,308
train,chr17_58724064_C_T,missense,310
train,chr17_58724075_A_C,missense,314
train,chr17_58724094_A_C,missense,320
train,chr17_58724096_CAA_CCC,missense,321
train,chr17_58732488_GCA_GAG,missense,324
train,chr17_58732496_G_C,missense,326
train,chr17_58732509_AGC_ACA,missense,331
train,chr17_58732515_AAA_GCC,missense,333
train,chr17_58732519_A_T,missense,334
train,chr17_58732530_CTG_CCC,missense,338
train,chr17_58732537_A_C,missense,340
train,chr17_58732539_ATC_ACA,missense,341
train,chr17_58734124_G_C,missense,345
train,chr17_58734132_A_T,missense,347
train,chr17_58734136_ACT_AAC,missense,349
train,chr17_58734139_G_T,missense,350
train,chr17_58734151_GCA_CCC,missense,354
train,chr17_58734157_TCA_GCC,missense,356
train,chr17_58734166_ACA_ATC,missense,359
train,chr17_58734172_GGT_AGC,missense,361
train,chr17_58734176_C_G,missense,362
train,chr17_58734190_AAG_GAA,missense,367
train,chr17_58734196_TCA_CTG,missense,369
train,chr17_58734202_GAC_GGA,missense,371
train,chr17_58734208_GAG_GTC,missense,373
train,chr17_58734211_GAA_GCC,missense,374
train,chr17_58734217_TTA_GTG,missense,376
train,chr17_58692649_C_A,synonymous,2
train,chr17_58692655_G_A,synonymous,4
train,chr17_58692661_C_T,synonymous,6
train,chr17_58692683_TTG_CTC,synonymous,14
train,chr17_58692703_T_A,synonymous,20
train,chr17_58692706_G_T,synonymous,21
train,chr17_58692721_G_A,synonymous,26
train,chr17_58692724_G_T,synonymous,27
train,chr17_58692730_T_C,synonymous,29
train,chr17_58692733_G_A,synonymous,30
train,chr17_58692736_G_A,synonymous,31
train,chr17_58692745_T_C,synonymous,34
train,chr17_58692760_A_C,synonymous,39
train,chr17_58692763_G_A,synonymous,40
train,chr17_58692779_CTT_TTG,synonymous,46
train,chr17_58692782_AGC_TCA,synonymous,47
train,chr17_58694932_A_G,synonymous,49
train,chr17_58694941_A_T,synonymous,52
train,chr17_58694942_TCT_AGT,synonymous,53
train,chr17_58694950_A_C,synonymous,55
train,chr17_58694956_C_T,synonymous,57
train,chr17_58694957_T_C,synonymous,58
train,chr17_58694966_CTG_TTA,synonymous,61
train,chr17_58694971_A_G,synonymous,62
train,chr17_58694981_AGA_CGG,synonymous,66
train,chr17_58694983_A_G,synonymous,66
train,chr17_58694992_C_T,synonymous,69
train,chr17_58694995_A_G,synonymous,70
train,chr17_58695005_AGA_CGG,synonymous,74
train,chr17_58695016_T_A,synonymous,77
train,chr17_58695022_T_C,synonymous,79
train,chr17_58695026_TCA_AGT,synonymous,81
train,chr17_58695037_G_A,synonymous,84
train,chr17_58695043_A_G,synonymous,86
train,chr17_58695055_T_A,synonymous,90
train,chr17_58695055_T_G,synonymous,90
train,chr17_58695058_T_A,synonymous,91
train,chr17_58695073_C_T,synonymous,96
train,chr17_58695079_C_T,synonymous,98
train,chr17_58695091_C_G,synonymous,102
train,chr17_58695103_A_C,synonymous,106
train,chr17_58695115_T_A,synonymous,110
train,chr17_58695136_A_G,synonymous,117
train,chr17_58695145_A_C,synonymous,120
train,chr17_58695148_A_T,synonymous,121
train,chr17_58695163_A_G,synonymous,126
train,chr17_58695169_T_A,synonymous,128
train,chr17_58695175_A_T,synonymous,130
train,chr17_58695181_A_T,synonymous,132
train,chr17_58695185_T_C,synonymous,134
train,chr17_58696699_G_A,synonymous,137
train,chr17_58696714_G_C,synonymous,142
train,chr17_58696723_A_C,synonymous,145
train,chr17_58696735_A_C,synonymous,149
train,chr17_58696738_A_C,synonymous,150
train,chr17_58696744_A_C,synonymous,152
train,chr17_58696747_T_A,synonymous,153
train,chr17_58696756_T_A,synonymous,156
train,chr17_58696762_T_A,synonymous,158
train,chr17_58696771_G_A,synonymous,161
train,chr17_58696775_AGT_TCG,synonymous,163
train,chr17_58696786_T_A,synonymous,166
train,chr17_58696792_A_G,synonymous,168
train,chr17_58696798_A_G,synonymous,170
train,chr17_58696810_T_G,synonymous,174
train,chr17_58696813_C_T,synonymous,175
train,chr17_58696828_T_A,synonymous,180
train,chr17_58696831_G_A,synonymous,181
train,chr17_58696834_T_C,synonymous,182
train,chr17_58696846_A_G,synonymous,186
train,chr17_58703203_A_G,synonymous,193
train,chr17_58703209_T_A,synonymous,195
train,chr17_58703224_T_G,synonymous,200
train,chr17_58703233_T_C,synonymous,203
train,chr17_58703237_CTT_TTA,synonymous,205
train,chr17_58703240_TCT_AGT,synonymous,206
train,chr17_58703251_T_C,synonymous,209
train,chr17_58703260_C_G,synonymous,212
train,chr17_58703272_C_T,synonymous,216
train,chr17_58703278_G_A,synonymous,218
train,chr17_58703281_A_G,synonymous,219
train,chr17_58703296_T_C,synonymous,224
train,chr17_58703314_C_G,synonymous,230
train,chr17_58703317_A_T,synonymous,231
train,chr17_58703320_A_G,synonymous,232
train,chr17_58703326_A_C,synonymous,234
train,chr17_58709861_T_G,synonymous,236
train,chr17_58709864_A_G,synonymous,237
train,chr17_58709867_A_G,synonymous,238
train,chr17_58709876_G_C,synonymous,241
train,chr17_58709882_T_A,synonymous,243
train,chr17_58709888_T_C,synonymous,245
train,chr17_58709894_A_G,synonymous,247
train,chr17_58709900_T_G,synonymous,249
train,chr17_58709906_C_T,synonymous,251
train,chr17_58709909_A_T,synonymous,252
train,chr17_58709918_G_A,synonymous,255
train,chr17_58709921_T_G,synonymous,256
train,chr17_58709922_CTT_TTG,synonymous,257
train,chr17_58709927_T_A,synonymous,258
train,chr17_58709927_T_C,synonymous,258
train,chr17_58709933_G_T,synonymous,260
train,chr17_58709936_A_G,synonymous,261
train,chr17_58709937_TTA_CTG,synonymous,262
train,chr17_58709939_A_G,synonymous,262
train,chr17_58709946_C_T,synonymous,265
train,chr17_58709951_C_A,synonymous,266
train,chr17_58709963_C_A,synonymous,270
train,chr17_58709964_AGC_TCT,synonymous,271
train,chr17_58709969_T_G,synonymous,272
train,chr17_58709978_T_C,synonymous,275
train,chr17_58709987_A_G,synonymous,278
train,chr17_58720754_A_G,synonymous,282
train,chr17_58720752_TTA_CTG,synonymous,282
train,chr17_58720769_A_C,synonymous,287
train,chr17_58720781_T_C,synonymous,291
train,chr17_58720796_G_A,synonymous,296
train,chr17_58720799_T_C,synonymous,297
train,chr17_58720811_A_G,synonymous,301
train,chr17_58724044_A_G,synonymous,303
train,chr17_58724059_T_C,synonymous,308
train,chr17_58724062_T_C,synonymous,309
train,chr17_58724074_A_C,synonymous,313
train,chr17_58724077_C_A,synonymous,314
train,chr17_58732487_G_A,synonymous,323
train,chr17_58732490_A_C,synonymous,324
train,chr17_58732493_A_G,synonymous,325
train,chr17_58732494_TTG_CTT,synonymous,326
train,chr17_58732511_C_T,synonymous,331
train,chr17_58732526_A_C,synonymous,336
train,chr17_58732530_C_T,synonymous,338
train,chr17_58732541_C_T,synonymous,341
train,chr17_58734120_T_C,synonymous,343
train,chr17_58734130_A_C,synonymous,347
train,chr17_58734130_AGA_CGC,synonymous,347
train,chr17_58734141_T_G,synonymous,350
train,chr17_58734150_T_G,synonymous,353
train,chr17_58734153_A_G,synonymous,354
train,chr17_58734157_TCA_AGC,synonymous,356
train,chr17_58734168_A_T,synonymous,359
train,chr17_58734174_T_A,synonymous,361
train,chr17_58734177_C_G,synonymous,362
train,chr17_58734186_C_T,synonymous,365
train,chr17_58734187_C_A,synonymous,366
train,chr17_58734195_A_T,synonymous,368
train,chr17_58734198_A_T,synonymous,369
train,chr17_58734201_A_C,synonymous,370
train,chr17_58734207_A_G,synonymous,372
train,chr17_58734216_A_G,synonymous,375
train,chr17_58734217_TTA_CTT,synonymous,376
train,chr17_58692647_CGC_,indel,2
train,chr17_58692656_ACG_,indel,5
train,chr17_58692659_TTC_,indel,6
train,chr17_58692671_ATG_,indel,10
train,chr17_58692680_GAT_,indel,13
train,chr17_58692683_TTG_,indel,14
train,chr17_58692704_CCG_,indel,21
train,chr17_58692719_AAG_,indel,26
train,chr17_58692725_GTG_,indel,28
train,chr17_58692728_TCT_,indel,29
train,chr17_58692734_GGG_,indel,31
train,chr17_58692743_ACT_,indel,34
train,chr17_58692746_GCT_,indel,35
train,chr17_58692755_CTC_,indel,39
train,chr17_58692767_AAA_,indel,42
train,chr17_58692779_CTT_,indel,46
train,chr17_58692785_AAA_,indel,48
train,chr17_58694939_ATA_,indel,52
train,chr17_58694945_AAA_,indel,54
train,chr17_58694948_GCA_,indel,55
train,chr17_58694954_GCC_,indel,57
train,chr17_58694963_ACT_,indel,60
train,chr17_58694966_CTG_,indel,61
train,chr17_58694972_ATT_,indel,64
train,chr17_58694981_AGA_,indel,66
train,chr17_58694987_TGT_,indel,68
train,chr17_58694993_ACA_,indel,70
train,chr17_58695005_AGA_,indel,74
train,chr17_58695014_GGT_,indel,77
train,chr17_58695020_TCT_,indel,79
train,chr17_58695029_CAC_,indel,82
train,chr17_58695038_TGT_,indel,85
train,chr17_58695041_ACA_,indel,86
train,chr17_58695056_CTT_,indel,91
train,chr17_58695065_GAG_,indel,94
train,chr17_58695068_CAT_,indel,95
train,chr17_58695074_CAG_,indel,97
train,chr17_58695089_ACC_,indel,102
train,chr17_58695101_GCA_,indel,106
train,chr17_58695110_GAT_,indel,109
train,chr17_58695125_GGA_,indel,114
train,chr17_58695119_GGG_,indel,114
train,chr17_58695134_TTA_,indel,117
train,chr17_58695149_GAA_,indel,122
train,chr17_58695161_GCA_,indel,126
train,chr17_58695167_GGT_,indel,128
train,chr17_58695173_GGA_,indel,130
train,chr17_58695182_CAA_,indel,133
train,chr17_58696694_ATG_,indel,136
train,chr17_58696697_CAG_,indel,137
train,chr17_58696712_GTG_,indel,142
train,chr17_58696724_GAA_,indel,146
train,chr17_58696727_TGT_,indel,147
train,chr17_58696733_GGA_,indel,150
train,chr17_58696742_GCA_,indel,152
train,chr17_58696745_GGT_,indel,153
train,chr17_58696751_GCA_,indel,155
train,chr17_58696757_TTT_,indel,157
train,chr17_58696760_ATT_,indel,158
train,chr17_58696769_GAG_,indel,161
train,chr17_58696778_TTT_,indel,164
train,chr17_58696787_GAT_,indel,167
train,chr17_58696790_AGA_,indel,168
train,chr17_58696793_GTG_,indel,170
train,chr17_58696805_GCT_,indel,173
train,chr17_58696808_ACT_,indel,174
train,chr17_58696814_TGC_,indel,176
train,chr17_58696826_CTT_,indel,180
train,chr17_58696829_CAG_,indel,181
train,chr17_58696835_ATA_,indel,183
train,chr17_58696844_AAA_,indel,186
train,chr17_58696847_CAC_,indel,187
train,chr17_58696850_AAG_,indel,188
train,chr17_58703204_AAA_,indel,194
train,chr17_58703216_GAT_,indel,198
train,chr17_58703219_TTC_,indel,199
train,chr17_58703228_GAT_,indel,202
train,chr17_58703234_ATT_,indel,204
train,chr17_58703237_CTT_,indel,205
train,chr17_58703243_CAT_,indel,207
train,chr17_58703258_CGC_,indel,212
train,chr17_58703267_GAC_,indel,215
train,chr17_58703270_TAC_,indel,216
train,chr17_58703276_GAG_,indel,218
train,chr17_58703294_TAT_,indel,224
train,chr17_58703303_CCA_,indel,227
train,chr17_58703309_TTT_,indel,229
train,chr17_58703315_TCA_,indel,231
train,chr17_58703318_GAA_,indel,232
train,chr17_58703324_TCA_,indel,234
train,chr17_58709859_GTT_,indel,236
train,chr17_58709865_CTA_,indel,238
train,chr17_58709871_ATA_,indel,240
train,chr17_58709880_GGT_,indel,243
train,chr17_58709886_GCT_,indel,245
train,chr17_58709889_TTT_,indel,246
train,chr17_58709895_TTT_,indel,248
train,chr17_58709901_CAT_,indel,250
train,chr17_58709904_GAC_,indel,251
train,chr17_58709910_GAT_,indel,254
train,chr17_58709916_CTG_,indel,255
train,chr17_58709919_TCT_,indel,256
train,chr17_58709925_CGT_,indel,258
train,chr17_58709931_CGG_,indel,260
train,chr17_58709940_AAT_,indel,263
train,chr17_58709943_GGT_,indel,264
train,chr17_58709949_GCC_,indel,266
train,chr17_58709952_CAG_,indel,268
train,chr17_58709961_ATC_,indel,270
train,chr17_58709967_CTT_,indel,272
train,chr17_58709973_AAT_,indel,275
train,chr17_58709985_TTA_,indel,278
train,chr17_58720752_TTA_,indel,282
train,chr17_58720758_AAC_,indel,284
train,chr17_58720764_ATG_,indel,286
train,chr17_58720776_ATT_,indel,290
train,chr17_58720785_AAT_,indel,293
train,chr17_58720797_CTT_,indel,297
train,chr17_58720794_TTG_,indel,297
train,chr17_58724042_GAA_,indel,303
train,chr17_58724054_CAT_,indel,307
train,chr17_58724057_GCT_,indel,309
train,chr17_58724072_CTA_,indel,313
train,chr17_58724075_ATC_,indel,314
train,chr17_58724093_AAG_,indel,320
train,chr17_58724096_CAA_,indel,321
train,chr17_58732488_GCA_,indel,324
train,chr17_58732494_TTG_,indel,326
train,chr17_58732497_TAC_,indel,327
train,chr17_58732512_CAA_,indel,332
train,chr17_58732518_GAA_,indel,334
train,chr17_58732524_ACA_,indel,336
train,chr17_58732530_CTG_,indel,338
train,chr17_58732536_CAA_,indel,340
train,chr17_58734118_CCT_,indel,343
train,chr17_58734124_GGA_,indel,345
train,chr17_58734130_AGA_,indel,347
train,chr17_58734136_ACT_,indel,349
train,chr17_58734148_TCT_,indel,353
train,chr17_58734154_TGT_,indel,355
train,chr17_58734163_CAA_,indel,358
train,chr17_58734166_ACA_,indel,359
train,chr17_58734172_GGT_,indel,361
train,chr17_58734184_ACC_,indel,365
train,chr17_58734190_AAG_,indel,367
train,chr17_58734193_CGA_,indel,368
train,chr17_58734199_CGA_,indel,370
train,chr17_58734205_CCA_,indel,372
train,chr17_58734211_GAA_,indel,375
train,chr17_58734216_ATT_,indel,376
val,chr17_58692650_GGG_GAA,missense,3
val,chr17_58692650_GGG_GTC,missense,3
val,chr17_58692651_G_A,missense,3
val,chr17_58692663_G_A,missense,7
val,chr17_58692662_CGC_GCC,missense,7
val,chr17_58692663_G_C,missense,7
val,chr17_58692678_G_C,missense,12
val,chr17_58692678_G_A,missense,12
val,chr17_58692686_GTG_GGC,missense,15
val,chr17_58692687_T_A,missense,15
val,chr17_58692698_CTG_AGA,missense,19
val,chr17_58692698_C_A,missense,19
val,chr17_58692710_GTG_GCC,missense,23
val,chr17_58692710_G_A,missense,23
val,chr17_58692764_GTG_GAA,missense,41
val,chr17_58692764_G_C,missense,41
val,chr17_58692764_GTG_GCC,missense,41
val,chr17_58692773_TCC_GCT,missense,44
val,chr17_58692774_C_A,missense,44
val,chr17_58694979_G_T,missense,65
val,chr17_58694979_G_C,missense,65
val,chr17_58694978_AGA_ACC,missense,65
val,chr17_58694984_GAA_GTG,missense,67
val,chr17_58694985_A_T,missense,67
val,chr17_58694985_A_G,missense,67
val,chr17_58694997_A_G,missense,71
val,chr17_58694996_AAT_CAC,missense,71
val,chr17_58694996_A_C,missense,71
val,chr17_58695003_C_G,missense,73
val,chr17_58695002_CCA_CAG,missense,73
val,chr17_58695003_C_A,missense,73
val,chr17_58695012_C_A,missense,76
val,chr17_58695011_GCT_GTG,missense,76
val,chr17_58695023_GAG_GGC,missense,80
val,chr17_58695025_G_C,missense,80
val,chr17_58695023_G_C,missense,80
val,chr17_58695044_G_A,missense,87
val,chr17_58695044_GCG_GGC,missense,87
val,chr17_58695045_C_G,missense,87
val,chr17_58695052_A_T,missense,89
val,chr17_58695051_A_G,missense,89
val,chr17_58695061_G_T,missense,92
val,chr17_58695059_G_C,missense,92
val,chr17_58695060_A_T,missense,92
val,chr17_58695088_C_G,missense,101
val,chr17_58695087_T_A,missense,101
val,chr17_58695086_ATC_ACA,missense,101
val,chr17_58695098_TCA_CTG,missense,105
val,chr17_58695098_T_C,missense,105
val,chr17_58695122_G_T,missense,113
val,chr17_58695122_G_A,missense,113
val,chr17_58695123_G_T,missense,113
val,chr17_58695131_CCC_GCT,missense,116
val,chr17_58695131_C_A,missense,116
val,chr17_58695137_ATG_GCC,missense,118
val,chr17_58695138_T_A,missense,118
val,chr17_58695138_T_C,missense,118
val,chr17_58695137_ATG_CTC,missense,118
val,chr17_58695140_AAA_CAG,missense,119
val,chr17_58695140_AAA_GCC,missense,119
val,chr17_58695155_TGT_AGC,missense,124
val,chr17_58695156_G_C,missense,124
val,chr17_58695156_G_A,missense,124
val,chr17_58695158_GGT_TGC,missense,125
val,chr17_58695158_GGT_GAC,missense,125
val,chr17_58695158_G_A,missense,125
val,chr17_58695165_C_G,missense,127
val,chr17_58695164_CCA_GCC,missense,127
val,chr17_58695164_CCA_ACC,missense,127
val,chr17_58696718_ATA_GCC,missense,144
val,chr17_58696718_A_G,missense,144
val,chr17_58696718_ATA_CTG,missense,144
val,chr17_58696763_GAT_CAC,missense,159
val,chr17_58696763_G_A,missense,159
val,chr17_58696763_G_T,missense,159
val,chr17_58696793_G_T,missense,169
val,chr17_58696793_GTG_GCC,missense,169
val,chr17_58696803_T_A,missense,172
val,chr17_58696802_CTT_TTC,missense,172
val,chr17_58696802_CTT_GTG,missense,172
val,chr17_58696823_CAC_GCC,missense,179
val,chr17_58696825_C_A,missense,179
val,chr17_58696824_A_C,missense,179
val,chr17_58696853_GGA_GAG,missense,189
val,chr17_58696853_G_C,missense,189
val,chr17_58696856_GAG_GTC,missense,190
val,chr17_58696856_GAG_CAA,missense,190
val,chr17_58696858_G_T,missense,190
val,chr17_58703197_A_C,missense,191
val,chr17_58703226_T_G,missense,201
val,chr17_58703225_CTT_GCC,missense,201
val,chr17_58703226_T_A,missense,201
val,chr17_58703246_ATT_AAC,missense,208
val,chr17_58703246_A_T,missense,208
val,chr17_58703247_T_A,missense,208
val,chr17_58703282_CTG_CAA,missense,220
val,chr17_58703282_C_A,missense,220
val,chr17_58703282_CTG_AGA,missense,220
val,chr17_58703288_CAA_CCC,missense,222
val,chr17_58703288_CAA_CGG,missense,222
val,chr17_58703291_G_A,missense,223
val,chr17_58703291_G_T,missense,223
val,chr17_58703291_GTT_GGC,missense,223
val,chr17_58703297_CTT_ATC,missense,225
val,chr17_58703297_CTT_TTC,missense,225
val,chr17_58703297_C_A,missense,225
val,chr17_58703301_T_C,missense,226
val,chr17_58703300_CTT_CGG,missense,226
val,chr17_58703300_CTT_GTG,missense,226
val,chr17_58709979_CAC_CTG,missense,276
val,chr17_58709980_A_C,missense,276
val,chr17_58709979_CAC_CCT,missense,276
val,chr17_58709988_GCT_ACC,missense,279
val,chr17_58709988_GCT_CCC,missense,279
val,chr17_58709988_G_C,missense,279
val,chr17_58720791_G_A,missense,295
val,chr17_58720791_G_T,missense,295
val,chr17_58720792_C_T,missense,295
val,chr17_58720803_CCT_ACC,missense,299
val,chr17_58720804_C_A,missense,299
val,chr17_58720807_C_G,missense,300
val,chr17_58720807_C_A,missense,300
val,chr17_58720806_G_A,missense,300
val,chr17_58724045_AGT_GGC,missense,304
val,chr17_58724047_T_G,missense,304
val,chr17_58724045_AGT_GCC,missense,304
val,chr17_58724069_CGA_GCC,missense,312
val,chr17_58724069_CGA_GGC,missense,312
val,chr17_58732501_A_T,missense,328
val,chr17_58732501_A_G,missense,328
val,chr17_58732500_AAG_GCC,missense,328
val,chr17_58732506_CCC_ACA,missense,330
val,chr17_58732507_C_G,missense,330
val,chr17_58732507_C_A,missense,330
val,chr17_58732527_G_T,missense,337
val,chr17_58732528_T_C,missense,337
val,chr17_58732542_AAA_CAG,missense,342
val,chr17_58732542_A_G,missense,342
val,chr17_58732542_AAA_ATC,missense,342
val,chr17_58734121_CAG_AAA,missense,344
val,chr17_58734121_CAG_CTC,missense,344
val,chr17_58734122_A_T,missense,344
val,chr17_58734145_ACT_CCC,missense,352
val,chr17_58734146_C_T,missense,352
val,chr17_58734161_T_C,missense,357
val,chr17_58734160_TTG_GCC,missense,357
val,chr17_58734182_G_C,missense,364
val,chr17_58734181_A_G,missense,364
val,chr17_58734181_A_T,missense,364
val,chr17_58734182_G_T,missense,364
val,chr17_58692652_G_A,synonymous,3
val,chr17_58692652_G_C,synonymous,3
val,chr17_58692652_G_T,synonymous,3
val,chr17_58692662_CGC_AGG,synonymous,7
val,chr17_58692664_C_A,synonymous,7
val,chr17_58692664_C_G,synonymous,7
val,chr17_58692662_CGC_AGA,synonymous,7
val,chr17_58692664_C_T,synonymous,7
val,chr17_58692677_CGG_AGA,synonymous,12
val,chr17_58692677_C_A,synonymous,12
val,chr17_58692679_G_T,synonymous,12
val,chr17_58692679_G_C,synonymous,12
val,chr17_58692688_G_A,synonymous,15
val,chr17_58692688_G_T,synonymous,15
val,chr17_58692688_G_C,synonymous,15
val,chr17_58692698_CTG_TTA,synonymous,19
val,chr17_58692700_G_A,synonymous,19
val,chr17_58692700_G_C,synonymous,19
val,chr17_58692700_G_T,synonymous,19
val,chr17_58692698_C_T,synonymous,19
val,chr17_58692712_G_A,synonymous,23
val,chr17_58692712_G_C,synonymous,23
val,chr17_58692712_G_T,synonymous,23
val,chr17_58692766_G_T,synonymous,41
val,chr17_58692766_G_C,synonymous,41
val,chr17_58692766_G_A,synonymous,41
val,chr17_58692775_C_T,synonymous,44
val,chr17_58692775_C_G,synonymous,44
val,chr17_58692773_TCC_AGC,synonymous,44
val,chr17_58692773_TCC_AGT,synonymous,44
val,chr17_58694978_AGA_CGT,synonymous,65
val,chr17_58694980_A_G,synonymous,65
val,chr17_58694978_A_C,synonymous,65
val,chr17_58694978_AGA_CGC,synonymous,65
val,chr17_58694978_AGA_CGG,synonymous,65
val,chr17_58694986_A_G,synonymous,67
val,chr17_58694998_T_C,synonymous,71
val,chr17_58695004_A_C,synonymous,73
val,chr17_58695004_A_T,synonymous,73
val,chr17_58695004_A_G,synonymous,73
val,chr17_58695013_T_C,synonymous,76
val,chr17_58695013_T_G,synonymous,76
val,chr17_58695013_T_A,synonymous,76
val,chr17_58695025_G_A,synonymous,80
val,chr17_58695046_G_C,synonymous,87
val,chr17_58695046_G_T,synonymous,87
val,chr17_58695052_A_G,synonymous,89
val,chr17_58695088_C_A,synonymous,101
val,chr17_58695088_C_T,synonymous,101
val,chr17_58695100_A_T,synonymous,105
val,chr17_58695100_A_G,synonymous,105
val,chr17_58695100_A_C,synonymous,105
val,chr17_58695098_TCA_AGC,synonymous,105
val,chr17_58695098_TCA_AGT,synonymous,105
val,chr17_58695124_T_A,synonymous,113
val,chr17_58695124_T_G,synonymous,113
val,chr17_58695124_T_C,synonymous,113
val,chr17_58695133_C_G,synonymous,116
val,chr17_58695133_C_A,synonymous,116
val,chr17_58695133_C_T,synonymous,116
val,chr17_58695142_A_G,synonymous,119
val,chr17_58695157_T_C,synonymous,124
val,chr17_58695160_T_C,synonymous,125
val,chr17_58695160_T_A,synonymous,125
val,chr17_58695160_T_G,synonymous,125
val,chr17_58695166_A_G,synonymous,127
val,chr17_58695166_A_C,synonymous,127
val,chr17_58696720_A_C,synonymous,144
val,chr17_58696720_A_T,synonymous,144
val,chr17_58696765_T_C,synonymous,159
val,chr17_58696795_G_T,synonymous,169
val,chr17_58696795_G_A,synonymous,169
val,chr17_58696795_G_C,synonymous,169
val,chr17_58696804_T_A,synonymous,172
val,chr17_58696804_T_G,synonymous,172
val,chr17_58696802_CTT_TTA,synonymous,172
val,chr17_58696802_CTT_TTG,synonymous,172
val,chr17_58696804_T_C,synonymous,172
val,chr17_58696825_C_T,synonymous,179
val,chr17_58696855_A_C,synonymous,189
val,chr17_58696855_A_T,synonymous,189
val,chr17_58696855_A_G,synonymous,189
val,chr17_58696858_G_A,synonymous,190
val,chr17_58703197_A_G,synonymous,191
val,chr17_58703227_T_G,synonymous,201
val,chr17_58703225_CTT_TTG,synonymous,201
val,chr17_58703227_T_A,synonymous,201
val,chr17_58703227_T_C,synonymous,201
val,chr17_58703248_T_C,synonymous,208
val,chr17_58703248_T_A,synonymous,208
val,chr17_58703282_CTG_TTA,synonymous,220
val,chr17_58703284_G_C,synonymous,220
val,chr17_58703282_C_T,synonymous,220
val,chr17_58703284_G_A,synonymous,220
val,chr17_58703284_G_T,synonymous,220
val,chr17_58703290_A_G,synonymous,222
val,chr17_58703293_T_C,synonymous,223
val,chr17_58703293_T_A,synonymous,223
val,chr17_58703293_T_G,synonymous,223
val,chr17_58703299_T_C,synonymous,225
val,chr17_58703299_T_A,synonymous,225
val,chr17_58703297_CTT_TTA,synonymous,225
val,chr17_58703297_CTT_TTG,synonymous,225
val,chr17_58703302_T_G,synonymous,226
val,chr17_58703300_CTT_TTG,synonymous,226
val,chr17_58703300_CTT_TTA,synonymous,226
val,chr17_58703302_T_C,synonymous,226
val,chr17_58703302_T_A,synonymous,226
val,chr17_58709981_C_T,synonymous,276
val,chr17_58709990_T_G,synonymous,279
val,chr17_58709990_T_C,synonymous,279
val,chr17_58709990_T_A,synonymous,279
val,chr17_58720793_C_G,synonymous,295
val,chr17_58720793_C_T,synonymous,295
val,chr17_58720793_C_A,synonymous,295
val,chr17_58720805_T_A,synonymous,299
val,chr17_58720805_T_C,synonymous,299
val,chr17_58720805_T_G,synonymous,299
val,chr17_58720808_A_T,synonymous,300
val,chr17_58720808_A_G,synonymous,300
val,chr17_58720808_A_C,synonymous,300
val,chr17_58724047_T_C,synonymous,304
val,chr17_58724045_AGT_TCA,synonymous,304
val,chr17_58724045_AGT_TCC,synonymous,304
val,chr17_58724045_AGT_TCG,synonymous,304
val,chr17_58724069_C_A,synonymous,312
val,chr17_58724069_CGA_AGG,synonymous,312
val,chr17_58724071_A_C,synonymous,312
val,chr17_58724071_A_T,synonymous,312
val,chr17_58732502_G_A,synonymous,328
val,chr17_58732508_C_G,synonymous,330
val,chr17_58732508_C_A,synonymous,330
val,chr17_58732508_C_T,synonymous,330
val,chr17_58732529_A_G,synonymous,337
val,chr17_58732529_A_C,synonymous,337
val,chr17_58732529_A_T,synonymous,337
val,chr17_58732544_A_G,synonymous,342
val,chr17_58734123_G_A,synonymous,344
val,chr17_58734147_T_C,synonymous,352
val,chr17_58734147_T_G,synonymous,352
val,chr17_58734162_G_A,synonymous,357
val,chr17_58734160_T_C,synonymous,357
val,chr17_58734160_TTG_CTT,synonymous,357
val,chr17_58734160_TTG_CTC,synonymous,357
val,chr17_58734160_TTG_CTA,synonymous,357
val,chr17_58734181_AGC_TCT,synonymous,364
val,chr17_58734181_AGC_TCC,synonymous,364
val,chr17_58734183_C_T,synonymous,364
val,chr17_58734181_AGC_TCA,synonymous,364
val,chr17_58734181_AGC_TCG,synonymous,364
val,chr17_58692650_GGG_,indel,3
val,chr17_58692662_CGC_,indel,7
val,chr17_58692677_CGG_,indel,12
val,chr17_58692686_GTG_,indel,15
val,chr17_58692698_CTG_,indel,19
val,chr17_58692710_GTG_,indel,23
val,chr17_58692764_GTG_,indel,41
val,chr17_58692773_TCC_,indel,44
val,chr17_58694984_GAA_,indel,67
val,chr17_58694996_AAT_,indel,71
val,chr17_58695002_CCA_,indel,73
val,chr17_58695011_GCT_,indel,76
val,chr17_58695023_GAG_,indel,80
val,chr17_58695044_GCG_,indel,87
val,chr17_58695050_GAA_,indel,89
val,chr17_58695059_GAG_,indel,92
val,chr17_58695083_ATA_,indel,101
val,chr17_58695086_ATC_,indel,101
val,chr17_58695098_TCA_,indel,105
val,chr17_58695131_CCC_,indel,116
val,chr17_58695137_ATG_,indel,118
val,chr17_58695140_AAA_,indel,119
val,chr17_58695155_TGT_,indel,124
val,chr17_58695158_GGT_,indel,125
val,chr17_58695164_CCA_,indel,127
val,chr17_58696718_ATA_,indel,144
val,chr17_58696763_GAT_,indel,159
val,chr17_58696802_CTT_,indel,172
val,chr17_58696823_CAC_,indel,179
val,chr17_58696853_GGA_,indel,189
val,chr17_58696856_GAG_,indel,191
val,chr17_58703225_CTT_,indel,201
val,chr17_58703246_ATT_,indel,208
val,chr17_58703279_TTA_,indel,220
val,chr17_58703282_CTG_,indel,220
val,chr17_58703288_CAA_,indel,222
val,chr17_58703291_GTT_,indel,223
val,chr17_58703296_TCT_,indel,226
val,chr17_58709979_CAC_,indel,276
val,chr17_58720791_GCC_,indel,295
val,chr17_58720803_CCT_,indel,299
val,chr17_58720806_GCA_,indel,300
val,chr17_58724045_AGT_,indel,304
val,chr17_58724069_CGA_,indel,312
val,chr17_58732500_AAG_,indel,328
val,chr17_58732506_CCC_,indel,330
val,chr17_58732527_GTA_,indel,337
val,chr17_58732542_AAA_,indel,342
val,chr17_58734121_CAG_,indel,344
val,chr17_58734145_ACT_,indel,352
val,chr17_58734160_TTG_,indel,357
val,chr17_58734181_AGC_,indel,364
