split,metric,n,mean,std,min,max,p05,p25,p50,p75,p95
train,n_valid,450,21.635555555555555,1.582003730232371,12.0,22.0,19.450000000000003,22.0,22.0,22.0,22.0
train,key_norm_mean,450,12.214813698662653,0.13455209441125493,11.726057052612305,12.781957626342773,12.117035579681396,12.144210815429688,12.168033123016357,12.277351379394531,12.485497522354127
train,value_norm_mean,450,1.222122749487559,0.2685276909383619,0.9606296420097351,2.589480400085449,1.004553920030594,1.0462233424186707,1.094424843788147,1.3133539855480194,1.7874414920806883
train,key_cos_offdiag_mean,450,0.850909237464269,0.010373166040909891,0.7787205576896667,0.8650209903717041,0.8429295897483826,0.8461804538965225,0.8518373668193817,0.8574403077363968,0.8615600019693375
train,key_cos_offdiag_min,450,-0.09476702664513141,0.082105270867078,-0.22262412309646606,0.029697442427277565,-0.20733286216855049,-0.1773178093135357,-0.11098407581448555,-0.0047242604196071625,0.01914187427610157
train,reskey_cos_offdiag_mean,450,0.9453987650076549,0.003715647359998836,0.9325094223022461,0.9614532589912415,0.9385990828275681,0.9444994032382965,0.945908933877945,0.946733295917511,0.9505427181720734
train,reskey_cos_offdiag_min,450,0.910074393749237,0.013371823801518743,0.8185527920722961,0.9336185455322266,0.8810421407222748,0.9088825881481171,0.9140676856040955,0.916479766368866,0.9202569365501404
train,content_cos_offdiag_mean,450,0.6509799223475986,0.1356652304035015,0.3600277900695801,0.9584384560585022,0.44261852502822874,0.5594991147518158,0.6355198621749878,0.7360281348228455,0.9296745151281357
train,pe_cos_offdiag_mean,450,0.7440287208557129,0.009564402553658289,0.7418891787528992,0.8064106106758118,0.7418891787528992,0.7418891787528992,0.7418891787528992,0.7418891787528992,0.754625844955444
train,key_centered_var_ratio,450,0.09898534392317136,0.004178031218202784,0.09454012662172318,0.12260324507951736,0.09536264240741729,0.09645379148423672,0.09767526760697365,0.10005206800997257,0.10676484405994414
train,value_centered_var_ratio,450,0.5119259120027224,0.13223964043809858,0.19073325395584106,0.814450740814209,0.2831811338663101,0.42991291731595993,0.5096645355224609,0.5979537814855576,0.7188158899545668
train,content_norm_mean,450,1.1609900053342184,0.24482428067392817,0.9410986304283142,2.527158498764038,0.9710013329982757,1.0177233219146729,1.0621333122253418,1.2214143872261047,1.6855787038803096
train,pe_norm_mean,450,5.656854605144924,1.0501115441111705e-07,5.656854152679443,5.656854629516602,5.656854367256164,5.656854629516602,5.656854629516602,5.656854629516602,5.656854629516602
train,layer_emb_norm,450,10.820245742797852,0.0,10.820245742797852,10.820245742797852,10.820245742797852,10.820245742797852,10.820245742797852,10.820245742797852,10.820245742797852
train,meta_key_norm,450,2.4677912351820206,1.0753300579382998,1.350292444229126,4.115840435028076,1.3637578427791595,1.641130268573761,1.8748543858528137,3.8865997195243835,4.047649955749511
train,stage1_attn_H,450,3.0524597920311822,0.0910415892891467,2.457517385482788,3.084634780883789,2.9499208211898806,3.0663194060325623,3.0709956884384155,3.080368936061859,3.082961404323578
train,stage1_attn_H_norm,450,0.9940149814686945,0.002413363684144228,0.9868117669764003,0.9979270189357751,0.9901176913103077,0.9921068239031867,0.9938177100997887,0.9965903775844385,0.99738565575961
train,stage1_attn_maxp,450,0.08247325459288227,0.015056270633428261,0.05970006436109543,0.15344814956188202,0.06181987207382918,0.0680585540831089,0.08486249670386314,0.0917673259973526,0.0999294601380825
train,stage1_attn_meta_weight,450,0.08247325459288227,0.015056270633428261,0.05970006436109543,0.15344814956188202,0.06181987207382918,0.0680585540831089,0.08486249670386314,0.0917673259973526,0.0999294601380825
val,n_valid,352,21.738636363636363,1.270239044985218,14.0,22.0,22.0,22.0,22.0,22.0,22.0
val,key_norm_mean,352,12.174510714682667,0.11222676900896712,11.786158561706543,12.7742338180542,12.113853454589844,12.139376640319824,12.155286312103271,12.172554969787598,12.379307174682618
val,value_norm_mean,352,1.144944354383783,0.2106389285777801,0.9815735816955566,2.5537102222442627,1.0135523080825806,1.0456614196300507,1.0774313807487488,1.1387637853622437,1.5225275456905363
val,key_cos_offdiag_mean,352,0.8501048233698715,0.008030531124247148,0.8034529089927673,0.8649900555610657,0.8438286185264587,0.8455024808645248,0.8509136438369751,0.8547185659408569,0.8606500715017319
val,key_cos_offdiag_min,352,-0.11979691043961793,0.06926042009487623,-0.22024059295654297,0.029947862029075623,-0.20987045764923096,-0.1822143793106079,-0.12158074975013733,-0.0782212894409895,0.009711863333359345
val,reskey_cos_offdiag_mean,352,0.9461294730955904,0.002620086657073059,0.9328033924102783,0.9563344717025757,0.941833284497261,0.9456615447998047,0.9462642669677734,0.9470050930976868,0.9479347467422485
val,reskey_cos_offdiag_min,352,0.9128095301037485,0.008686197594508985,0.8613079786300659,0.9271854162216187,0.894775852560997,0.9119200706481934,0.9147547483444214,0.9166627079248428,0.9194101810455322
val,content_cos_offdiag_mean,352,0.6920890777625821,0.12180915437239116,0.4224602282047272,0.9523539543151855,0.5014756172895432,0.5968163013458252,0.6766656637191772,0.7909969687461853,0.899944296479225
val,pe_cos_offdiag_mean,352,0.7433756080202081,0.0073774781887036515,0.7418891787528992,0.7896599769592285,0.7418891787528992,0.7418891787528992,0.7418891787528992,0.7418891787528992,0.7418891787528992
val,key_centered_var_ratio,352,0.09772759580730715,0.0031542348574588115,0.09440216422080994,0.11539316177368164,0.0950920782983303,0.09609442949295044,0.09682902321219444,0.09802508354187012,0.10283400602638722
val,value_centered_var_ratio,352,0.45964095898141916,0.11583273514864881,0.18813885748386383,0.7568938732147217,0.27620285749435425,0.3792915940284729,0.4724816828966141,0.5357676595449448,0.6740553051233291
val,content_norm_mean,352,1.100795648653399,0.19381014003068947,0.9523680806159973,2.4897255897521973,0.9786227941513062,1.013782024383545,1.051032543182373,1.0932670533657074,1.4074777245521544
val,pe_norm_mean,352,5.6568546173247425,7.526546382410472e-08,5.656854152679443,5.656854629516602,5.656854629516602,5.656854629516602,5.656854629516602,5.656854629516602,5.656854629516602
val,layer_emb_norm,352,10.820245742797852,0.0,10.820245742797852,10.820245742797852,10.820245742797852,10.820245742797852,10.820245742797852,10.820245742797852,10.820245742797852
val,meta_key_norm,352,2.0535812344063413,0.8297125986490491,1.3504592180252075,4.107418060302734,1.3592482209205627,1.5414732694625854,1.7514691352844238,2.08390474319458,3.970740044116974
val,stage1_attn_H,352,3.0556638464331627,0.07118834237667504,2.607163429260254,3.084259033203125,3.059917688369751,3.0658695697784424,3.0677231550216675,3.0745044946670532,3.082360053062439
val,stage1_attn_H_norm,352,0.9930790100278533,0.0022293076541748135,0.9879146618009794,0.9978054587545955,0.9900445739411775,0.9918817331679535,0.9925001204538433,0.9946946442449798,0.9971911093338611
val,stage1_attn_maxp,352,0.08737125671045347,0.013123065687089042,0.059796303510665894,0.14335140585899353,0.06319709531962872,0.07947985827922821,0.08969045802950859,0.09250610321760178,0.10002005100250244
val,stage1_attn_meta_weight,352,0.08737125671045347,0.013123065687089042,0.059796303510665894,0.14335140585899353,0.06319709531962872,0.07947985827922821,0.08969045802950859,0.09250610321760178,0.10002005100250244
