split,type,metric,n,mean,std,min,max,p05,p25,p50,p75,p95
train,indel,n_valid,150,21.64666666666667,1.5540770751656932,12.0,22.0,20.45,22.0,22.0,22.0,22.0
train,indel,key_norm_mean,150,12.358122253417969,0.12980929465371038,11.92004680633545,12.781957626342773,12.218937540054322,12.27788496017456,12.33771800994873,12.440718412399292,12.548727130889892
train,indel,value_norm_mean,150,1.5090089440345764,0.2861612154784676,1.1639381647109985,2.589480400085449,1.1956669688224792,1.3002847731113434,1.4127618670463562,1.705941766500473,1.897052103281021
train,indel,key_cos_offdiag_mean,150,0.8577229869365692,0.007761872170850468,0.8065248727798462,0.8650209903717041,0.8512184321880341,0.8573522567749023,0.859162449836731,0.8609928041696548,0.8634579002857208
train,indel,key_cos_offdiag_min,150,0.0061409732435519495,0.011720659264519692,-0.018620580434799194,0.029697442427277565,-0.011473992047831416,-0.004617038066498935,0.0060466257855296135,0.01606120215728879,0.024482410214841363
train,indel,reskey_cos_offdiag_mean,150,0.9428065200646718,0.004482475282122954,0.9325094223022461,0.9614532589912415,0.9355595529079437,0.9401392191648483,0.9427811503410339,0.9452065527439117,0.9479126274585724
train,indel,reskey_cos_offdiag_min,150,0.9004009171326955,0.01884227216418433,0.8185527920722961,0.9334784746170044,0.8612483739852905,0.8909275531768799,0.9060764610767365,0.913710355758667,0.9194419711828231
train,indel,content_cos_offdiag_mean,150,0.5703710881868999,0.14460796227851067,0.3600277900695801,0.9509515762329102,0.4171340301632881,0.4659745767712593,0.5197564959526062,0.6478211283683777,0.8943240582942955
train,indel,pe_cos_offdiag_mean,150,0.7439629268646241,0.00942518138581532,0.7418891787528992,0.8064106106758118,0.7418891787528992,0.7418891787528992,0.7418891787528992,0.7418891787528992,0.749436268210411
train,indel,key_centered_var_ratio,150,0.10195921510457992,0.004013912924810618,0.09616149216890335,0.12145950645208359,0.09735034927725791,0.0991975162178278,0.10126745328307152,0.10346203111112118,0.10895655527710914
train,indel,value_centered_var_ratio,150,0.6438518464565277,0.08892037552739702,0.4005143344402313,0.814450740814209,0.4601281866431236,0.5894636064767838,0.6644074618816376,0.7031973004341125,0.7638678461313246
train,indel,content_norm_mean,150,1.3892047095298767,0.3025936635652731,1.0307103395462036,2.527158498764038,1.064370733499527,1.169418454170227,1.2797900438308716,1.6002158224582672,1.8027794778347015
train,indel,pe_norm_mean,150,5.656854604085287,1.0714403499827523e-07,5.656854152679443,5.656854629516602,5.656854367256164,5.656854629516602,5.656854629516602,5.656854629516602,5.656854629516602
train,indel,layer_emb_norm,150,10.820245742797852,0.0,10.820245742797852,10.820245742797852,10.820245742797852,10.820245742797852,10.820245742797852,10.820245742797852,10.820245742797852
train,indel,meta_key_norm,150,3.9533294280370077,0.07416612538718695,3.872468948364258,4.115840435028076,3.8733203649520873,3.886841833591461,3.9302138090133667,4.008596777915955,4.095441174507141
train,indel,stage1_attn_H,150,3.061907744407654,0.08923480907981364,2.4715094566345215,3.084634780883789,3.007316017150879,3.080391228199005,3.081499457359314,3.08243328332901,3.083593451976776
train,indel,stage1_attn_H_norm,150,0.9968937935952416,0.00048391713710258866,0.9946085728594184,0.9979270189357751,0.9961633974480452,0.9965924260527796,0.9969126933249868,0.9972148004567352,0.9975901329425461
train,indel,stage1_attn_maxp,150,0.06619728051126003,0.007895916417779274,0.05970006436109543,0.11691299080848694,0.06071437280625105,0.06242351606488228,0.06430324912071228,0.06805585511028767,0.07201909087598318
train,indel,stage1_attn_meta_weight,150,0.06619728051126003,0.007895916417779274,0.05970006436109543,0.11691299080848694,0.06071437280625105,0.06242351606488228,0.06430324912071228,0.06805585511028767,0.07201909087598318
train,missense,n_valid,150,21.626666666666665,1.5981099948237467,12.0,22.0,19.9,22.0,22.0,22.0,22.0
train,missense,key_norm_mean,150,12.139702618916829,0.05821814584245038,11.768360137939453,12.236351013183594,12.104492425918579,12.136076927185059,12.14767074584961,12.161062717437744,12.183418273925781
train,missense,value_norm_mean,150,1.0811038263638815,0.07131858821656456,0.9606296420097351,1.316035509109497,0.9989626407623291,1.0345066785812378,1.0645176768302917,1.1022152304649353,1.2438308060169219
train,missense,key_cos_offdiag_mean,150,0.8510831677913666,0.00914344915925039,0.7841525077819824,0.8582800626754761,0.8447871565818786,0.8510386943817139,0.8521670997142792,0.8542248755693436,0.8570581763982773
train,missense,key_cos_offdiag_min,150,-0.10134733200073243,0.024179036436262732,-0.13239845633506775,-0.04548637568950653,-0.1264073833823204,-0.12067654356360435,-0.11098407581448555,-0.08216362446546555,-0.05343551039695741
train,missense,reskey_cos_offdiag_mean,150,0.9465051738421122,0.0023519596526867213,0.9439114928245544,0.9609695076942444,0.9444661408662796,0.9455701261758804,0.9460593163967133,0.9467544257640839,0.949542012810707
train,missense,reskey_cos_offdiag_min,150,0.9146933245658875,0.004644770883568801,0.8960270881652832,0.9323272705078125,0.9071936219930649,0.9127157330513,0.9150838851928711,0.9171413481235504,0.920372748374939
train,missense,content_cos_offdiag_mean,150,0.6700481573740641,0.10809482458262169,0.5159955620765686,0.9392430186271667,0.5447042793035507,0.5825692415237427,0.640872448682785,0.7452414482831955,0.9072105079889294
train,missense,pe_cos_offdiag_mean,150,0.7440781311194102,0.009618659454485952,0.7418891787528992,0.8064106106758118,0.7418891787528992,0.7418891787528992,0.7418891787528992,0.7418891787528992,0.7523826330900191
train,missense,key_centered_var_ratio,150,0.09680064772566159,0.0032346138821399526,0.09454012662172318,0.11977210640907288,0.09492050036787987,0.09556147083640099,0.09617608413100243,0.09677189961075783,0.09867083393037318
train,missense,value_centered_var_ratio,150,0.4613449575503667,0.09474149888889366,0.19073325395584106,0.6462734341621399,0.26767612248659134,0.3984140530228615,0.4847106635570526,0.5273049622774124,0.5896508485078812
train,missense,content_norm_mean,150,1.05936816851298,0.06912320522936359,0.9417174458503723,1.2928693294525146,0.9809433221817017,1.0162608921527863,1.0439708232879639,1.080904245376587,1.2217715442180632
train,missense,pe_norm_mean,150,5.656854604085287,1.0714403499827523e-07,5.656854152679443,5.656854629516602,5.656854367256164,5.656854629516602,5.656854629516602,5.656854629516602,5.656854629516602
train,missense,layer_emb_norm,150,10.820245742797852,0.0,10.820245742797852,10.820245742797852,10.820245742797852,10.820245742797852,10.820245742797852,10.820245742797852,10.820245742797852
train,missense,meta_key_norm,150,1.5214997593561808,0.15771599912396383,1.350292444229126,1.928686499595642,1.3521919548511505,1.3816754519939423,1.4766708016395569,1.6390752494335175,1.8030637502670288
train,missense,stage1_attn_H,150,3.048615067799886,0.09114197947536284,2.4582462310791016,3.075937271118164,2.968918478488922,3.066483497619629,3.0675840377807617,3.0715912580490112,3.0753509640693664
train,missense,stage1_attn_H_norm,150,0.9929137486243481,0.0010933546117367725,0.9892710582463236,0.995113240122684,0.991804535511016,0.9920733948440761,0.9924781763729132,0.9937887085102085,0.9949235607321079
train,missense,stage1_attn_maxp,150,0.08908899962902068,0.00923884615387084,0.07781865447759628,0.1448558121919632,0.07889431528747082,0.08412115462124348,0.08971486985683441,0.09160302579402924,0.09332634694874284
train,missense,stage1_attn_meta_weight,150,0.08908899962902068,0.00923884615387084,0.07781865447759628,0.1448558121919632,0.07889431528747082,0.08412115462124348,0.08971486985683441,0.09160302579402924,0.09332634694874284
train,synonymous,n_valid,150,21.633333333333333,1.5933891203622825,12.0,22.0,19.45,22.0,22.0,22.0,22.0
train,synonymous,key_norm_mean,150,12.146616223653158,0.056948056009205626,11.726057052612305,12.200151443481445,12.115272521972656,12.141765356063843,12.152973175048828,12.1729896068573,12.185642957687378
train,synonymous,value_norm_mean,150,1.076255478064219,0.07667785834011132,0.9916670918464661,1.3402650356292725,1.0003403216600417,1.031155914068222,1.057699203491211,1.084301620721817,1.2854901313781735
train,synonymous,key_cos_offdiag_mean,150,0.8439215576648712,0.009147310883728145,0.7787205576896667,0.8504742383956909,0.840114739537239,0.8441686630249023,0.8451636135578156,0.8472131937742233,0.849063953757286
train,synonymous,key_cos_offdiag_min,150,-0.18909472117821374,0.019452198843670294,-0.22262412309646606,-0.1411636769771576,-0.21105384230613708,-0.20374835282564163,-0.1944262981414795,-0.1773267686367035,-0.14662321358919145
train,synonymous,reskey_cos_offdiag_mean,150,0.9468846011161804,0.002375336555965219,0.9444243907928467,0.9614220261573792,0.9450151324272156,0.9458748251199722,0.9464828968048096,0.9470113813877106,0.9507582634687424
train,synonymous,reskey_cos_offdiag_min,150,0.9151289395491282,0.004399181001455767,0.9036931395530701,0.9336185455322266,0.9088373303413391,0.9128920584917068,0.9149275720119476,0.9172834306955338,0.9202569365501404
train,synonymous,content_cos_offdiag_mean,150,0.7125205214818319,0.1094101608254123,0.5677117705345154,0.9584384560585022,0.5870275020599365,0.6246789842844009,0.6722716093063354,0.7866475731134415,0.9499887138605118
train,synonymous,pe_cos_offdiag_mean,150,0.7440451045831045,0.009647470970074942,0.7418891787528992,0.8064106106758118,0.7418891787528992,0.7418891787528992,0.7418891787528992,0.7418891787528992,0.7546258449554443
train,synonymous,key_centered_var_ratio,150,0.09819616893927256,0.0033991184463179904,0.09602908045053482,0.12260324507951736,0.09641040600836277,0.09684541448950768,0.09755177050828934,0.09824174083769321,0.0999665070325136
train,synonymous,value_centered_var_ratio,150,0.43058093200127284,0.09486459723041045,0.2034822702407837,0.557242214679718,0.23085237219929694,0.3551778122782707,0.47019247710704803,0.5026240646839142,0.5371567457914352
train,synonymous,content_norm_mean,150,1.0343971379597983,0.07100098232681674,0.9410986304283142,1.253140926361084,0.9559377044439316,0.9916271716356277,1.0183135271072388,1.0488790571689606,1.231087392568588
train,synonymous,pe_norm_mean,150,5.656854607264201,1.005763500185418e-07,5.656854152679443,5.656854629516602,5.656854629516602,5.656854629516602,5.656854629516602,5.656854629516602,5.656854629516602
train,synonymous,layer_emb_norm,150,10.820245742797852,0.0,10.820245742797852,10.820245742797852,10.820245742797852,10.820245742797852,10.820245742797852,10.820245742797852,10.820245742797852
train,synonymous,meta_key_norm,150,1.9285445181528726,0.21342668179945024,1.7127002477645874,2.4376771450042725,1.7147708594799043,1.7525700330734253,1.85636967420578,2.031532943248749,2.378789401054382
train,synonymous,stage1_attn_H,150,3.046856563886007,0.0919812996891927,2.457517385482788,3.0757524967193604,2.9496556758880614,3.061044991016388,3.0667182207107544,3.0715975761413574,3.0751941919326784
train,synonymous,stage1_attn_H_norm,150,0.9922374021864939,0.0018393780392625925,0.9868117669764003,0.9950534627493247,0.9899973768124568,0.9904537481335193,0.9922068642299569,0.9938525449210437,0.9948728425232661
train,synonymous,stage1_attn_maxp,150,0.09213348363836606,0.011418259146192763,0.0789870172739029,0.15344814956188202,0.07935191541910172,0.0844587218016386,0.09180274233222008,0.09846288710832596,0.09999251291155815
train,synonymous,stage1_attn_meta_weight,150,0.09213348363836606,0.011418259146192763,0.0789870172739029,0.15344814956188202,0.07935191541910172,0.0844587218016386,0.09180274233222008,0.09846288710832596,0.09999251291155815
val,indel,n_valid,52,21.76923076923077,1.2186907321349896,14.0,22.0,22.0,22.0,22.0,22.0,22.0
val,indel,key_norm_mean,52,12.364093468739437,0.1494829879316752,11.946056365966797,12.7742338180542,12.222343158721923,12.272189378738403,12.343223094940186,12.412961483001709,12.669651365280151
val,indel,value_norm_mean,52,1.5167973064459288,0.3416004617159909,1.1649662256240845,2.5537102222442627,1.1879942893981934,1.2983924746513367,1.3631224632263184,1.6487962007522583,2.260743331909178
val,indel,key_cos_offdiag_mean,52,0.8585160546577894,0.006307808251341846,0.8206809163093567,0.8649900555610657,0.8521028012037277,0.8581201881170273,0.8599081337451935,0.8613360375165939,0.8636488646268845
val,indel,key_cos_offdiag_min,52,0.0044644499340882665,0.011448069992249404,-0.01651247777044773,0.029947862029075623,-0.01114800963550806,-0.006400431739166379,0.004447317682206631,0.013908518012613058,0.021486462373286486
val,indel,reskey_cos_offdiag_mean,52,0.9429942059975404,0.004139044932131534,0.9328033924102783,0.9561600685119629,0.9361089050769806,0.9411982446908951,0.9429921805858612,0.9456362873315811,0.9477291703224182
val,indel,reskey_cos_offdiag_min,52,0.9007174831170303,0.01654381717315374,0.8613079786300659,0.9259949922561646,0.872076204419136,0.8853514343500137,0.9072352349758148,0.9145007580518723,0.9182749152183532
val,indel,content_cos_offdiag_mean,52,0.6006621580857497,0.14607622163297518,0.4224602282047272,0.946882426738739,0.4433854967355728,0.4896787405014038,0.5391035974025726,0.7192316949367523,0.8692179679870604
val,indel,pe_cos_offdiag_mean,52,0.7432113255445774,0.00711356348776649,0.7418891787528992,0.7896599769592285,0.7418891787528992,0.7418891787528992,0.7418891787528992,0.7418891787528992,0.7418891787528992
val,indel,key_centered_var_ratio,52,0.10145212323046647,0.003798732830351718,0.09623987972736359,0.11539316177368164,0.09692900441586971,0.0989591870456934,0.1004393957555294,0.10271216556429863,0.10842501148581504
val,indel,value_centered_var_ratio,52,0.6228077686749972,0.08712459479804292,0.4143489599227905,0.7568938732147217,0.4351303517818451,0.5666815489530563,0.6412496566772461,0.6854351609945297,0.7393607407808304
val,indel,content_norm_mean,52,1.3983398079872131,0.3603657879041651,1.0317116975784302,2.4897255897521973,1.0583122789859771,1.1594758033752441,1.2380747199058533,1.5425027906894684,2.183367514610289
val,indel,pe_norm_mean,52,5.656854620346656,6.548650841110351e-08,5.656854152679443,5.656854629516602,5.656854629516602,5.656854629516602,5.656854629516602,5.656854629516602,5.656854629516602
val,indel,layer_emb_norm,52,10.820245742797852,0.0,10.820245742797852,10.820245742797852,10.820245742797852,10.820245742797852,10.820245742797852,10.820245742797852,10.820245742797852
val,indel,meta_key_norm,52,3.959068843951592,0.07284979803956612,3.8725268840789795,4.107418060302734,3.8734148502349854,3.8943223357200623,3.9474071264266968,4.016725420951843,4.086139035224915
val,indel,stage1_attn_H,52,3.0691376741115866,0.06738794676346327,2.6309499740600586,3.084259033203125,3.0794990181922914,3.0805800557136536,3.081933379173279,3.0826882123947144,3.0834452867507935
val,indel,stage1_attn_H_norm,52,0.9969603776515507,0.00041857590892797685,0.9960629018822232,0.9978054587545955,0.9963082360953923,0.9966472239382008,0.9970530737372628,0.9972972739489472,0.9975421992023215
val,indel,stage1_attn_maxp,52,0.06609962909267499,0.006572529271041379,0.059796303510665894,0.10339713841676712,0.06071187686175108,0.06245463993400335,0.06456826627254486,0.06815839558839798,0.07012737803161144
val,indel,stage1_attn_meta_weight,52,0.06609962909267499,0.006572529271041379,0.059796303510665894,0.10339713841676712,0.06071187686175108,0.06245463993400335,0.06456826627254486,0.06815839558839798,0.07012737803161144
val,missense,n_valid,150,21.76,1.2419339757008019,14.0,22.0,22.0,22.0,22.0,22.0,22.0
val,missense,key_norm_mean,150,12.140125643412272,0.057690980850924604,11.786158561706543,12.229249954223633,12.11815357208252,12.1342031955719,12.149369716644287,12.16148853302002,12.186535167694093
val,missense,value_norm_mean,150,1.0809851197401683,0.05917963059148148,0.9815735816955566,1.2987502813339233,1.0136823117733003,1.040679156780243,1.0713233351707458,1.1025395095348358,1.202667236328125
val,missense,key_cos_offdiag_mean,150,0.8524228823184967,0.005959039448927201,0.8151131272315979,0.8580368757247925,0.8504417955875396,0.8512556701898575,0.8530283570289612,0.8548576086759567,0.8570643872022629
val,missense,key_cos_offdiag_min,150,-0.09700608911613623,0.024121317178067467,-0.12494513392448425,-0.0464804470539093,-0.12318600453436375,-0.11972848512232304,-0.1032283715903759,-0.07887191139161587,-0.04965778291225433
val,missense,reskey_cos_offdiag_mean,150,0.9464597654342651,0.0017142891054404432,0.9433407187461853,0.9560816884040833,0.9446866273880005,0.9456361532211304,0.9463575780391693,0.9468622505664825,0.9476395934820175
val,missense,reskey_cos_offdiag_min,150,0.9146909892559052,0.0034707378001895234,0.9007613658905029,0.9255910515785217,0.9086957782506943,0.9128731489181519,0.9148928821086884,0.9165542125701904,0.9194183826446534
val,missense,content_cos_offdiag_mean,150,0.6869945991039276,0.1076038137033117,0.5173125863075256,0.9434085488319397,0.539573472738266,0.5957432687282562,0.6766656637191772,0.7718350440263748,0.8667768239974976
val,missense,pe_cos_offdiag_mean,150,0.7432642114162445,0.007249425985089589,0.7418891787528992,0.7896599769592285,0.7418891787528992,0.7418891787528992,0.7418891787528992,0.7418891787528992,0.7418891787528992
val,missense,key_centered_var_ratio,150,0.09636439666152001,0.0023860600624846387,0.09440216422080994,0.11146139353513718,0.09489621706306935,0.09531058184802532,0.09590037539601326,0.09660809673368931,0.09784419648349285
val,missense,value_centered_var_ratio,150,0.4472472795844078,0.09178449459338993,0.18813885748386383,0.5983980894088745,0.2931110367178917,0.38690632581710815,0.45887529850006104,0.5155064165592194,0.5735661417245864
val,missense,content_norm_mean,150,1.0588352723916372,0.05763287235115664,0.9637523293495178,1.2796571254730225,0.9867980659008027,1.0200175642967224,1.0513054132461548,1.0809949934482574,1.1539645195007322
val,missense,pe_norm_mean,150,5.656854619979859,6.675720214843749e-08,5.656854152679443,5.656854629516602,5.656854629516602,5.656854629516602,5.656854629516602,5.656854629516602,5.656854629516602
val,missense,layer_emb_norm,150,10.820245742797852,0.0,10.820245742797852,10.820245742797852,10.820245742797852,10.820245742797852,10.820245742797852,10.820245742797852,10.820245742797852
val,missense,meta_key_norm,150,1.5339884305000304,0.1573146204658059,1.3504592180252075,1.9233298301696777,1.3514132499694824,1.3972663879394531,1.5030192136764526,1.6242253184318542,1.8689795255661008
val,missense,stage1_attn_H,150,3.0560392983754476,0.06907805135744724,2.6159110069274902,3.0757369995117188,3.065856695175171,3.0665891766548157,3.0672613382339478,3.0717520713806152,3.0754504203796387
val,missense,stage1_attn_H_norm,150,0.9928623012295293,0.0010971786203587753,0.9912293217627286,0.9950484491631719,0.9918520180284869,0.9920889871062972,0.9923064417641592,0.9937592633330732,0.9949557363853941
val,missense,stage1_attn_maxp,150,0.08908501297235488,0.008169271276657411,0.07836534082889557,0.13078030943870544,0.07887250557541847,0.08295974135398865,0.09049062430858612,0.0919477716088295,0.09250964373350143
val,missense,stage1_attn_meta_weight,150,0.08908501297235488,0.008169271276657411,0.07836534082889557,0.13078030943870544,0.07887250557541847,0.08295974135398865,0.09049062430858612,0.0919477716088295,0.09250964373350143
val,synonymous,n_valid,150,21.706666666666667,1.3142636299041717,14.0,22.0,19.8,22.0,22.0,22.0,22.0
val,synonymous,key_norm_mean,150,12.143173764546713,0.06210665951497335,11.7931547164917,12.200263977050781,12.0376877784729,12.140448808670044,12.152608871459961,12.167943954467773,12.18645281791687
val,synonymous,value_norm_mean,150,1.0799945656458536,0.0626032015351355,0.9889601469039917,1.2899867296218872,1.0135166645050049,1.0426743030548096,1.0654924511909485,1.0923880338668823,1.2438480854034424
val,synonymous,key_cos_offdiag_mean,150,0.8448708709081014,0.006688632663934753,0.8034529089927673,0.8501801490783691,0.837136110663414,0.8446314334869385,0.845332682132721,0.8475526571273804,0.8498912453651428
val,synonymous,key_cos_offdiag_min,150,-0.1856650033593178,0.020465447255015555,-0.22024059295654297,-0.14250817894935608,-0.21260107532143593,-0.20154527202248573,-0.19126185774803162,-0.1719772219657898,-0.14705032780766486
val,synonymous,reskey_cos_offdiag_mean,150,0.9468860733509064,0.001772713929277915,0.9443268179893494,0.9563344717025757,0.9454553723335266,0.945939302444458,0.9466285705566406,0.9472479224205017,0.9498342663049697
val,synonymous,reskey_cos_offdiag_min,150,0.9151199805736542,0.0032498114230625633,0.9081723690032959,0.9271854162216187,0.9106911420822144,0.9127484560012817,0.9149828553199768,0.9170812368392944,0.9195946961641311
val,synonymous,content_cos_offdiag_mean,150,0.7288782219092051,0.1075435304129834,0.5589219927787781,0.9523539543151855,0.5881555080413818,0.6374204009771347,0.6981682777404785,0.8153640776872635,0.9303223490715027
val,synonymous,pe_cos_offdiag_mean,150,0.7435439558823903,0.007587876980138319,0.7418891787528992,0.7896599769592285,0.7418891787528992,0.7418891787528992,0.7418891787528992,0.7418891787528992,0.7534286379814145
val,synonymous,key_centered_var_ratio,150,0.09779962544639906,0.0024452285223982313,0.09587565064430237,0.11289440840482712,0.09620477259159088,0.09662112593650818,0.09750504046678543,0.09803037531673908,0.10069115795195098
val,synonymous,value_centered_var_ratio,150,0.41547014435132346,0.09537191568343657,0.2071678638458252,0.5497462153434753,0.23162466287612915,0.3381786346435547,0.4285202920436859,0.4933134987950325,0.5420941829681395
val,synonymous,content_norm_mean,150,1.0396073830127717,0.06007923517083855,0.9523680806159973,1.2380610704421997,0.9740788847208023,0.9978363215923309,1.0235518217086792,1.0539469718933105,1.1912815570831299
val,synonymous,pe_norm_mean,150,5.65685461362203,8.559488943631656e-08,5.656854152679443,5.656854629516602,5.656854629516602,5.656854629516602,5.656854629516602,5.656854629516602,5.656854629516602
val,synonymous,layer_emb_norm,150,10.820245742797852,0.0,10.820245742797852,10.820245742797852,10.820245742797852,10.820245742797852,10.820245742797852,10.820245742797852,10.820245742797852
val,synonymous,meta_key_norm,150,1.912605000336965,0.20088434106237324,1.712627649307251,2.3804242610931396,1.7134265899658203,1.7481712698936462,1.8495023250579834,2.0689955949783325,2.3477439880371094
val,synonymous,stage1_attn_H,150,3.0506174675623576,0.07387699914722394,2.607163429260254,3.0755035877227783,2.948407304286957,3.060481548309326,3.0657103061676025,3.072853684425354,3.0751614570617676
val,synonymous,stage1_attn_H_norm,150,0.9919501780499618,0.0019632095996999378,0.9879146618009794,0.9949729368425027,0.989151227137812,0.9901130749544425,0.9918046589223675,0.9941156521764363,0.9948622522866697
val,synonymous,stage1_attn_maxp,150,0.09303166468938191,0.011427197890284922,0.07909183204174042,0.14335140585899353,0.0793353021144867,0.08269421756267548,0.09274258464574814,0.09925287961959839,0.10993808507919281
val,synonymous,stage1_attn_meta_weight,150,0.09303166468938191,0.011427197890284922,0.07909183204174042,0.14335140585899353,0.0793353021144867,0.08269421756267548,0.09274258464574814,0.09925287961959839,0.10993808507919281
