run,split,metric,n,mean,std,min,max,p05,p25,p50,p75,p95
init_tau0.1_nine,train,q_norm,4050,13.08116132736206,0.76084640672818,11.000178337097168,14.795945167541504,11.901711797714233,12.519565105438232,13.203904628753662,13.610164642333984,14.320476722717284
init_tau0.1_nine,train,U_mean_norm,4050,2.383122908274333,0.14241433536621914,2.0097546577453613,2.69270396232605,2.1527023315429688,2.275663137435913,2.3792686462402344,2.486344814300537,2.630418062210083
init_tau0.1_nine,train,e_type_norm,4050,11.260967572530111,0.5626654300752746,10.635388374328613,11.999640464782715,10.635388374328613,10.635388374328613,11.147873878479004,11.999640464782715,11.999640464782715
init_tau0.1_nine,train,S_cos_offdiag_mean,4050,-0.01812207160406817,0.014019014962703347,-0.05296400561928749,0.018668219447135925,-0.04044835641980171,-0.02753642201423645,-0.018965471535921097,-0.007557095028460026,0.003869198728352785
init_tau0.1_nine,train,U_cos_offdiag_mean,4050,0.023662551360482918,0.016316979342697376,-0.019326915964484215,0.06217576935887337,-0.00156003690790385,0.012639275752007961,0.023393888026475906,0.034924328327178955,0.05128410458564758
init_tau0.1_nine,train,query_cos_offdiag_mean,4050,0.7559901767306858,0.018781018732119698,0.7160018682479858,0.7865444421768188,0.724754810333252,0.7369333505630493,0.761941522359848,0.7715445160865784,0.7803527116775513
init_tau0.1_nine,train,cos_mean,4050,0.07654823426939626,0.054876771645388685,-0.0464167483150959,0.20343294739723206,-0.0055326089728623615,0.03496422711759806,0.06936328113079071,0.11779250204563141,0.17117612734436988
init_tau0.1_nine,train,cos_std,4050,0.03478381981245345,0.012221749439253887,0.014575455337762833,0.07656223326921463,0.019951675739139318,0.024618420284241438,0.03164411336183548,0.04346128832548857,0.059297821111977095
init_tau0.1_nine,train,cos_range,4050,0.15852156562477718,0.0746680729763256,0.04341520369052887,0.3649117648601532,0.06447820588946343,0.09391557238996029,0.14508063346147537,0.2139740101993084,0.3015506878495216
init_tau0.1_nine,train,logit_std,4050,0.3478382189185531,0.12221750180993707,0.14575456082820892,0.7656223773956299,0.19951676204800606,0.24618420377373695,0.3164411634206772,0.4346129074692726,0.5929782748222351
init_tau0.1_nine,train,logit_range,4050,1.5852157492254988,0.7466807717752273,0.4341520369052887,3.649117946624756,0.6447820872068405,0.9391557574272156,1.450806438922882,2.1397403478622437,3.0155069589614865
init_tau0.1_nine,train,H,4050,3.01478619987582,0.10181797388648323,2.2042133808135986,3.0796470642089844,2.853493940830231,3.0227653980255127,3.0423460006713867,3.0602092146873474,3.0714568138122558
init_tau0.1_nine,train,H_norm,4050,0.9817035505787342,0.013363777258886005,0.8870407188139848,0.9963134155155485,0.9520247907895919,0.9794256326357305,0.9847503874846074,0.990174047875269,0.9936900642743515
init_tau0.1_nine,train,max_p,4050,0.09132698883888898,0.04133513689451268,0.05465661361813545,0.35009801387786865,0.05957047790288925,0.06509110704064369,0.0722622238099575,0.10430792719125748,0.19118843451142298
init_tau0.1_nine,train,kl_uniform,4050,0.056016784231992904,0.04046564188493607,0.010547111197424908,0.2806932689744017,0.019479841301583888,0.030092674492620985,0.0469455274490127,0.06315135390534365,0.14497409604257866
init_tau0.1_nine,train,z_attn_minus_unif_abs,4050,0.13570612353790137,0.06838852133548215,0.011889475397765636,0.39711034297943115,0.027321942150592804,0.07073597609996796,0.15983211249113083,0.1828910857439041,0.22789958119392395
init_tau0.1_nine,train,z_attn_minus_unif_rel,4050,0.15505817690450285,0.07571258812629185,0.013324451632797718,0.36725980043411255,0.031597401946783066,0.08749765157699585,0.16736124455928802,0.20818831026554108,0.2763445973396301
init_tau0.1_nine,train,delta,4050,0.0,0.0,0.0,0.0,0.0,0.0,0.0,0.0,0.0
init_tau0.1_nine,train,delta_attn_minus_unif,4050,0.0,0.0,0.0,0.0,0.0,0.0,0.0,0.0,0.0
init_tau0.1_nine,train,nine_pairwise_L1_mean,450,0.12453503120276663,0.02708638974286115,0.0847613662481308,0.19958066940307617,0.09220656156539916,0.10031095147132874,0.11962037160992622,0.14587533101439476,0.17559089809656142
init_tau0.1_nine,val,q_norm,3168,13.031683553649922,0.8058578241383691,11.002089500427246,14.796409606933594,11.546736717224121,12.395813703536987,13.098649024963379,13.635257720947266,14.320391607284543
init_tau0.1_nine,val,U_mean_norm,3168,2.35674308646809,0.15352804838306316,2.082897424697876,2.6836204528808594,2.110297679901123,2.255568265914917,2.349959373474121,2.5058414936065674,2.61124587059021
init_tau0.1_nine,val,e_type_norm,3168,11.29245388507843,0.6325996311704167,10.635388374328613,11.999640464782715,10.635388374328613,10.635388374328613,11.147873878479004,11.999640464782715,11.999640464782715
init_tau0.1_nine,val,S_cos_offdiag_mean,3168,-0.020683704029744895,0.014727149701191185,-0.04828011617064476,0.011672782711684704,-0.044651057571172714,-0.03065110184252262,-0.024007579311728477,-0.01042898278683424,0.007060267962515354
init_tau0.1_nine,val,U_cos_offdiag_mean,3168,0.020679828750623776,0.016604308896546047,-0.010546976700425148,0.055472102016210556,-0.007355883717536926,0.007505558547563851,0.020329706370830536,0.03398607671260834,0.051386065781116486
init_tau0.1_nine,val,query_cos_offdiag_mean,3168,0.7539378013461828,0.02035876103342698,0.7166956067085266,0.7852659821510315,0.7264457941055298,0.7322744727134705,0.7616944313049316,0.77265864610672,0.7806797623634338
init_tau0.1_nine,val,cos_mean,3168,0.05968206681959463,0.04699198639887709,-0.039492808282375336,0.20119990408420563,-0.007230510702356695,0.028181176632642746,0.05404611863195896,0.08735007792711258,0.15788345783948893
init_tau0.1_nine,val,cos_std,3168,0.030624218923016217,0.010180193566935928,0.013177682645618916,0.07447091490030289,0.019312940537929535,0.02320624329149723,0.02762302104383707,0.03513467498123646,0.052907219529151873
init_tau0.1_nine,val,cos_range,3168,0.13201246266323846,0.06344314376140818,0.041147053241729736,0.36824071407318115,0.062387429550290106,0.08341963589191437,0.1113496758043766,0.16326281428337097,0.26669232100248336
init_tau0.1_nine,val,logit_std,3168,0.3062422072251487,0.10180194233060737,0.1317768394947052,0.7447091341018677,0.19312942028045654,0.2320624738931656,0.27623021602630615,0.35134679079055786,0.5290722638368602
init_tau0.1_nine,val,logit_range,3168,1.320124707344656,0.6344314755213183,0.41147053241729736,3.6824073791503906,0.623874306678772,0.8341963887214661,1.1134968400001526,1.632628321647644,2.6669233083724975
init_tau0.1_nine,val,H,3168,3.024766949315866,0.07860262696143508,2.539764881134033,3.0824224948883057,2.8642919063568115,3.025132179260254,3.0499777793884277,3.06391841173172,3.0725598335266113
init_tau0.1_nine,val,H_norm,3168,0.9830617130578735,0.013213847156156002,0.919779865912983,0.9972113102294519,0.9569353214944462,0.9805597829555684,0.9872229353676407,0.9913479597899028,0.9941686072160231
init_tau0.1_nine,val,max_p,3168,0.09074841635278191,0.03887457251574301,0.054928939789533615,0.23938031494617462,0.05920416731387377,0.06447573751211166,0.07347580417990685,0.10296235233545303,0.17236620709299996
init_tau0.1_nine,val,kl_uniform,3168,0.05215637868631169,0.04085263353892332,0.008619958470010403,0.24796384007706607,0.018025082657479884,0.02657788426651919,0.03914766938462222,0.05965816409363711,0.1331147495008942
init_tau0.1_nine,val,z_attn_minus_unif_abs,3168,0.10888092529388484,0.06891016113903081,0.012596379965543747,0.2655922472476959,0.027082033455371857,0.044250719249248505,0.09142444282770157,0.1743600033223629,0.21398475766181946
init_tau0.1_nine,val,z_attn_minus_unif_rel,3168,0.12795683142295192,0.08266529198901827,0.014744293875992298,0.32031169533729553,0.031215418130159378,0.05271685775369406,0.11448121070861816,0.1912977136671543,0.27736908197402954
init_tau0.1_nine,val,delta,3168,0.0,0.0,0.0,0.0,0.0,0.0,0.0,0.0,0.0
init_tau0.1_nine,val,delta_attn_minus_unif,3168,0.0,0.0,0.0,0.0,0.0,0.0,0.0,0.0,0.0
init_tau0.1_nine,val,nine_pairwise_L1_mean,352,0.12821340836076575,0.023680090176734083,0.08721844106912613,0.18452131748199463,0.0944348718971014,0.10654021613299847,0.12678271532058716,0.14553289115428925,0.17227426171302795
init_tau0.1_single,train,q_norm,450,11.583203171624078,0.5357263549405796,10.662385940551758,12.310261726379395,10.740859127044677,10.941898584365845,11.74656867980957,12.065581798553467,12.210781526565551
init_tau0.1_single,train,U_mean_norm,450,2.383122908274333,0.14241433536621914,2.0097546577453613,2.69270396232605,2.1527023315429688,2.2759410738945007,2.3792686462402344,2.4843865633010864,2.626998460292816
init_tau0.1_single,train,e_type_norm,450,11.260967572530111,0.5626654300752746,10.635388374328613,11.999640464782715,10.635388374328613,10.635388374328613,11.147873878479004,11.999640464782715,11.999640464782715
init_tau0.1_single,train,S_cos_offdiag_mean,450,-0.01812207160406817,0.014019014962703346,-0.05296400561928749,0.018668219447135925,-0.04036068841814995,-0.027491921558976173,-0.018965471535921097,-0.007616996997967362,0.00386919726151973
init_tau0.1_single,train,U_cos_offdiag_mean,450,0.023662551360482918,0.016316979342697376,-0.019326915964484215,0.06217576935887337,-0.0012129633571021238,0.012639275752007961,0.023393888026475906,0.034924326464533806,0.05121899731457233
init_tau0.1_single,train,query_cos_offdiag_mean,0,,,,,,,,,
init_tau0.1_single,train,cos_mean,450,0.08675454726442694,0.053187259018928984,0.01527511514723301,0.1839287430047989,0.024595687910914422,0.0372595451772213,0.07014475017786026,0.15237097814679146,0.16593999043107033
init_tau0.1_single,train,cos_std,450,0.037261004137496154,0.012222140919507685,0.02100588195025921,0.06278807669878006,0.022350457776337863,0.026197453029453754,0.03321452438831329,0.05093451589345932,0.05636823456734419
init_tau0.1_single,train,cos_range,450,0.16955019548535347,0.07802429366843702,0.061990633606910706,0.3150142729282379,0.06973652727901936,0.09721513651311398,0.15292897820472717,0.2595394551753998,0.2883713796734809
init_tau0.1_single,train,logit_std,450,0.37261006398333446,0.12222141645478918,0.21005882322788239,0.6278808116912842,0.22350459173321724,0.2619745433330536,0.33214524388313293,0.5093451589345932,0.5636823654174804
init_tau0.1_single,train,logit_range,450,1.6955020584000482,0.7802429823936847,0.6199063062667847,3.1501429080963135,0.6973653376102448,0.9721513837575912,1.5292899012565613,2.5953946113586426,2.8837138891220087
init_tau0.1_single,train,H,450,3.01289082898034,0.09892071928203415,2.3006751537323,3.0700175762176514,2.8957112193107606,3.0199188590049744,3.034298300743103,3.0551074147224426,3.0668258666992188
init_tau0.1_single,train,H_norm,450,0.9810647481802317,0.009094181830239965,0.925859791927629,0.9931981273444427,0.9636778891111775,0.9779751828787272,0.9818957301180532,0.988565458041195,0.992165559993268
init_tau0.1_single,train,max_p,450,0.0927955029408137,0.03492409030215357,0.057979766279459,0.28804314136505127,0.06199288684874773,0.06835968792438507,0.07316232472658157,0.11957476288080215,0.15439877361059187
init_tau0.1_single,train,kl_uniform,450,0.05791215512747283,0.02677323264947227,0.0210248771406647,0.18423149605570055,0.024216586659097317,0.03498410613312686,0.055647784779214504,0.06807964474930728,0.11061524822210704
init_tau0.1_single,train,z_attn_minus_unif_abs,450,0.1468988051513831,0.07527237189619007,0.021144114434719086,0.46050071716308594,0.031231475807726384,0.07581913098692894,0.1712218001484871,0.19832492992281914,0.2471417926251888
init_tau0.1_single,train,z_attn_minus_unif_rel,450,0.16771136950701476,0.08308964557852706,0.023575617000460625,0.4179914593696594,0.0400570871308446,0.09234130196273327,0.18278662860393524,0.22410867735743523,0.30091585516929614
init_tau0.1_single,train,delta,450,0.0,0.0,0.0,0.0,0.0,0.0,0.0,0.0,0.0
init_tau0.1_single,train,delta_attn_minus_unif,450,0.0,0.0,0.0,0.0,0.0,0.0,0.0,0.0,0.0
init_tau0.1_single,train,nine_pairwise_L1_mean,0,,,,,,,,,
init_tau0.1_single,val,q_norm,352,11.52674315734343,0.5955473622967628,10.687067031860352,12.33288288116455,10.732018995285035,10.892510414123535,11.743070602416992,12.090653419494629,12.231705045700073
init_tau0.1_single,val,U_mean_norm,352,2.35674308646809,0.15352804838306316,2.082897424697876,2.6836204528808594,2.110297679901123,2.255568265914917,2.349959373474121,2.5058414936065674,2.61124587059021
init_tau0.1_single,val,e_type_norm,352,11.29245388507843,0.6325996311704167,10.635388374328613,11.999640464782715,10.635388374328613,10.635388374328613,11.147873878479004,11.999640464782715,11.999640464782715
init_tau0.1_single,val,S_cos_offdiag_mean,352,-0.020683704029744895,0.014727149701191183,-0.04828011617064476,0.011672782711684704,-0.044651057571172714,-0.03065110184252262,-0.024007579311728477,-0.01042898278683424,0.007060267962515354
init_tau0.1_single,val,U_cos_offdiag_mean,352,0.020679828750623776,0.016604308896546047,-0.010546976700425148,0.055472102016210556,-0.004862459900323298,0.007505558547563851,0.020329706370830536,0.03398607671260834,0.051386065781116486
init_tau0.1_single,val,query_cos_offdiag_mean,0,,,,,,,,,
init_tau0.1_single,val,cos_mean,352,0.06801080733368342,0.042676121282974114,0.015327331610023975,0.1745968759059906,0.025794280506670476,0.034278527833521366,0.06641100347042084,0.0776507556438446,0.16083853468298911
init_tau0.1_single,val,cos_std,352,0.032042639128948475,0.010144974047056627,0.02099827118217945,0.061455339193344116,0.02228393778204918,0.024613129906356335,0.027954877354204655,0.0353899197652936,0.05479508843272924
init_tau0.1_single,val,cos_range,352,0.1356121740219268,0.06683596329637508,0.0649416521191597,0.3109535574913025,0.06977792084217072,0.07831385545432568,0.1131715178489685,0.16383275762200356,0.27762300968170167
init_tau0.1_single,val,logit_std,352,0.320426411757415,0.10144974491200259,0.2099827229976654,0.6145534515380859,0.22283941507339478,0.2461313158273697,0.2795487940311432,0.35389919579029083,0.5479509264230727
init_tau0.1_single,val,logit_range,352,1.3561218267476016,0.6683596752629525,0.6494165658950806,3.1095356941223145,0.6977791786193848,0.7831386029720306,1.131715178489685,1.6383276879787445,2.7762301564216614
init_tau0.1_single,val,H,352,3.02424546060237,0.07309219033369348,2.5530786514282227,3.070035219192505,2.958983767032623,3.0198304653167725,3.0445616245269775,3.0604264736175537,3.066858744621277
init_tau0.1_single,val,H_norm,352,0.982888775605045,0.009020589371539073,0.957086963192542,0.9932038351194473,0.9650690551402272,0.9784103621567826,0.9862955761935784,0.9901556518706932,0.9921761965091213
init_tau0.1_single,val,max_p,352,0.09124181229113178,0.03160486895214547,0.05926968902349472,0.1674053966999054,0.06080552190542221,0.0673960167914629,0.07445140555500984,0.11372409202158451,0.149995768815279
init_tau0.1_single,val,kl_uniform,352,0.05267786739980735,0.027894604331868165,0.021007234165811184,0.13264601857438052,0.024183708737039213,0.030429297993325832,0.042151621302270126,0.06673448712601626,0.10797303349747622
init_tau0.1_single,val,z_attn_minus_unif_abs,352,0.11912154763492501,0.07458511793239621,0.021739289164543152,0.28491073846817017,0.030432803835719825,0.05191581789404154,0.09509073197841644,0.18989527970552444,0.23594364523887634
init_tau0.1_single,val,z_attn_minus_unif_rel,352,0.13995032431557775,0.08992349935372126,0.023646121844649315,0.36046701669692993,0.03534693159162998,0.059000927954912186,0.11753268539905548,0.2038610279560089,0.3069891035556793
init_tau0.1_single,val,delta,352,0.0,0.0,0.0,0.0,0.0,0.0,0.0,0.0,0.0
init_tau0.1_single,val,delta_attn_minus_unif,352,0.0,0.0,0.0,0.0,0.0,0.0,0.0,0.0,0.0
init_tau0.1_single,val,nine_pairwise_L1_mean,0,,,,,,,,,
init_tau0.69_nine,train,q_norm,4050,13.08116132736206,0.76084640672818,11.000178337097168,14.795945167541504,11.901711797714233,12.519565105438232,13.203904628753662,13.610164642333984,14.320476722717284
init_tau0.69_nine,train,U_mean_norm,4050,2.383122908274333,0.14241433536621914,2.0097546577453613,2.69270396232605,2.1527023315429688,2.275663137435913,2.3792686462402344,2.486344814300537,2.630418062210083
init_tau0.69_nine,train,e_type_norm,4050,11.260967572530111,0.5626654300752746,10.635388374328613,11.999640464782715,10.635388374328613,10.635388374328613,11.147873878479004,11.999640464782715,11.999640464782715
init_tau0.69_nine,train,S_cos_offdiag_mean,4050,-0.01812207160406817,0.014019014962703347,-0.05296400561928749,0.018668219447135925,-0.04044835641980171,-0.02753642201423645,-0.018965471535921097,-0.007557095028460026,0.003869198728352785
init_tau0.69_nine,train,U_cos_offdiag_mean,4050,0.023662551360482918,0.016316979342697376,-0.019326915964484215,0.06217576935887337,-0.00156003690790385,0.012639275752007961,0.023393888026475906,0.034924328327178955,0.05128410458564758
init_tau0.69_nine,train,query_cos_offdiag_mean,4050,0.7559901767306858,0.018781018732119698,0.7160018682479858,0.7865444421768188,0.724754810333252,0.7369333505630493,0.761941522359848,0.7715445160865784,0.7803527116775513
init_tau0.69_nine,train,cos_mean,4050,0.07654823426939626,0.054876771645388685,-0.0464167483150959,0.20343294739723206,-0.0055326089728623615,0.03496422711759806,0.06936328113079071,0.11779250204563141,0.17117612734436988
init_tau0.69_nine,train,cos_std,4050,0.03478381981245345,0.012221749439253887,0.014575455337762833,0.07656223326921463,0.019951675739139318,0.024618420284241438,0.03164411336183548,0.04346128832548857,0.059297821111977095
init_tau0.69_nine,train,cos_range,4050,0.15852156562477718,0.0746680729763256,0.04341520369052887,0.3649117648601532,0.06447820588946343,0.09391557238996029,0.14508063346147537,0.2139740101993084,0.3015506878495216
init_tau0.69_nine,train,logit_std,4050,0.050175204222309,0.017629713299758338,0.021024903282523155,0.11044002324342728,0.028780029993504288,0.03551174886524677,0.045646218582987785,0.06269234046339989,0.08553632982075214
init_tau0.69_nine,train,logit_range,4050,0.2286652811497082,0.10770771655537312,0.06262586265802383,0.5263804197311401,0.09300896897912025,0.13547198474407196,0.20927691459655762,0.30865470319986343,0.43498289585113525
init_tau0.69_nine,train,H,4050,3.0694787293304633,0.09033156511377848,2.4809415340423584,3.090806484222412,2.9436764240264894,3.0890342593193054,3.0899096727371216,3.0903956294059753,3.090625548362732
init_tau0.69_nine,train,H_norm,4050,0.9995676273457343,0.00027342533328934967,0.998004555130451,0.9999236603380689,0.9990076935743875,0.9993968258009391,0.9996507284211248,0.9997938277397374,0.9998658536897281
init_tau0.69_nine,train,max_p,4050,0.05127215747480039,0.006504633181291882,0.046801891177892685,0.10518339276313782,0.04740471225231886,0.048141869716346264,0.04902646690607071,0.05223652720451355,0.05903594065457582
init_tau0.69_nine,train,kl_uniform,4050,0.0013242547773495569,0.0008294162647302442,0.0002210974212535355,0.005118215035999629,0.00041365058197939675,0.0006341281630035667,0.0010735336042877464,0.0018578115202423362,0.0030528488852020527
init_tau0.69_nine,train,z_attn_minus_unif_abs,4050,0.023874930734228757,0.018232583050747063,0.0024549132212996483,0.07749297469854355,0.004020709078758955,0.008626118302345276,0.01607778761535883,0.04474147781729698,0.05153695121407509
init_tau0.69_nine,train,z_attn_minus_unif_rel,4050,0.02625435889336384,0.018541113370194436,0.002781132934615016,0.07951010018587112,0.004906129091978073,0.01067616418004036,0.020022674463689327,0.043444305658340454,0.058478567749261856
init_tau0.69_nine,train,delta,4050,0.0,0.0,0.0,0.0,0.0,0.0,0.0,0.0,0.0
init_tau0.69_nine,train,delta_attn_minus_unif,4050,0.0,0.0,0.0,0.0,0.0,0.0,0.0,0.0,0.0
init_tau0.69_nine,train,nine_pairwise_L1_mean,450,0.01692796832571427,0.0015014096507904987,0.013656745664775372,0.02131432294845581,0.014745590463280677,0.01585059054195881,0.016683382913470268,0.017878064420074224,0.019544367212802168
init_tau0.69_nine,val,q_norm,3168,13.031683553649922,0.8058578241383691,11.002089500427246,14.796409606933594,11.546736717224121,12.395813703536987,13.098649024963379,13.635257720947266,14.320391607284543
init_tau0.69_nine,val,U_mean_norm,3168,2.35674308646809,0.15352804838306316,2.082897424697876,2.6836204528808594,2.110297679901123,2.255568265914917,2.349959373474121,2.5058414936065674,2.61124587059021
init_tau0.69_nine,val,e_type_norm,3168,11.29245388507843,0.6325996311704167,10.635388374328613,11.999640464782715,10.635388374328613,10.635388374328613,11.147873878479004,11.999640464782715,11.999640464782715
init_tau0.69_nine,val,S_cos_offdiag_mean,3168,-0.020683704029744895,0.014727149701191185,-0.04828011617064476,0.011672782711684704,-0.044651057571172714,-0.03065110184252262,-0.024007579311728477,-0.01042898278683424,0.007060267962515354
init_tau0.69_nine,val,U_cos_offdiag_mean,3168,0.020679828750623776,0.016604308896546047,-0.010546976700425148,0.055472102016210556,-0.007355883717536926,0.007505558547563851,0.020329706370830536,0.03398607671260834,0.051386065781116486
init_tau0.69_nine,val,query_cos_offdiag_mean,3168,0.7539378013461828,0.02035876103342698,0.7166956067085266,0.7852659821510315,0.7264457941055298,0.7322744727134705,0.7616944313049316,0.77265864610672,0.7806797623634338
init_tau0.69_nine,val,cos_mean,3168,0.05968206681959463,0.04699198639887709,-0.039492808282375336,0.20119990408420563,-0.007230510702356695,0.028181176632642746,0.05404611863195896,0.08735007792711258,0.15788345783948893
init_tau0.69_nine,val,cos_std,3168,0.030624218923016217,0.010180193566935928,0.013177682645618916,0.07447091490030289,0.019312940537929535,0.02320624329149723,0.02762302104383707,0.03513467498123646,0.052907219529151873
init_tau0.69_nine,val,cos_range,3168,0.13201246266323846,0.06344314376140818,0.041147053241729736,0.36824071407318115,0.062387429550290106,0.08341963589191437,0.1113496758043766,0.16326281428337097,0.26669232100248336
init_tau0.69_nine,val,logit_std,3168,0.044175034423589214,0.014684795837336747,0.019008634611964226,0.1074233204126358,0.027858665212988853,0.03347470238804817,0.039845846593379974,0.05068130884319544,0.07631797455251212
init_tau0.69_nine,val,logit_range,3168,0.19042624764243196,0.09151590336592436,0.059354085475206375,0.5311824083328247,0.08999304547905922,0.12033172324299812,0.16062044352293015,0.23550447821617126,0.3847001671791076
init_tau0.69_nine,val,H,3168,3.0758689151267813,0.06996774134563676,2.634220600128174,3.0908617973327637,3.087591993808746,3.089579939842224,3.090197205543518,3.090472459793091,3.0906484007835386
init_tau0.69_nine,val,H_norm,3168,0.9996569765766795,0.00022570882231854708,0.9981672510737803,0.9999415549840294,0.9991645694689062,0.9995651310790791,0.9997386204429866,0.9998174687267498,0.9998743922126068
init_tau0.69_nine,val,max_p,3168,0.05081674125929824,0.004665153228132898,0.046762969344854355,0.07832957059144974,0.04734425786882639,0.04801936447620392,0.04905056953430176,0.05231214314699173,0.058412968739867205
init_tau0.69_nine,val,kl_uniform,3168,0.0010544128753962516,0.0006899935839727114,0.0001806560255523948,0.004836729487084579,0.0003866496778961448,0.0005623641706939964,0.0008004251219269065,0.001326851117276484,0.0025460102228650676
init_tau0.69_nine,val,z_attn_minus_unif_abs,3168,0.016053982673011804,0.014514828221126113,0.0025896348524838686,0.07152688503265381,0.003841428318992257,0.006383361294865608,0.010296829976141453,0.017918292433023453,0.048433177173137665
init_tau0.69_nine,val,z_attn_minus_unif_rel,3168,0.01813539572520478,0.014883746586042603,0.002984593855217099,0.071248859167099,0.004585697781294584,0.007867719978094101,0.012815027497708797,0.023271100595593452,0.05308450758457184
init_tau0.69_nine,val,delta,3168,0.0,0.0,0.0,0.0,0.0,0.0,0.0,0.0,0.0
init_tau0.69_nine,val,delta_attn_minus_unif,3168,0.0,0.0,0.0,0.0,0.0,0.0,0.0,0.0,0.0
init_tau0.69_nine,val,nine_pairwise_L1_mean,352,0.017092715967340733,0.0015786589519522153,0.014237840659916401,0.020688839256763458,0.014958797302097083,0.01582601387053728,0.016880203038454056,0.018078855704516172,0.02007526159286499
init_tau0.69_single,train,q_norm,450,11.583203171624078,0.5357263549405796,10.662385940551758,12.310261726379395,10.740859127044677,10.941898584365845,11.74656867980957,12.065581798553467,12.210781526565551
init_tau0.69_single,train,U_mean_norm,450,2.383122908274333,0.14241433536621914,2.0097546577453613,2.69270396232605,2.1527023315429688,2.2759410738945007,2.3792686462402344,2.4843865633010864,2.626998460292816
init_tau0.69_single,train,e_type_norm,450,11.260967572530111,0.5626654300752746,10.635388374328613,11.999640464782715,10.635388374328613,10.635388374328613,11.147873878479004,11.999640464782715,11.999640464782715
init_tau0.69_single,train,S_cos_offdiag_mean,450,-0.01812207160406817,0.014019014962703346,-0.05296400561928749,0.018668219447135925,-0.04036068841814995,-0.027491921558976173,-0.018965471535921097,-0.007616996997967362,0.00386919726151973
init_tau0.69_single,train,U_cos_offdiag_mean,450,0.023662551360482918,0.016316979342697376,-0.019326915964484215,0.06217576935887337,-0.0012129633571021238,0.012639275752007961,0.023393888026475906,0.034924326464533806,0.05121899731457233
init_tau0.69_single,train,query_cos_offdiag_mean,0,,,,,,,,,
init_tau0.69_single,train,cos_mean,450,0.08675454726442694,0.053187259018928984,0.01527511514723301,0.1839287430047989,0.024595687910914422,0.0372595451772213,0.07014475017786026,0.15237097814679146,0.16593999043107033
init_tau0.69_single,train,cos_std,450,0.037261004137496154,0.012222140919507685,0.02100588195025921,0.06278807669878006,0.022350457776337863,0.026197453029453754,0.03321452438831329,0.05093451589345932,0.05636823456734419
init_tau0.69_single,train,cos_range,450,0.16955019548535347,0.07802429366843702,0.061990633606910706,0.3150142729282379,0.06973652727901936,0.09721513651311398,0.15292897820472717,0.2595394551753998,0.2883713796734809
init_tau0.69_single,train,logit_std,450,0.05374851052545839,0.017630278313279044,0.03030071035027504,0.09057098627090454,0.03224024195224047,0.0377894826233387,0.04791150987148285,0.07347236759960651,0.08131043910980225
init_tau0.69_single,train,logit_range,450,0.24457393568423058,0.11254902108257167,0.08942067623138428,0.45440393686294556,0.10059402957558632,0.14023156464099884,0.22059804946184158,0.37438225746154785,0.4159719243645667
init_tau0.69_single,train,H,450,3.069322638511658,0.09034304461523149,2.482189178466797,3.090585708618164,2.9659751892089847,3.0886122584342957,3.089763879776001,3.0903201699256897,3.0905232071876525
init_tau0.69_single,train,H_norm,450,0.9995166140595694,0.00026981140956528816,0.9985950826699621,0.9998522360184164,0.9990861369146536,0.9992462091506956,0.9996058761080817,0.9997675064124356,0.9998320158398021
init_tau0.69_single,train,max_p,450,0.0515315377795034,0.0064492547774368525,0.04723009839653969,0.10143820941448212,0.04767843298614025,0.04859674535691738,0.04917656257748604,0.05295848473906517,0.05895412582904095
init_tau0.69_single,train,kl_uniform,450,0.0014803455961550159,0.0008186091663107789,0.00045674474015200417,0.0036035418029674027,0.0005192461706634788,0.0007172170378204612,0.0012173000074859885,0.002329284260415676,0.002806467125558497
init_tau0.69_single,train,z_attn_minus_unif_abs,450,0.02678778027391268,0.02035052470732555,0.0030859673861414194,0.08642464876174927,0.004545912402682007,0.009668614948168397,0.018078536726534367,0.0499406848102808,0.057344008982181546
init_tau0.69_single,train,z_attn_minus_unif_rel,450,0.02946379953995347,0.02069347572241076,0.0034408431965857744,0.08906665444374084,0.005690103489905596,0.011973622487857938,0.022668518126010895,0.048678457736968994,0.06549942381680011
init_tau0.69_single,train,delta,450,0.0,0.0,0.0,0.0,0.0,0.0,0.0,0.0,0.0
init_tau0.69_single,train,delta_attn_minus_unif,450,0.0,0.0,0.0,0.0,0.0,0.0,0.0,0.0,0.0
init_tau0.69_single,train,nine_pairwise_L1_mean,0,,,,,,,,,
init_tau0.69_single,val,q_norm,352,11.52674315734343,0.5955473622967628,10.687067031860352,12.33288288116455,10.732018995285035,10.892510414123535,11.743070602416992,12.090653419494629,12.231705045700073
init_tau0.69_single,val,U_mean_norm,352,2.35674308646809,0.15352804838306316,2.082897424697876,2.6836204528808594,2.110297679901123,2.255568265914917,2.349959373474121,2.5058414936065674,2.61124587059021
init_tau0.69_single,val,e_type_norm,352,11.29245388507843,0.6325996311704167,10.635388374328613,11.999640464782715,10.635388374328613,10.635388374328613,11.147873878479004,11.999640464782715,11.999640464782715
init_tau0.69_single,val,S_cos_offdiag_mean,352,-0.020683704029744895,0.014727149701191183,-0.04828011617064476,0.011672782711684704,-0.044651057571172714,-0.03065110184252262,-0.024007579311728477,-0.01042898278683424,0.007060267962515354
init_tau0.69_single,val,U_cos_offdiag_mean,352,0.020679828750623776,0.016604308896546047,-0.010546976700425148,0.055472102016210556,-0.004862459900323298,0.007505558547563851,0.020329706370830536,0.03398607671260834,0.051386065781116486
init_tau0.69_single,val,query_cos_offdiag_mean,0,,,,,,,,,
init_tau0.69_single,val,cos_mean,352,0.06801080733368342,0.042676121282974114,0.015327331610023975,0.1745968759059906,0.025794280506670476,0.034278527833521366,0.06641100347042084,0.0776507556438446,0.16083853468298911
init_tau0.69_single,val,cos_std,352,0.032042639128948475,0.010144974047056627,0.02099827118217945,0.061455339193344116,0.02228393778204918,0.024613129906356335,0.027954877354204655,0.0353899197652936,0.05479508843272924
init_tau0.69_single,val,cos_range,352,0.1356121740219268,0.06683596329637508,0.0649416521191597,0.3109535574913025,0.06977792084217072,0.07831385545432568,0.1131715178489685,0.16383275762200356,0.27762300968170167
init_tau0.69_single,val,logit_std,352,0.04622108705701645,0.014633992013232575,0.030289731919765472,0.08864852041006088,0.03214428946375847,0.0355041166767478,0.04032454639673233,0.05104949325323105,0.07904119715094565
init_tau0.69_single,val,logit_range,352,0.19561878496526994,0.0964100021032294,0.09367748349905014,0.4485464096069336,0.100653737783432,0.11296670697629452,0.16324841976165771,0.23632660880684853,0.40046755969524384
init_tau0.69_single,val,H,352,3.0757902853868226,0.06995279589957994,2.6356070041656494,3.090585947036743,3.0880499839782716,3.0895161032676697,3.090141773223877,3.0903998613357544,3.0905277132987976
init_tau0.69_single,val,H_norm,352,0.999631528188818,0.0002224317879308852,0.9986925917027684,0.9998523131505112,0.9991398131393255,0.9995465422442666,0.9997287475348704,0.999794796655382,0.9998334736363911
init_tau0.69_single,val,max_p,352,0.05097626505250281,0.0044643788977418285,0.04736022278666496,0.07745683193206787,0.047554582357406616,0.04830867797136307,0.04925559647381306,0.05304943770170212,0.055545792914927006
init_tau0.69_single,val,kl_uniform,352,0.0011330426153550821,0.0006807677327043895,0.0004565063215729026,0.003450325449608993,0.0005147400595184592,0.0006340685583587913,0.0008326116301056175,0.0014016571737762717,0.002658874104165676
init_tau0.69_single,val,z_attn_minus_unif_abs,352,0.01809998173716436,0.0162058764974124,0.0032930220477283,0.08021888881921768,0.0044978505698964,0.007185140973888338,0.011485601775348186,0.02021760167554021,0.05407630857080221
init_tau0.69_single,val,z_attn_minus_unif_rel,352,0.020451634656637907,0.01661956782184032,0.003581864992156625,0.07990707457065582,0.005225148983299732,0.008995498763397336,0.014294525608420372,0.026258569676429033,0.05911321360617875
init_tau0.69_single,val,delta,352,0.0,0.0,0.0,0.0,0.0,0.0,0.0,0.0,0.0
init_tau0.69_single,val,delta_attn_minus_unif,352,0.0,0.0,0.0,0.0,0.0,0.0,0.0,0.0,0.0
init_tau0.69_single,val,nine_pairwise_L1_mean,0,,,,,,,,,
tau0.1_nine,train,q_norm,4050,13.246305544582414,0.7522833999095668,11.102785110473633,15.11978816986084,11.975969266891479,12.701579093933105,13.323442459106445,13.727850914001465,14.638925600051879
tau0.1_nine,train,U_mean_norm,4050,2.6275739092297026,0.14460426166815132,2.270787239074707,2.9203989505767822,2.38935923576355,2.5220673084259033,2.6149407625198364,2.7289154529571533,2.8763647079467773
tau0.1_nine,train,e_type_norm,4050,11.279555002848307,0.5611467580756863,10.66640853881836,12.022439002990723,10.66640853881836,10.66640853881836,11.14981746673584,12.022439002990723,12.022439002990723
tau0.1_nine,train,S_cos_offdiag_mean,4050,-0.006654953898687381,0.01370541147312263,-0.04118911921977997,0.03119644895195961,-0.028475714847445488,-0.01628960855305195,-0.007138947490602732,0.004626716487109661,0.015538958832621574
tau0.1_nine,train,U_cos_offdiag_mean,4050,0.04694127597846091,0.017157478288692754,0.002524293027818203,0.0834842398762703,0.0208914615213871,0.03356225788593292,0.04612181708216667,0.058788470923900604,0.07790488749742508
tau0.1_nine,train,query_cos_offdiag_mean,4050,0.7568529277377658,0.017201018303888448,0.7158106565475464,0.7859118580818176,0.7272970676422119,0.7408475875854492,0.7614723443984985,0.7710059285163879,0.7794603109359741
tau0.1_nine,train,cos_mean,4050,0.0845728965440072,0.053912419816558046,-0.03582722321152687,0.21585984528064728,0.004989615362137556,0.043371737003326416,0.07737744227051735,0.12490777671337128,0.17704356238245963
tau0.1_nine,train,cos_std,4050,0.03499769944812597,0.013013527515048686,0.01518387533724308,0.0787992924451828,0.019926702603697777,0.0241951453499496,0.031095855869352818,0.04495041258633137,0.06096705384552478
tau0.1_nine,train,cos_range,4050,0.1583470756744529,0.07926013989276094,0.0447087362408638,0.3707217574119568,0.06497519761323929,0.08983059227466583,0.13862643390893936,0.22303171828389168,0.3094707816839218
tau0.1_nine,train,logit_std,4050,0.34695474572755675,0.12901148356954567,0.15052755177021027,0.7811881303787231,0.19754624366760254,0.2398620769381523,0.30827324092388153,0.44562240689992905,0.6044056564569473
tau0.1_nine,train,logit_range,4050,1.569796592887537,0.785756836296578,0.44322651624679565,3.675203800201416,0.6441410511732102,0.8905485570430756,1.3742931485176086,2.211057186126709,3.0679831862449647
tau0.1_nine,train,H,4050,3.0215692368848823,0.09826153891566516,2.2163331508636475,3.079575777053833,2.871242713928223,3.028895378112793,3.044639825820923,3.0621970891952515,3.071624183654785
tau0.1_nine,train,H_norm,4050,0.9839129681114367,0.009954834586858507,0.8919180730804249,0.9962903530192461,0.9662278800171461,0.9806969816689397,0.9853894669115941,0.9907327734859414,0.9937484725530307
tau0.1_nine,train,max_p,4050,0.08382232497779675,0.03300011013108708,0.05541355535387993,0.33859097957611084,0.05965353529900312,0.06437858007848263,0.07052801176905632,0.09054896794259548,0.1562400832772255
tau0.1_nine,train,kl_uniform,4050,0.049233747222930314,0.029946703716586122,0.011466676304483059,0.2685734989243529,0.019290858814859035,0.028512591431283596,0.0449201408125397,0.059283370087289455,0.10140958645176926
tau0.1_nine,train,z_attn_minus_unif_abs,4050,0.12338834451718463,0.06606794695713564,0.015481997281312943,0.33065158128738403,0.02787799760699272,0.06109346076846123,0.1325971782207489,0.1771542876958847,0.21299141645431519
tau0.1_nine,train,z_attn_minus_unif_rel,4050,0.1390205532974667,0.06876869514364134,0.018233420327305794,0.3120338022708893,0.03305261209607124,0.07377048581838608,0.15179197490215302,0.19357125461101532,0.2450871467590332
tau0.1_nine,train,delta,4050,0.01405328064536055,0.05936244066619871,-0.08001542091369629,0.08523428440093994,-0.07108067721128464,-0.06170448660850525,0.030740173533558846,0.07355254143476486,0.08179131150245667
tau0.1_nine,train,delta_attn_minus_unif,4050,-0.0005626999028027058,0.0007295959855345675,-0.003393888473510742,0.001844707876443863,-0.0017290934920310974,-0.0010257214307785034,-0.0005174055695533752,-6.709247827529907e-05,0.0005548745393753052
tau0.1_nine,train,nine_pairwise_L1_mean,450,0.11603637986712985,0.025229798917517914,0.07883743196725845,0.19041357934474945,0.08871124237775803,0.09544832073152065,0.10874451696872711,0.13143495842814445,0.16810587868094443
tau0.1_nine,val,q_norm,3168,13.201888265934857,0.7927346728394423,11.1029052734375,15.119775772094727,11.810062408447266,12.631808280944824,13.30526351928711,13.768731832504272,14.62646484375
tau0.1_nine,val,U_mean_norm,3168,2.5967607003721325,0.16079661209841287,2.3280863761901855,2.9561071395874023,2.32810640335083,2.4842700958251953,2.58286714553833,2.730794072151184,2.824136734008789
tau0.1_nine,val,e_type_norm,3168,11.315675112334164,0.6297316292128128,10.66640853881836,12.022439002990723,10.66640853881836,10.66640853881836,11.14981746673584,12.022439002990723,12.022439002990723
tau0.1_nine,val,S_cos_offdiag_mean,3168,-0.00954704602372658,0.014939417454404405,-0.037791360169649124,0.024635182693600655,-0.03147922456264496,-0.019433315843343735,-0.01215188205242157,0.0006352066993713379,0.01833244226872921
tau0.1_nine,val,U_cos_offdiag_mean,3168,0.04337248001088896,0.01777091513175236,0.011480963788926601,0.07986320555210114,0.017728732898831367,0.02854286879301071,0.04359435476362705,0.0584094263613224,0.073612742125988
tau0.1_nine,val,query_cos_offdiag_mean,3168,0.7551094493405386,0.018504879526282582,0.7168338298797607,0.7855502963066101,0.730205774307251,0.7357798367738724,0.7604207396507263,0.7720911502838135,0.7802646160125732
tau0.1_nine,val,cos_mean,3168,0.0679028066153772,0.045923592974484936,-0.02905452251434326,0.21286214888095856,0.002157821028959008,0.036244114860892296,0.06398022174835205,0.09159084036946297,0.16692921519279477
tau0.1_nine,val,cos_std,3168,0.030547924804550625,0.01057176069708364,0.013339020311832428,0.07679865509271622,0.019546909257769585,0.023221385665237904,0.027204729616642,0.034245580434799194,0.05478933919221162
tau0.1_nine,val,cos_range,3168,0.13035292353956124,0.06540669983731762,0.04050273448228836,0.3740442991256714,0.062167804688215256,0.0824909508228302,0.10825911909341812,0.15908236429095268,0.27386599481105806
tau0.1_nine,val,logit_std,3168,0.3028412628354448,0.10480467526141973,0.13223831355571747,0.7613546252250671,0.19378109276294708,0.23020855709910393,0.26969802379608154,0.33949851989746094,0.5431620121002196
tau0.1_nine,val,logit_range,3168,1.2922725281725176,0.6484187628365635,0.4015296995639801,3.708142042160034,0.6163094848394394,0.8177859783172607,1.073242425918579,1.5770859718322754,2.7150102615356446
tau0.1_nine,val,H,3168,3.03215701403943,0.07523583851851239,2.5373878479003906,3.0823161602020264,2.907600438594818,3.033121109008789,3.0537761449813843,3.064558982849121,3.07257080078125
tau0.1_nine,val,H_norm,3168,0.9854466734430345,0.009426386078315188,0.9254763024996941,0.9971769093152347,0.9666911430908661,0.9822521189614163,0.9883711237287065,0.9914774645768321,0.9940798243184681
tau0.1_nine,val,max_p,3168,0.08264140858470152,0.030126580031900177,0.055185526609420776,0.23521676659584045,0.05958155542612076,0.06363109312951565,0.07007336989045143,0.09063000977039337,0.1507027842104434
tau0.1_nine,val,kl_uniform,3168,0.04476631396274777,0.029066878395261845,0.0087262931562897,0.23035591275467837,0.018232673714303618,0.026314431736611965,0.03569527283451901,0.05412685305848086,0.10221422345414102
tau0.1_nine,val,z_attn_minus_unif_abs,3168,0.09622615845662287,0.0610030488174862,0.01697484217584133,0.2728953957557678,0.026079310104250908,0.042672302573919296,0.06948782876133919,0.16306179761886597,0.19365233182907104
tau0.1_nine,val,z_attn_minus_unif_rel,3168,0.11149414254627614,0.0687505046458626,0.019869364798069,0.27231788635253906,0.031087888404726982,0.05207050312310457,0.08637424185872078,0.1639084704220295,0.2411063313484192
tau0.1_nine,val,delta,3168,0.00894425053212961,0.06597600430542427,-0.07773572951555252,0.08886577188968658,-0.07211198657751083,-0.06328166089951992,0.03291485644876957,0.07590210810303688,0.08160669356584549
tau0.1_nine,val,delta_attn_minus_unif,3168,-0.0005335300864482468,0.0007112894810192522,-0.0025885291397571564,0.0011252686381340027,-0.0018275007605552673,-0.0009495019912719727,-0.0004300922155380249,-8.312799036502838e-05,0.0005149245262145996
tau0.1_nine,val,nine_pairwise_L1_mean,352,0.11855553427118469,0.022797940811043475,0.08287958055734634,0.17286130785942078,0.09078144989907741,0.0981619618833065,0.11714289337396622,0.13344942033290863,0.16485287249088287
tau0.1_single,train,q_norm,450,11.737512298160128,0.49442171710302507,10.875436782836914,12.41156005859375,10.979879808425903,11.16346263885498,11.874511241912842,12.192345142364502,12.335025548934937
tau0.1_single,train,U_mean_norm,450,2.627197415563795,0.1446012125786944,2.2703158855438232,2.9212920665740967,2.388077425956726,2.5227836966514587,2.6158199310302734,2.7301489114761353,2.8797366619110107
tau0.1_single,train,e_type_norm,450,11.279033660888672,0.560950873513827,10.665907859802246,12.021551132202148,10.665907859802246,10.665907859802246,11.149641990661621,12.021551132202148,12.021551132202148
tau0.1_single,train,S_cos_offdiag_mean,450,-0.006509442192166009,0.01369163836356663,-0.040967684239149094,0.03137654811143875,-0.028254058212041855,-0.016273770481348038,-0.006896605249494314,0.00466794241219759,0.015530811622738838
tau0.1_single,train,U_cos_offdiag_mean,450,0.047921135867428445,0.01728083195944409,0.0033994358964264393,0.08445800840854645,0.021837346255779266,0.03448602929711342,0.04738105461001396,0.05962064489722252,0.07882522605359553
tau0.1_single,train,query_cos_offdiag_mean,0,,,,,,,,,
tau0.1_single,train,cos_mean,450,0.09853283270365662,0.05202646339959904,0.0291739534586668,0.1966322809457779,0.039753650687634944,0.05164732504636049,0.08025509119033813,0.1635468490421772,0.17744745835661888
tau0.1_single,train,cos_std,450,0.03750237721949816,0.0141127964550269,0.020592492073774338,0.06723562628030777,0.022906512301415206,0.025892077945172787,0.030720388516783714,0.05459904298186302,0.05998195186257362
tau0.1_single,train,cos_range,450,0.16821584953202143,0.08842657109900758,0.06252607703208923,0.3361918330192566,0.0697854183614254,0.09059516713023186,0.13558173179626465,0.2775288447737694,0.30677967220544816
tau0.1_single,train,logit_std,450,0.37176933152808084,0.13990326254209542,0.204137921333313,0.6665215492248535,0.22707730308175086,0.2566738724708557,0.30453798174858093,0.5412523597478867,0.5946142941713333
tau0.1_single,train,logit_range,450,1.6675607864061992,0.8765920907638336,0.6198347806930542,3.3327438831329346,0.6917982548475266,0.8980898261070251,1.3440515995025635,2.7512046098709106,3.041174519062042
tau0.1_single,train,H,450,3.0215622075398763,0.09642593775787055,2.3597970008850098,3.0702426433563232,2.90544228553772,3.0276570916175842,3.0363073348999023,3.058799147605896,3.065726125240326
tau0.1_single,train,H_norm,450,0.983895404522639,0.005896192718692498,0.949652173487618,0.993270940041799,0.9768145261145603,0.9797945100409233,0.9824989416643191,0.9895687923284946,0.991809776636848
tau0.1_single,train,max_p,450,0.08214151061243481,0.02430778264556143,0.058299630880355835,0.2450924515724182,0.061061819456517695,0.06732882000505924,0.0715404711663723,0.09378572180867195,0.12339751571416854
tau0.1_single,train,kl_uniform,450,0.04924077656793643,0.017057841130893103,0.020799810001992824,0.1251096489029906,0.025316328117990138,0.03224330575242007,0.05270473538919718,0.06206142337098086,0.07115139395966492
tau0.1_single,train,z_attn_minus_unif_abs,450,0.12890913411974908,0.069474216848773,0.020047202706336975,0.36350932717323303,0.035095378011465075,0.06237294990569353,0.1336735188961029,0.18439507111907005,0.22717373743653294
tau0.1_single,train,z_attn_minus_unif_rel,450,0.1446257833350036,0.07059169944298373,0.025802694261074066,0.3237800896167755,0.0424281757324934,0.07721545919775963,0.15587729960680008,0.2009587176144123,0.25417166203260416
tau0.1_single,train,delta,450,0.01390369086008933,0.05916271207339173,-0.07994723320007324,0.08462277054786682,-0.07072483412921429,-0.06158804893493652,0.030591615475714207,0.0729842521250248,0.08124374113976954
tau0.1_single,train,delta_attn_minus_unif,450,-0.0005651489148537317,0.0007826210170672353,-0.0036467313766479492,0.0021015293896198273,-0.0017968511208891868,-0.00106075219810009,-0.000528138130903244,-4.254281520843506e-05,0.0006433067843317976
tau0.1_single,train,nine_pairwise_L1_mean,0,,,,,,,,,
tau0.1_single,val,q_norm,352,11.687408290126108,0.5498381919251654,10.896066665649414,12.506011962890625,10.952911376953125,11.103222608566284,11.85985517501831,12.21709942817688,12.3630530834198
tau0.1_single,val,U_mean_norm,352,2.596598581156947,0.16060230295725925,2.325679302215576,2.9545416831970215,2.329805338382721,2.48317289352417,2.584902286529541,2.733919858932495,2.826205253601074
tau0.1_single,val,e_type_norm,352,11.315057478167795,0.6295338175862071,10.665907859802246,12.021551132202148,10.665907859802246,10.665907859802246,11.149641990661621,12.021551132202148,12.021551132202148
tau0.1_single,val,S_cos_offdiag_mean,352,-0.009396651370314596,0.0149262377661803,-0.037619512528181076,0.02480906806886196,-0.031393423676490784,-0.019219642505049706,-0.012049821205437183,0.0008541486458852887,0.01841740682721138
tau0.1_single,val,U_cos_offdiag_mean,352,0.044351922086207196,0.017874899804735802,0.01243396382778883,0.08124926686286926,0.018345899879932404,0.0296938419342041,0.04476797580718994,0.05915846303105354,0.07443484663963318
tau0.1_single,val,query_cos_offdiag_mean,0,,,,,,,,,
tau0.1_single,val,cos_mean,352,0.08001913961594585,0.04134754021657615,0.029428677633404732,0.185328871011734,0.040791936405003074,0.049092636443674564,0.07489253580570221,0.08738774619996548,0.173038799315691
tau0.1_single,val,cos_std,352,0.03191272770477967,0.011136199749354692,0.01963120512664318,0.0658503919839859,0.022474151104688644,0.024859764147549868,0.02885543927550316,0.03219722956418991,0.05864870175719261
tau0.1_single,val,cos_range,352,0.13253447368995033,0.07127790358710448,0.06313350051641464,0.328497052192688,0.07005677483975888,0.0816560685634613,0.10904574394226074,0.14556345343589783,0.2971850335597992
tau0.1_single,val,logit_std,352,0.3163579016161913,0.11039560123849591,0.19460844993591309,0.6527894139289856,0.22279122471809387,0.2464403212070465,0.28605034947395325,0.3191782236099243,0.5813975036144257
tau0.1_single,val,logit_range,352,1.3138434460217303,0.7065935636634787,0.625856339931488,3.2564635276794434,0.694488263130188,0.8094745874404907,1.0809944868087769,1.4430025815963745,2.9460606575012207
tau0.1_single,val,H,352,3.0331667980009858,0.07246916469201287,2.547844648361206,3.07135009765625,3.0147111415863037,3.02912974357605,3.0516687631607056,3.060984194278717,3.0676381587982178
tau0.1_single,val,H_norm,352,0.9857643558705246,0.005262911317991597,0.9654374006087432,0.9936292186214812,0.9778036989492809,0.9805544415580134,0.987581676739891,0.9902756886930033,0.9924283490397647
tau0.1_single,val,max_p,352,0.08014551640107212,0.02024463457748182,0.059416379779577255,0.1316501498222351,0.06084364652633667,0.06620217673480511,0.0705544538795948,0.09638504683971405,0.11977167651057243
tau0.1_single,val,kl_uniform,352,0.0437565300011916,0.01606197276424023,0.019692355702066067,0.09121268125405235,0.023404294560098293,0.030058259079599026,0.0383515897490021,0.059696013043069485,0.06854134232773745
tau0.1_single,val,z_attn_minus_unif_abs,352,0.10133239961843091,0.06143957663928095,0.023997092619538307,0.29058322310447693,0.03390088155865669,0.04792964830994606,0.07262162491679192,0.17103281244635582,0.1988451652228832
tau0.1_single,val,z_attn_minus_unif_rel,352,0.11700197504515844,0.06790147431695533,0.028990471735596657,0.2894537150859833,0.038879744708538055,0.062376515939831734,0.08638481423258781,0.16421594470739365,0.2460070550441742
tau0.1_single,val,delta,352,0.008791638853091916,0.06575992797527448,-0.07762746512889862,0.08828819543123245,-0.07204977422952652,-0.06323093734681606,0.032738110050559044,0.07553401403129101,0.08121089413762092
tau0.1_single,val,delta_attn_minus_unif,352,-0.000539899779885838,0.0007606766865237426,-0.00290873646736145,0.0012478940188884735,-0.0019503120332956313,-0.0009604869410395622,-0.0004207007586956024,-2.5793910026550293e-05,0.0005760202184319495
tau0.1_single,val,nine_pairwise_L1_mean,0,,,,,,,,,
tau0.69_nine,train,q_norm,4050,13.24943118389742,0.7606751001174328,11.10338306427002,15.17319107055664,11.968899202346801,12.692798614501953,13.332704544067383,13.742816925048828,14.657510757446289
tau0.69_nine,train,U_mean_norm,4050,2.6700727452172175,0.14546999455106666,2.3059892654418945,2.963087320327759,2.4295637607574463,2.568372964859009,2.6576898097991943,2.7804086208343506,2.9175164699554443
tau0.69_nine,train,e_type_norm,4050,11.283273379007975,0.5636906540225015,10.668578147888184,12.030203819274902,10.668578147888184,10.668578147888184,11.15103816986084,12.030203819274902,12.030203819274902
tau0.69_nine,train,S_cos_offdiag_mean,4050,-0.004286539885346833,0.013944155586132823,-0.040104687213897705,0.03311236575245857,-0.026619862765073776,-0.014628930017352104,-0.005055275745689869,0.007264986634254456,0.018819503486156464
tau0.69_nine,train,U_cos_offdiag_mean,4050,0.052357937848816316,0.017299002122399355,0.006248150486499071,0.09051825851202011,0.02533973939716816,0.03868202865123749,0.051998404785990715,0.06438171118497849,0.08285583555698395
tau0.69_nine,train,query_cos_offdiag_mean,4050,0.7583995219071706,0.01748831881409437,0.7170076370239258,0.7870548963546753,0.7289870381355286,0.7419098615646362,0.7631655633449554,0.7725199460983276,0.7811429500579834
tau0.69_nine,train,cos_mean,4050,0.07134187234263821,0.054318584898855535,-0.05121806636452675,0.1951180249452591,-0.009612877247855067,0.030631751287728548,0.06386096403002739,0.11301807500422001,0.16578617244958876
tau0.69_nine,train,cos_std,4050,0.035198323948791736,0.011736583037460715,0.014796830713748932,0.07583273202180862,0.020411088410764933,0.025401178281754255,0.032975511625409126,0.043677520006895065,0.05806675646454095
tau0.69_nine,train,cos_range,4050,0.16061602637999586,0.07184377289568038,0.044334255158901215,0.35995328426361084,0.06576411463320256,0.0975530669093132,0.15297797322273254,0.214600071310997,0.2930665522813797
tau0.69_nine,train,logit_std,4050,0.050414456189322616,0.016810273453386208,0.021193457767367363,0.10861499607563019,0.02923474246636033,0.03638203162699938,0.04723072610795498,0.06255918368697166,0.08316883854568004
tau0.69_nine,train,logit_range,4050,0.23004986382928896,0.10290162549146517,0.0634998232126236,0.5155600309371948,0.09419374242424965,0.1397249698638916,0.2191099002957344,0.3073710501194,0.4197583734989166
tau0.69_nine,train,H,4050,3.0694619988806453,0.09033701612065013,2.48113751411438,3.0908169746398926,2.943593990802765,3.089027762413025,3.0898224115371704,3.0903658866882324,3.090610945224762
tau0.69_nine,train,H_norm,4050,0.9995621097616058,0.0002646258055295976,0.9980553072218367,0.9999270541502339,0.9990410146392793,0.9993975808864601,0.9996235393577582,0.9997845140393075,0.9998612681867008
tau0.69_nine,train,max_p,4050,0.05153957768906782,0.006676344963689655,0.046858932822942734,0.10672353208065033,0.047463114373385906,0.04821742605417967,0.04911261051893234,0.05272621940821409,0.060639911331236356
tau0.69_nine,train,kl_uniform,4050,0.0013409852271673557,0.0008016853950387588,0.00022547871842348854,0.004988038491810176,0.0004279540109309421,0.000661486694955471,0.0011593642927643089,0.0018482670596634554,0.0029471817709442404
tau0.69_nine,train,z_attn_minus_unif_abs,4050,0.02393693468067795,0.017270914551530236,0.002181844785809517,0.07391344010829926,0.003974671941250563,0.009244372136890888,0.017491979524493217,0.04296409338712692,0.05020684376358986
tau0.69_nine,train,z_attn_minus_unif_rel,4050,0.026422713513796527,0.01753659736058067,0.0024451781064271927,0.0774788036942482,0.004928282927721739,0.011559288948774338,0.021848250180482864,0.041990458965301514,0.056669969111680984
tau0.69_nine,train,delta,4050,0.015222139368868537,0.05912668343668359,-0.0784933790564537,0.08885568380355835,-0.07008407264947891,-0.059483084827661514,0.031025039963424206,0.07371018081903458,0.08334719389677048
tau0.69_nine,train,delta_attn_minus_unif,4050,-0.00010627161711454391,0.0001221465739841603,-0.0005220323801040649,0.00018331408500671387,-0.00033358484506607056,-0.00017896480858325958,-9.393692016601562e-05,-2.3402273654937744e-05,6.901472806930542e-05
tau0.69_nine,train,nine_pairwise_L1_mean,450,0.016585202525473304,0.0015128602591012454,0.01338947657495737,0.02117784693837166,0.014480398409068585,0.01545389462262392,0.0163001399487257,0.01753896940499544,0.01931036002933979
tau0.69_nine,val,q_norm,3168,13.203504856487717,0.8017424454620085,11.10358715057373,15.173186302185059,11.8400239944458,12.6213960647583,13.30463171005249,13.759114265441895,14.647283554077148
tau0.69_nine,val,U_mean_norm,3168,2.638691545210101,0.16312892373580432,2.35695743560791,3.0308642387390137,2.3777377605438232,2.5366740822792053,2.610403060913086,2.7593441009521484,2.877958297729492
tau0.69_nine,val,e_type_norm,3168,11.320088863372803,0.6324453860963054,10.668578147888184,12.030203819274902,10.668578147888184,10.668578147888184,11.15103816986084,12.030203819274902,12.030203819274902
tau0.69_nine,val,S_cos_offdiag_mean,3168,-0.0072490326042498054,0.015231810235962996,-0.03524604067206383,0.029980050399899483,-0.028795354068279266,-0.018599851056933403,-0.009733550250530243,0.0013563616666942835,0.02068796567618847
tau0.69_nine,val,U_cos_offdiag_mean,3168,0.04869928337972273,0.01799694678047175,0.017437130212783813,0.08718281239271164,0.02216341346502304,0.033801816403865814,0.048599958419799805,0.06305215880274773,0.07847177237272263
tau0.69_nine,val,query_cos_offdiag_mean,3168,0.7566020398993384,0.018857697803700002,0.7174856066703796,0.7871115207672119,0.7312624454498291,0.7370792031288147,0.7623188197612762,0.7741521745920181,0.7819768190383911
tau0.69_nine,val,cos_mean,3168,0.05467867576743803,0.04650399375097158,-0.04414612799882889,0.19234107434749603,-0.011745247803628444,0.021963071078062057,0.04817124456167221,0.0813157856464386,0.1505845993757248
tau0.69_nine,val,cos_std,3168,0.031271721290205744,0.010054206358911674,0.013000384904444218,0.07374590635299683,0.019894274510443212,0.023981490172445774,0.028297788463532925,0.03671084716916084,0.05210768058896065
tau0.69_nine,val,cos_range,3168,0.13566541816860514,0.06297355418954526,0.039023056626319885,0.363586962223053,0.06362189948558808,0.08583884686231613,0.11568855494260788,0.17313174158334732,0.2597932875156401
tau0.69_nine,val,logit_std,3168,0.04479039451307288,0.014400610346681882,0.018620414659380913,0.10562605410814285,0.028494509961456062,0.03434861823916435,0.040530839934945107,0.05258083809167147,0.07463368028402328
tau0.69_nine,val,logit_range,3168,0.1943131809021732,0.09019683711044094,0.05589261278510094,0.5207645297050476,0.0911254644393921,0.12294672429561615,0.16570037603378296,0.24797609075903893,0.37210116237401947
tau0.69_nine,val,H,3168,3.075833802497146,0.06996044405915065,2.6343438625335693,3.090869188308716,3.087733209133148,3.089496612548828,3.0901753902435303,3.090444564819336,3.090632438659668
tau0.69_nine,val,H_norm,3168,0.9996456189066453,0.00022655602877737172,0.9982139580566155,0.9999439460789638,0.9991521335588173,0.9995387519027064,0.9997320287975481,0.9998081164602726,0.9998685108903891
tau0.69_nine,val,max_p,3168,0.05109357961566385,0.004802502321288302,0.04667600244283676,0.07836723327636719,0.047423512861132625,0.048090677708387375,0.04918145760893822,0.05289358273148537,0.059232056699693204
tau0.69_nine,val,kl_uniform,3168,0.001089525505031417,0.0006933468422499337,0.00017326504960024636,0.004713467081689071,0.00040509135498965063,0.0005910936094757346,0.000821405956887844,0.0014245453573700217,0.0025811258055206563
tau0.69_nine,val,z_attn_minus_unif_abs,3168,0.016442472094654062,0.014022488022299332,0.0021619906183332205,0.06972294300794601,0.0037906647194176912,0.006760937627404928,0.011090847663581371,0.019652764312922955,0.0471329502761364
tau0.69_nine,val,z_attn_minus_unif_rel,3168,0.018651242601415353,0.014469364825533912,0.0025306495372205973,0.06945192813873291,0.004409088287502527,0.008559648878872395,0.014242487493902445,0.024352616630494595,0.05166712775826454
tau0.69_nine,val,delta,3168,0.010220935123718598,0.06573906177896728,-0.07631286978721619,0.09248768538236618,-0.0710693821310997,-0.06134788319468498,0.03315477445721626,0.07654965110123158,0.08297324925661087
tau0.69_nine,val,delta_attn_minus_unif,3168,-8.778719612481919e-05,0.00011254008834758973,-0.0005169995129108429,0.00017939135432243347,-0.00031176768243312836,-0.00015439093112945557,-6.709620356559753e-05,-1.1051073670387268e-05,6.345659494400024e-05
tau0.69_nine,val,nine_pairwise_L1_mean,352,0.016720390836284918,0.0015857235654702859,0.013867244124412537,0.020116696134209633,0.014637744426727295,0.015371841844171286,0.016486619599163532,0.017797639593482018,0.01969606988132
tau0.69_single,train,q_norm,450,11.75007997724745,0.5082611140962452,10.865538597106934,12.4456787109375,10.974257135391236,11.152556657791138,11.895688533782959,12.219622611999512,12.37173285484314
tau0.69_single,train,U_mean_norm,450,2.6691458055708144,0.14543688056733275,2.3055996894836426,2.9618587493896484,2.4284021854400635,2.5674023032188416,2.6571205854415894,2.7795998454093933,2.913534343242645
tau0.69_single,train,e_type_norm,450,11.28338368733724,0.5637973723171679,10.668667793273926,12.030508041381836,10.668667793273926,10.668667793273926,11.150975227355957,12.030508041381836,12.030508041381836
tau0.69_single,train,S_cos_offdiag_mean,450,-0.004270815592567993,0.013943031689808228,-0.04005653038620949,0.033138930797576904,-0.02639106065034866,-0.014466872904449701,-0.00503757200203836,0.00726079975720495,0.018761942163109772
tau0.69_single,train,U_cos_offdiag_mean,450,0.052505207669196856,0.01731859759909747,0.0064352103509008884,0.09070486575365067,0.025412527844309807,0.038812074810266495,0.05211382731795311,0.06447003595530987,0.08301746062934398
tau0.69_single,train,query_cos_offdiag_mean,0,,,,,,,,,
tau0.69_single,train,cos_mean,450,0.0811685238716503,0.052493755739662334,0.010356336832046509,0.17696045339107513,0.019929769914597273,0.03294550999999046,0.06373479962348938,0.1463862881064415,0.15971021875739097
tau0.69_single,train,cos_std,450,0.03778545887105995,0.011442516774796513,0.02092239446938038,0.06245464086532593,0.02295038802549243,0.027025199495255947,0.035565078258514404,0.05015989858657122,0.05523491892963648
tau0.69_single,train,cos_range,450,0.17218156450324587,0.07368757085431457,0.06514163315296173,0.3102186322212219,0.07069824412465095,0.10533435828983784,0.1659305989742279,0.25361742079257965,0.2812175691127777
tau0.69_single,train,logit_std,450,0.05411929023762544,0.016388867512382714,0.02996668592095375,0.08945242315530777,0.03287134096026421,0.0387076074257493,0.05093908682465553,0.07184292748570442,0.0791117675602436
tau0.69_single,train,logit_range,450,0.2466119071178966,0.1055411035407318,0.0933009535074234,0.44431939721107483,0.10125956311821938,0.15086809918284416,0.2376587837934494,0.3632507175207138,0.40278180241584777
tau0.69_single,train,H,450,3.0693014579349094,0.09034977581455506,2.4824283123016357,3.0905909538269043,2.965920913219452,3.0887016654014587,3.089589238166809,3.090275824069977,3.09050190448761
tau0.69_single,train,H_norm,450,0.9995096287366544,0.0002515223283028433,0.9986172983290118,0.9998539329244989,0.9991240743354107,0.9992674976088209,0.9995536962460461,0.9997526777672379,0.9998251240871444
tau0.69_single,train,max_p,450,0.05183170878224903,0.0066205378889481244,0.04720921814441681,0.10255150496959686,0.04766148701310158,0.04860710445791483,0.04930051229894161,0.053621238097548485,0.059458630159497254
tau0.69_single,train,kl_uniform,450,0.001501526172903334,0.0007610856671889704,0.0004514995314117698,0.0035465597625621292,0.0005405488707062034,0.0007559600569244651,0.0013645234800812034,0.002246553013467434,0.00269148976578677
tau0.69_single,train,z_attn_minus_unif_abs,450,0.026833648257888854,0.019350640108524532,0.0028080723714083433,0.08270154893398285,0.004609642992727459,0.010311905527487397,0.019589291885495186,0.04817932844161987,0.055773534439504134
tau0.69_single,train,z_attn_minus_unif_rel,450,0.02961696416967445,0.019655272006074358,0.0031469871755689383,0.08703625202178955,0.005671381903812289,0.012915455969050527,0.024454577825963497,0.04716284666210413,0.06349631026387215
tau0.69_single,train,delta,450,0.015215449823687473,0.05910256883018692,-0.07845301181077957,0.08878203481435776,-0.0697076179087162,-0.059467339888215065,0.031022734008729458,0.0736948512494564,0.08326648510992526
tau0.69_single,train,delta_attn_minus_unif,450,-0.00011897540961702665,0.0001372305767912294,-0.0005853325128555298,0.0002081543207168579,-0.0003745315596461296,-0.00020038709044456482,-0.00010444596409797668,-2.7021393179893494e-05,7.856599986553189e-05
tau0.69_single,train,nine_pairwise_L1_mean,0,,,,,,,,,
tau0.69_single,val,q_norm,352,11.698106895793568,0.5649730034030835,10.88782787322998,12.555005073547363,10.946353912353516,11.095911026000977,11.87968921661377,12.247437477111816,12.392254829406738
tau0.69_single,val,U_mean_norm,352,2.6377477273344994,0.16308939321773946,2.356299877166748,3.029784679412842,2.3770055770874023,2.535469889640808,2.609696865081787,2.7580792903900146,2.8769142627716064
tau0.69_single,val,e_type_norm,352,11.320247406309301,0.6325540848868123,10.668667793273926,12.030508041381836,10.668667793273926,10.668667793273926,11.150975227355957,12.030508041381836,12.030508041381836
tau0.69_single,val,S_cos_offdiag_mean,352,-0.007235548941521715,0.015233228976074074,-0.03524944931268692,0.02999797835946083,-0.028804566711187363,-0.018592752516269684,-0.009736370295286179,0.0013658793177455664,0.02070554718375206
tau0.69_single,val,U_cos_offdiag_mean,352,0.04883851498280736,0.018017305586263778,0.017579009756445885,0.08736312389373779,0.022238753736019135,0.0339258573949337,0.04874773882329464,0.0632601473480463,0.07861590385437012
tau0.69_single,val,query_cos_offdiag_mean,0,,,,,,,,,
tau0.69_single,val,cos_mean,352,0.06265655883841893,0.04196724178184585,0.010597283020615578,0.16779351234436035,0.02174152508378029,0.03027578955516219,0.05982310697436333,0.07158596068620682,0.15516778454184532
tau0.69_single,val,cos_std,352,0.03285281055882065,0.009812894718654345,0.021189168095588684,0.06118207424879074,0.022816162556409836,0.02493409439921379,0.029197444207966328,0.03777649253606796,0.05382256843149662
tau0.69_single,val,cos_range,352,0.1398088138508187,0.06565018452863705,0.06751582026481628,0.30395716428756714,0.07183226756751537,0.07900941371917725,0.11949509382247925,0.17687074467539787,0.2717092171311378
tau0.69_single,val,logit_std,352,0.047054365430746904,0.014054795469363385,0.03034878335893154,0.08762975037097931,0.03267909213900566,0.03571256250143051,0.04181886464357376,0.054106444120407104,0.0770888939499855
tau0.69_single,val,logit_range,352,0.20024512100710787,0.09402933019248781,0.09670142829418182,0.43535125255584717,0.10288379453122616,0.11316346563398838,0.17115022242069244,0.2533281072974205,0.3891631916165352
tau0.69_single,val,H,352,3.075746828182177,0.06994546694386233,2.6356558799743652,3.090578317642212,3.088148033618927,3.089461326599121,3.0901124477386475,3.0903907418251038,3.090510368347168
tau0.69_single,val,H_norm,352,0.9996174549367574,0.00021510110195821567,0.9987111118797146,0.9998498449234821,0.9991689266484539,0.9994975826471831,0.9997104672284367,0.9997932190544884,0.9998278622765048
tau0.69_single,val,max_p,352,0.05127225457478992,0.004591623678871396,0.047348156571388245,0.07755964249372482,0.04755883682519198,0.04828569386154413,0.049474528059363365,0.05406011641025543,0.05620257928967476
tau0.69_single,val,kl_uniform,352,0.0011764998200004123,0.0006584699356843343,0.0004641357161041526,0.0034014496408931727,0.0005320850111480979,0.000633412907266262,0.0008813800718203701,0.0015529933668609885,0.002568883011483791
tau0.69_single,val,z_attn_minus_unif_abs,352,0.018490726781733843,0.015702091093629585,0.002850811928510666,0.07840424031019211,0.004283388890326023,0.007702281698584557,0.012490156572312117,0.02209733985364437,0.052572752721607684
tau0.69_single,val,z_attn_minus_unif_rel,352,0.02097109287437475,0.016202164518893645,0.0033369276206940413,0.07809948176145554,0.005251166364178062,0.009260513819754124,0.015939773991703987,0.027308982331305742,0.057149322889745224
tau0.69_single,val,delta,352,0.010218646358804439,0.06571334659002816,-0.07627495378255844,0.09241539239883423,-0.0710325613617897,-0.06133575737476349,0.03314442001283169,0.07654076628386974,0.08288911506533622
tau0.69_single,val,delta_attn_minus_unif,352,-9.851825995032083e-05,0.00012653300949203153,-0.0005815476179122925,0.0002034008502960205,-0.0003485388122498989,-0.00017391890287399292,-7.402896881103516e-05,-1.2328848242759705e-05,7.104873657226562e-05
tau0.69_single,val,nine_pairwise_L1_mean,0,,,,,,,,,
