pair,split,metric,n,mean,std,min,max,p05,p25,p50,p75,p95
tau0.1_single|tau0.1_nine,train,z_diff,450,0.01213918031581367,0.00525936369662701,0.001686129136942327,0.03316979110240936,0.004787669843062759,0.009062231052666903,0.01129722036421299,0.014572842279449105,0.022251611202955244
tau0.1_single|tau0.1_nine,train,z_norm,450,0.8914391142792172,0.22692281198933859,0.6470668315887451,2.3406291007995605,0.6907839119434357,0.7327936142683029,0.8246319591999054,0.9657972157001495,1.271806401014328
tau0.1_single|tau0.1_nine,train,pred_diff,450,-0.00014958978527122074,0.00021569386060843446,-0.0006626397371292114,0.0002479143440723419,-0.00047872439026832583,-0.0003462228924036026,-0.00015011150389909744,7.148459553718567e-05,0.0001510804519057273
tau0.1_single|tau0.1_nine,val,z_diff,352,0.012233153046426278,0.005930568222616498,0.0020715610589832067,0.03154945373535156,0.003919062204658985,0.008336895611137152,0.0116350706666708,0.014500743011012673,0.022909224033355713
tau0.1_single|tau0.1_nine,val,z_norm,352,0.8672085565260865,0.19440244706581855,0.6497668027877808,2.266148328781128,0.6931274652481079,0.7533746063709259,0.8170915246009827,0.939089834690094,1.1262578964233398
tau0.1_single|tau0.1_nine,val,pred_diff,352,-0.00015261167903769422,0.00022849933003103457,-0.0005775764584541321,0.00019621476531028748,-0.00047349967062473294,-0.00037602614611387253,-0.00015651993453502655,7.202289998531342e-05,0.00014588609337806702
tau0.69_single|tau0.69_nine,train,z_diff,450,0.002922845867320171,0.002065250952661754,0.0003202444058842957,0.009056351147592068,0.0006250161939533427,0.0010762398887891322,0.0021344993729144335,0.005238966434262693,0.006017549498938023
tau0.69_single|tau0.69_nine,train,z_norm,450,0.8809197999371423,0.20350420720430162,0.6895883083343506,2.1958537101745605,0.7185081422328949,0.7479065358638763,0.8083150684833527,0.9401460289955139,1.206893593072891
tau0.69_single|tau0.69_nine,train,pred_diff,450,-6.689545181062487e-06,2.8923908184432223e-05,-8.716434240341187e-05,4.828721284866333e-05,-4.72736544907093e-05,-2.874620258808136e-05,-1.3267621397972107e-05,2.1039508283138275e-05,4.008859395980834e-05
tau0.69_single|tau0.69_nine,val,z_diff,352,0.002090623340832694,0.0016705044645392137,0.0003602700890041888,0.008681298233568668,0.0005441015731776133,0.0009186207171296701,0.0014051103498786688,0.002454008674249053,0.005705571244470775
tau0.69_single|tau0.69_nine,val,z_norm,352,0.8607596104795282,0.17623115252973315,0.6876792907714844,2.1478633880615234,0.7180411398410798,0.7616930156946182,0.8111444711685181,0.9079253524541855,1.149000310897827
tau0.69_single|tau0.69_nine,val,pred_diff,352,-2.2887649141590702e-06,2.984216614717832e-05,-7.22929835319519e-05,4.819035530090332e-05,-4.734434187412262e-05,-2.7412548661231995e-05,-5.589798092842102e-06,2.5671906769275665e-05,3.913380205631256e-05
