run,tau,metric,n,mean,std,min,max,p05,p25,p50,p75,p95
tau0.1_nine,0.01,H,3168,1.403665348429515,0.8501508596195725,7.779763109283522e-06,2.7362992763519287,0.0023544812924228614,0.4647463262081146,1.7335090637207031,2.0900896191596985,2.3303984284400934
tau0.1_nine,0.01,H_norm,3168,0.45701242425945654,0.27668710449332923,2.5168735876891837e-06,0.8852351003393789,0.0007617110822482541,0.15035261832239896,0.5643532839967259,0.6815704301693192,0.755616987080025
tau0.1_nine,0.01,max_p,3168,0.5281008385342894,0.3086543225299027,0.11101970076560974,0.9999995231628418,0.1878434270620346,0.2666333094239235,0.3899186700582504,0.9163834452629089,0.9997913002967834
tau0.1_nine,0.01,delta,3168,0.004981203650293703,0.06683040553404805,-0.08257658779621124,0.08443475514650345,-0.07537777721881866,-0.06848762556910515,0.031074886210262775,0.06930134631693363,0.07889244705438614
tau0.1_nine,0.01,manual_vs_impl_maxerr,3168,3.5762786865234375e-07,9.16369098169574e-08,2.384185791015625e-07,4.76837158203125e-07,2.384185791015625e-07,2.980232238769531e-07,2.980232238769531e-07,4.76837158203125e-07,4.76837158203125e-07
tau0.1_nine,0.03,H,3168,2.546612042952517,0.5349700885114533,0.3017834424972534,2.9976112842559814,1.1799015998840332,2.5262367725372314,2.772979736328125,2.8524597883224487,2.913787055015564
tau0.1_nine,0.03,H_norm,3168,0.8279704769796871,0.17356511907248962,0.09763160715226529,0.969773572989648,0.38171640075732666,0.8393259426183045,0.8995422168791832,0.9239249253968321,0.9432104057183232
tau0.1_nine,0.03,max_p,3168,0.2474423428724586,0.21170360300726052,0.07214799523353577,0.9568889141082764,0.09596362486481666,0.115126121789217,0.14732350409030914,0.2799460217356682,0.7718607187271118
tau0.1_nine,0.03,delta,3168,0.007102414187763564,0.06650180582162667,-0.08006119728088379,0.0843530222773552,-0.07222159951925278,-0.06695263832807541,0.03209986537694931,0.07343638688325882,0.07973812520503998
tau0.1_nine,0.03,manual_vs_impl_maxerr,3168,1.3681975277987393e-07,3.907410963517957e-08,7.450580596923828e-08,1.7881393432617188e-07,7.450580596923828e-08,1.043081283569336e-07,1.4901161193847656e-07,1.7881393432617188e-07,1.7881393432617188e-07
tau0.1_nine,0.1,H,3168,3.031361899968952,0.07545796597657227,2.536280393600464,3.0821642875671387,2.903266191482544,3.032288908958435,3.0531123876571655,3.064094066619873,3.072253942489624
tau0.1_nine,0.1,H_norm,3168,0.9851884275665418,0.009639981589502494,0.9236571420472064,0.9971277761709382,0.9659650215517641,0.9820458484572796,0.9881661837532025,0.9913257650296652,0.9939777708440273
tau0.1_nine,0.1,max_p,3168,0.08306273322839365,0.030568184913290157,0.055274613201618195,0.23812493681907654,0.059711527079343796,0.0637989193201065,0.07031893357634544,0.09114361926913261,0.15214539021253576
tau0.1_nine,0.1,delta,3168,0.008938969679134474,0.06597738141105743,-0.0777411013841629,0.08883937448263168,-0.07211249321699142,-0.06329501792788506,0.03291409648954868,0.07590369693934917,0.08160676807165146
tau0.1_nine,0.1,manual_vs_impl_maxerr,3168,2.6415694843639027e-08,1.0709456625880096e-08,1.4901161193847656e-08,4.470348358154297e-08,1.4901161193847656e-08,1.4901161193847656e-08,2.9802322387695312e-08,2.9802322387695312e-08,4.470348358154297e-08
tau0.1_nine,0.69,H,3168,3.0758763126502133,0.07000822316408484,2.6338999271392822,3.090855598449707,3.0874556183815,3.0896958112716675,3.0902299880981445,3.090470790863037,3.090638852119446
tau0.1_nine,0.69,H_norm,3168,0.9996590457632355,0.0002354981525327546,0.9980457406445474,0.9999395495495683,0.9991183472773826,0.9995957718036815,0.9997461408222156,0.9998160803490459,0.9998700265360491
tau0.1_nine,0.69,max_p,3168,0.050298219567842105,0.004512140851956947,0.046813108026981354,0.07849651575088501,0.04742399081587791,0.047954059205949306,0.048716895282268524,0.050997582264244556,0.05765048656612619
tau0.1_nine,0.69,delta,3168,0.009401081050534478,0.06589371329441118,-0.07738890498876572,0.09094493091106415,-0.07203201949596405,-0.06253714114427567,0.03293097764253616,0.07580041699111462,0.08190138638019562
tau0.1_nine,0.69,manual_vs_impl_maxerr,3168,1.0837208140980114e-08,2.4886528295378568e-09,7.450580596923828e-09,1.4901161193847656e-08,7.450580596923828e-09,7.450580596923828e-09,1.1175870895385742e-08,1.1175870895385742e-08,1.4901161193847656e-08
tau0.1_single,0.01,H,352,1.3718685090134386,0.8088353962119462,0.006407857872545719,2.357215642929077,0.02107567898929119,0.3171853646636009,1.738604187965393,1.9118144810199738,2.263005018234253
tau0.1_single,0.01,H_norm,352,0.4467219227011642,0.2634081560191963,0.0020730410433489168,0.7625956868913398,0.006818307838636495,0.10261436698127178,0.562465321715804,0.6249415741308214,0.7321170939517742
tau0.1_single,0.01,max_p,352,0.5293122587979517,0.3015659823296598,0.18348784744739532,0.9994015693664551,0.1985449194908142,0.2753918319940567,0.4074202626943588,0.9463124573230743,0.9977311491966248
tau0.1_single,0.01,delta,352,0.004467718872051178,0.06691060764145909,-0.08364276587963104,0.08550690114498138,-0.0778946653008461,-0.06951615028083324,0.030993802472949028,0.0676005445420742,0.07931899987161159
tau0.1_single,0.01,manual_vs_impl_maxerr,352,2.89895317771218e-07,1.0938335135951015e-07,2.086162567138672e-07,4.76837158203125e-07,2.086162567138672e-07,2.086162567138672e-07,2.384185791015625e-07,4.470348358154297e-07,4.76837158203125e-07
tau0.1_single,0.03,H,352,2.5894862200048836,0.3396990148739197,1.584540843963623,2.8936665058135986,1.8750234603881837,2.363156318664551,2.757934808731079,2.811991333961487,2.877636432647705
tau0.1_single,0.03,H_norm,352,0.8417833960871506,0.10970206284215137,0.5126234491674715,0.9361458308894222,0.6065990644518752,0.8087498547110924,0.8926524310899847,0.9097226506566904,0.9309598545051517
tau0.1_single,0.03,max_p,352,0.2330184880940413,0.1650412309504436,0.09532807022333145,0.6678611040115356,0.10033077225089074,0.12744894996285439,0.14893697202205658,0.3297918289899826,0.576812207698822
tau0.1_single,0.03,delta,352,0.006968212726695294,0.06631362078844144,-0.08041934669017792,0.08417043089866638,-0.07217607051134109,-0.06664800643920898,0.031974708661437035,0.07307609356939793,0.07921217828989029
tau0.1_single,0.03,manual_vs_impl_maxerr,352,1.043081283569336e-07,4.712160915387242e-08,2.9802322387695312e-08,1.7881393432617188e-07,2.9802322387695312e-08,7.450580596923828e-08,1.1920928955078125e-07,1.1920928955078125e-07,1.7881393432617188e-07
tau0.1_single,0.1,H,352,3.032428718426011,0.07252099602422171,2.546771287918091,3.0709989070892334,3.0130960941314697,3.028227388858795,3.051034092903137,3.0604519844055176,3.067241907119751
tau0.1_single,0.1,H_norm,352,0.9855244079470302,0.005350404385881854,0.9650306794545378,0.9935156030460514,0.9773819175160674,0.980214674681049,0.9873702576684359,0.990103510574705,0.9923001554984446
tau0.1_single,0.1,max_p,352,0.08052069185809656,0.02051576514934256,0.059544242918491364,0.13279174268245697,0.0609845407307148,0.06639908626675606,0.07079961523413658,0.09679882973432541,0.1207218125462532
tau0.1_single,0.1,delta,352,0.008786671450996602,0.06576109873553394,-0.077632836997509,0.0882616639137268,-0.07205066829919815,-0.0632398035377264,0.03273725509643555,0.07552996836602688,0.0812116727232933
tau0.1_single,0.1,manual_vs_impl_maxerr,352,1.693313772028143e-08,3.3182037727171427e-09,1.4901161193847656e-08,2.2351741790771484e-08,1.4901161193847656e-08,1.4901161193847656e-08,1.4901161193847656e-08,2.2351741790771484e-08,2.2351741790771484e-08
tau0.1_single,0.69,H,352,3.075797489420934,0.0700169987967814,2.6351113319396973,3.090635299682617,3.0876516819000246,3.0898975133895874,3.0901514291763306,3.0903923511505127,3.090515613555908
tau0.1_single,0.69,H_norm,352,0.9996333420387942,0.00025459547795227415,0.9985047700058353,0.9998682794941052,0.9990226494875414,0.9996397949467071,0.9997172162867192,0.9997896818896496,0.9998295591825873
tau0.1_single,0.69,max_p,352,0.05021865625696426,0.004286783935657401,0.04740326851606369,0.07769899815320969,0.04759915918111801,0.048226489685475826,0.04881840944290161,0.05159896519035101,0.053531479090452194
tau0.1_single,0.69,delta,352,0.009247862056575039,0.06568378277042446,-0.07727118581533432,0.09043257683515549,-0.07193130999803543,-0.0624920018017292,0.03275000862777233,0.07540609315037727,0.08145052865147591
tau0.1_single,0.69,manual_vs_impl_maxerr,352,6.773255088112571e-09,1.4368243810532057e-09,3.725290298461914e-09,7.450580596923828e-09,3.725290298461914e-09,7.450580596923828e-09,7.450580596923828e-09,7.450580596923828e-09,7.450580596923828e-09
tau0.69_nine,0.01,H,3168,1.1805190335189668,0.9148969340607284,9.95102936940384e-07,2.732675313949585,0.00025951856514438987,0.05581440031528473,1.5341047048568726,2.0151349902153015,2.3168978691101074
tau0.69_nine,0.01,H_norm,3168,0.3847682313275245,0.29819090189947994,3.2193117757384323e-07,0.8840626925005909,8.395826620318058e-05,0.01805682101022075,0.5028685338731638,0.6584702322747745,0.75633433484336
tau0.69_nine,0.01,max_p,3168,0.6070127108491806,0.32674155332755783,0.11492548882961273,1.0,0.1955241344869137,0.29240932315588,0.49182505905628204,0.9929872006177902,0.9999814033508301
tau0.69_nine,0.01,delta,3168,0.005265674917609431,0.06580045091080049,-0.0792345404624939,0.08518924564123154,-0.07325467467308044,-0.06755205057561398,0.031160658225417137,0.06906577944755554,0.07821855694055557
tau0.69_nine,0.01,manual_vs_impl_maxerr,3168,3.142790360884233e-07,1.1249314379706542e-07,2.384185791015625e-07,5.066394805908203e-07,2.384185791015625e-07,2.384185791015625e-07,2.384185791015625e-07,4.76837158203125e-07,5.066394805908203e-07
tau0.69_nine,0.03,H,3168,2.348624291467584,0.7335065896566428,0.15295915305614471,3.0046849250793457,0.695641040802002,2.1321229934692383,2.718730330467224,2.8410441875457764,2.9080641746520994
tau0.69_nine,0.03,H_norm,3168,0.7639147612232682,0.23875050232268358,0.04948464971419581,0.9720620051060296,0.22505062654387384,0.6897747364009047,0.8869134175870228,0.9203441643174944,0.9412612661165238
tau0.69_nine,0.03,max_p,3168,0.3206924948808408,0.26988091454672647,0.07311008870601654,0.9801384210586548,0.09706950187683105,0.12211639806628227,0.16739366948604584,0.4864800423383713,0.8796592950820923
tau0.69_nine,0.03,delta,3168,0.0072425392149439586,0.0658451447039642,-0.07780669629573822,0.08399401605129242,-0.07154180109500885,-0.06603357195854187,0.03205404058098793,0.07188919372856617,0.08010895550251007
tau0.69_nine,0.03,manual_vs_impl_maxerr,3168,1.6662207516756924e-07,4.9551349223125743e-08,8.940696716308594e-08,2.384185791015625e-07,8.940696716308594e-08,1.043081283569336e-07,1.7881393432617188e-07,1.7881393432617188e-07,2.384185791015625e-07
tau0.69_nine,0.1,H,3168,3.0186835846515616,0.0838002352245455,2.537644386291504,3.082685947418213,2.8515953421592712,3.0159895420074463,3.047450542449951,3.062333345413208,3.071212446689606
tau0.69_nine,0.1,H_norm,3168,0.9810913698922503,0.0166349299445316,0.8886623878333726,0.997296541194048,0.9509506422700015,0.9792688423703162,0.9865673949720233,0.9909018663204534,0.9936651428945678
tau0.69_nine,0.1,max_p,3168,0.09547733534668394,0.04509114967423718,0.0543067492544651,0.28862646222114563,0.06003077458590269,0.06523888185620308,0.0746886394917965,0.1105430368334055,0.18638421595096588
tau0.69_nine,0.1,delta,3168,0.009614843753462827,0.06574164584443058,-0.07649793475866318,0.08907926082611084,-0.0711311623454094,-0.062268149107694626,0.03318646736443043,0.07639398612082005,0.0824207067489624
tau0.69_nine,0.1,manual_vs_impl_maxerr,3168,3.047964789650657e-08,1.4715276646614366e-08,1.4901161193847656e-08,5.960464477539063e-08,1.4901161193847656e-08,2.2351741790771484e-08,2.9802322387695312e-08,2.9802322387695312e-08,5.960464477539063e-08
tau0.69_nine,0.69,H,3168,3.0758079529711693,0.0699606399578143,2.6342411041259766,3.09086537361145,3.087662661075592,3.0894598364830017,3.090154767036438,3.090430736541748,3.090623128414154
tau0.69_nine,0.69,H_norm,3168,0.9996372123530586,0.0002317381531917759,0.9981750205138651,0.9999427119654493,0.9991329434039828,0.9995274906168864,0.9997256140579107,0.9998035078176168,0.9998653986103697
tau0.69_nine,0.69,max_p,3168,0.05115464793969736,0.004826266841776264,0.046690575778484344,0.07844897359609604,0.04744717683643103,0.04812241718173027,0.04922694340348244,0.052987935952842236,0.05936104226857422
tau0.69_nine,0.69,delta,3168,0.010219895249147985,0.06573901773584932,-0.07631302624940872,0.09248305857181549,-0.07106957584619522,-0.06135008856654167,0.0331543143838644,0.07655037008225918,0.08297207206487656
tau0.69_nine,0.69,manual_vs_impl_maxerr,3168,8.466568860140715e-09,1.6591018863585716e-09,7.450580596923828e-09,1.1175870895385742e-08,7.450580596923828e-09,7.450580596923828e-09,7.450580596923828e-09,1.1175870895385742e-08,1.1175870895385742e-08
